slug,aliases,name,primaryMuscles,secondaryMuscles,equipment,movementPattern,difficulty,durationSeconds,tags,benefits,useCases,instructions,commonMistakes,shortDescription,longDescription,posterFile,videoFile
abdominals-stretch-variation-four,,Abdominals Stretch Variation Four,Core,,Stability Ball,Mobility,beginner,9.6,abdominals stretch; stability ball stretch; core mobility; back extension; stretching; stability ball,Uses the stability ball to support a gradual stretch through the front of the core.; Encourages controlled spinal extension while the feet stay planted for balance.; Opens the chest and abdomen across the ball's curved surface.,Stability-ball mobility sessions in fitness apps; Supported cooldowns after core or pressing workouts; Guided recovery flows for gym and home-training programs; Equipment-specific stretching demonstrations for coaching platforms,1. Sit just in front of a large stability ball with your feet planted about hip-width apart. ; 2. Lean back and position the ball beneath your lower-to-mid back while keeping your knees bent. ; 3. Let your upper back follow the curve of the ball as you extend the torso and open the front of the abdomen. ; 4. Keep both feet grounded and breathe slowly while the ball supports the extended position. ; 5. Use your core to bring the torso back toward neutral without rolling abruptly off the ball. ; 6. Reset the ball under your back before repeating each controlled extension.,"Placing the ball too high or too low to support the lower-to-mid back.; Letting the feet slide or lifting the heels, which makes the supported position unstable.; Dropping over the ball abruptly instead of extending with control.; Holding the breath or forcing a deeper arch than feels comfortable.",A stability-ball abdominal stretch that supports the spine through a controlled supine back extension.,"This abdominal stretch uses a large stability ball to support the back while the torso extends over its curved surface. With the feet planted and the ball beneath the spine, the body can open through the front of the core without relying on the arms to hold the position.

For app and content use, this clip fits stability-ball mobility sessions, post-core cooldowns, and guided recovery flows. The supported setup also gives coaches a clear visual for teaching controlled spinal extension with dedicated equipment.",posters/abdominals-stretch-variation-four.webp,abdominals-stretch-variation-four.mp4
abdominals-stretch-variation-one,,Abdominals Stretch Variation One,Core,,Bodyweight,Mobility,beginner,8,abdominals stretch; cobra stretch; core mobility; spinal extension; stretching; bodyweight,Releases tension in the front of the core after heavy ab training.; Opens up the chest and improves overhead posture.; Resets the breath and prepares the body for the next exercise.,Warm-up sequences in mobility-focused fitness apps; Cooldown flows after core or strength workouts; Recovery and posture-reset modules in coaching platforms; Stretching demonstrations for trainer Reels and TikToks,"1. Lie face down with your legs extended, forearms on the floor, elbows beneath the shoulders, and palms planted. ; 2. Press through your hands and begin lifting your chest as your elbows move away from the floor. ; 3. Continue straightening your arms into a comfortable cobra-style position while keeping your hips and thighs grounded. ; 4. Draw your shoulders down away from your ears and breathe slowly into the stretch across the abdomen. ; 5. Bend your elbows to lower with control until your forearms return to the floor. ; 6. Repeat through the same smooth forearm-to-extended-arm path without forcing the height.","Forcing the back bend with your shoulders instead of letting the chest lead — this strains the lower back without stretching the abs.; Holding your breath through the stretch, which tightens the core and works against the lengthening you're after.; Rushing in and out of the position rather than easing in slowly — the stretch needs time under tension to release.; Dropping the head too far back, putting needless pressure on the neck instead of the abdominal wall.",A floor-based ab stretch that rises from forearm support into a cobra-style press-up to open the front of the core.,"This prone abdominal stretch moves from forearm support into a cobra-style press-up, using controlled spinal extension to open the front of the core. The gradual rise lets the rectus abdominis, obliques, and hip flexor complex lengthen as the arms extend.

For app and content use, this clip earns its place in recovery flows, mobility programs, and yoga-adjacent stretching content. The floor position and clear change from forearms to extended arms remain easy to read in guided cooldowns and exercise libraries.",posters/abdominals-stretch-variation-one.webp,abdominals-stretch-variation-one.mp4
abdominals-stretch-variation-three,,Abdominals Stretch Variation Three,Core,,Bodyweight,Mobility,beginner,8.8,abdominals stretch; obliques stretch; side bend; core mobility; one-arm overhead stretch; bodyweight,"Stretches the obliques, which most core training never reaches.; Improves rotational range of motion for sports and lifts.; Decompresses the side body after long sitting or repeated bending.","Rotational sport warm-ups in golf, tennis, or boxing apps; Oblique mobility blocks in core-focused programs; Cooldown flows after rotational or core training; Side-body opener clips for yoga and mobility content","1. Stand with your feet shoulder-width apart and reach one arm straight up overhead. ; 2. Bend your torso gently away from the raised arm as that arm reaches over the top of your head. ; 3. Keep both hips and your chest facing forward so the movement stays a side bend rather than a twist. ; 4. Hold the position for 15 to 30 seconds, breathing slowly and lengthening through the raised arm. ; 5. Return to upright with control and lower the arm before changing sides. ; 6. Repeat with the opposite arm overhead, increasing the lean gradually as the obliques warm up.","Letting the hips swing out as you lean — this kills the oblique stretch and shifts load to the lower back.; Twisting the torso forward or back instead of bending purely sideways, which dulls the side-body lengthening.; Forcing depth in the first few seconds rather than letting the breath ease you deeper over time.; Tensing the shoulder of the raised arm — the arm should reach long but stay relaxed at the trap.",A standing one-arm overhead side bend that lengthens the obliques and opens the side of the core.,"This standing abdominal stretch uses one arm overhead and a controlled lateral bend to lengthen the obliques alongside the front of the core. Keeping the torso facing forward makes the side-body stretch clear without turning it into a rotation.

For B2B use, this clip slots cleanly into rotational sport warm-ups, oblique-focused programs, and cooldown flows that address the side body. Its one-arm overhead shape also reads clearly in exercise pickers and coaching demonstrations.",posters/abdominals-stretch-variation-three.webp,abdominals-stretch-variation-three.mp4
abdominals-stretch-variation-two,,Abdominals Stretch Variation Two,Core,,Bodyweight,Mobility,beginner,8.53,abdominals stretch; standing back extension; overhead arm sweep; core mobility; stretching; bodyweight,Opens the front of the core as both arms travel overhead.; Encourages comfortable thoracic extension without requiring a floor position.; Mobilizes the shoulders and upper torso in one smooth standing sequence.,Standing warm-up sequences in fitness and mobility apps; Post-workout cooldowns after core or upper-body training; Desk-break mobility flows that need no floor space; Accessible torso-opening demonstrations for coaching platforms,"1. Stand tall with your feet hip-width apart and both arms relaxed at your sides. ; 2. Sweep both arms forward and upward together until they reach overhead. ; 3. As the arms rise, lift your chest and ease the torso into a mild backward extension without forcing the lower back. ; 4. Reach both hands upward and breathe steadily while keeping your feet planted and hips controlled. ; 5. Bring the torso back to neutral as both arms sweep down to your sides. ; 6. Repeat the bilateral overhead sweep smoothly, using only a comfortable range of extension.",Arching sharply through the lower back instead of lifting through the chest.; Letting one arm lead so the overhead sweep becomes uneven.; Bending the knees or shifting the hips forward to force more extension.; Shrugging both shoulders toward the ears at the top of the sweep.,A standing bilateral arm sweep to overhead that opens the front of the torso through mild spinal extension.,"This abdominal stretch pairs a smooth two-arm sweep with gentle spinal extension. Both arms travel overhead as the chest lifts and the torso eases back, lengthening the front of the core without forcing a deep standing back bend.

For app builders, the bilateral overhead motion is simple, calming, and visually clear. It fits warm-up sequences, post-workout recovery flows, and rest-day mobility content where users need an accessible standing opener.",posters/abdominals-stretch-variation-two.webp,abdominals-stretch-variation-two.mp4
arc-trainer,,Arc Trainer,Quadriceps,Glutes; Hamstrings; Calves,Machine,Cardio,beginner,5.6,arc trainer; cardio; low impact; quads; glutes; cross trainer,Loads quads and glutes hard while keeping joint impact lower than running.; Reaches oxygen uptake comparable to treadmill running in tested comparisons.; Covers steady aerobic work and short power intervals on the same machine.,Low-impact cardio blocks in a training app.; Gym equipment onboarding that shows members the arc stride path.; Machine comparison screens beside treadmill and elliptical clips.; Deload and return-to-training weeks in a periodized program.,"1. Step onto the footplates with your feet flat and rest your hands on the fixed console handlebar. ; 2. Set the incline for your target: low to bias calves, glutes and hamstrings, high to bias quads. ; 3. Dial resistance in separately from incline so effort and muscle emphasis stay independent. ; 4. Press one foot down and back along the arc while the opposite plate rises into position. ; 5. Keep your torso tall and let the legs set the rhythm instead of pulling on the bar. ; 6. Wind resistance down for the last minute, then step off once the plates have stopped.","Hanging your bodyweight on the fixed handlebar, which unloads the legs and flattens the training effect.; Leaving incline on the default, so the machine only ever loads one part of the lower body.; Chasing stride rate with a short, choppy range instead of completing the full arc.; Stepping off before the plates stop moving, which is how ankles get caught.","Standing arc-motion cardio where a long, low-impact stride and adjustable incline load the quads and glutes.","The Arc Trainer moves your feet along a fixed arc rather than an ellipse, so hip and knee extend together while the foot stays under the knee. The handlebar is fixed, so the legs produce all of the work and the hands only steady you. Incline is the muscle dial: low settings bias calves, glutes and hamstrings, high settings shift the work onto the quads. Resistance is set separately, so one machine covers steady aerobic work, intervals and power efforts. In a tested comparison the arc trainer reached oxygen uptake similar to treadmill running with less hip discomfort than an elliptical.

For a product catalog this clip fills the gap between treadmill and elliptical, where most libraries carry only one machine. Use it in low-impact cardio blocks, equipment onboarding, and machine-comparison screens.",posters/arc-trainer.webp,arc-trainer.mp4
arnold-press,,Arnold Press,Shoulders,Triceps; Trapezius; Core,Dumbbell,Push,intermediate,4,arnold press; dumbbell; shoulders; overhead press; deltoids; push,"Loads the front and side of the deltoid across a longer path than a straight overhead press.; The rotation adds time under tension without needing a heavier dumbbell.; Seated against an upright bench it removes leg drive, so the shoulders do the work.",Shoulder day slot in dumbbell-only hypertrophy programs.; Variation pickers that offer the Arnold press beside a standard dumbbell press.; Technique clips that walk through the palm rotation frame by frame.; Push-day substitution when a straight overhead press has gone stale.,1. Set an adjustable bench upright and sit with your back flat against the pad. ; 2. Bring two dumbbells to shoulder height with your palms turned toward your face and your elbows in front of you. ; 3. Brace your core and keep your ribs down before the first rep. ; 4. Press the dumbbells overhead while rotating your forearms so the palms finish facing forward. ; 5. Stop just short of locking the elbows and hold the top position briefly. ; 6. Reverse the rotation as you lower the dumbbells back to the start.,"Rushing the rotation, which turns the lift into a swing and takes tension off the deltoid.; Letting the ribs flare and the lower back arch, which moves load from the shoulders to the spine.; Locking the elbows hard at the top, which parks the load on the joint instead of the muscle.; Starting with the palms already facing forward, which removes the rotation the exercise exists for.",A seated dumbbell press that starts with the palms facing you and rotates them forward as the weight goes overhead.,"The Arnold press starts with the dumbbells at shoulder height and the palms turned toward your face, then rotates the forearms outward as you press so the palms finish facing forward. It is a compound dumbbell push aimed at the shoulders, with the triceps and traps assisting, and the front and side of the deltoid do the moving while the upper back and trunk stabilize. The rotation takes the arm from an internally rotated start into abduction and external rotation, loading the deltoid over a longer path than a straight press.

For an asset library this is the rotational entry in the overhead press family, and the palm turn is the detail a still image cannot carry. Use it in shoulder blocks, dumbbell equipment filters, and technique content that explains the rotation.",posters/arnold-press.webp,arnold-press.mp4
assault-bike,,Assault Bike,Quadriceps,Glutes; Calves; Shoulders; Core,Machine,Cardio,intermediate,6.4,assault bike; air bike; cardio; hiit; conditioning; full body,"Loads legs, arms and trunk in one low-impact cardio pattern.; Fan resistance rises with your own pace, so the workload never caps out at a dial setting.; Effort translates directly into measurable output for pacing and testing.",Interval and HIIT timer screens in a conditioning app.; Metabolic finishers appended to strength sessions.; Equipment library entries for functional and box-style gyms.; Benchmark test explainers where output is the tracked metric.,"1. Set the saddle so your knee stays slightly bent at the bottom of the pedal stroke. ; 2. Sit tall, take the arm bars at chest height and brace your trunk. ; 3. Start pedaling smoothly and let the fan build resistance before you add effort. ; 4. Push one arm bar away as you pull the other back, matched to the pedal rhythm. ; 5. Hold your target output rather than a fixed resistance, since the fan answers your pace. ; 6. Spin down against light effort for a minute, then release the bars and step off.","Dropping the arm bars and pedaling only, which halves the muscle involvement.; Rounding the back and hauling on the bars, moving load off the legs and into the spine.; Opening at full effort, so output collapses within seconds of the interval starting.; Sitting too low, which crowds the knee and shortens the drive through the pedals.",Seated fan-bike conditioning where pedals and moving arm bars work together and the fan answers every watt you add.,"The AssaultBike drives a 27 inch steel fan through a chain, so resistance is generated by your own output rather than set on a dial. Legs push the pedals while the arm bars are pushed and pulled, which turns a cycling pattern into a whole-body effort across quads, glutes, calves, shoulders and trunk. Because the fan answers every extra watt, the workload never settles at a fixed level, and the console programs are built around time, distance and heart-rate targets rather than resistance steps.

In a product catalog this is the machine that conditioning and CrossFit style apps ask for by name. Use it on interval timer screens, in metabolic finishers, and anywhere a library needs a bike that is clearly not a spin bike.",posters/assault-bike.webp,assault-bike.mp4
b-stance-hip-thrust,,B-Stance Hip Thrust,Glutes,Hamstrings; Core,Bodyweight,Hinge; Isolation,intermediate,5.07,b-stance hip thrust; kickstand hip thrust; glutes; hip extension; unilateral; bodyweight,Loads one glute at a time while staying stable enough for heavy sets.; Exposes and corrects left to right differences in hip extension strength.; Bridges the gap between bilateral hip thrusts and true single leg work.,Glute specialization blocks that step from bilateral toward single leg thrusting.; Side by side stance comparison media for hip thrust explainer videos.; Imbalance screening flows where one glute needs isolated loading.; Kickstand variant entry in a hip thrust family carousel.,"1. Sit on the floor with your upper back against the long edge of a bench. ; 2. Plant one foot flat with the shin vertical directly under the knee. ; 3. Slide the other foot forward until only its heel rests on the floor. ; 4. Brace your abdominals and draw your ribs down toward your hips. ; 5. Drive through the working heel until your torso is parallel with the floor. ; 6. Lower under control until the hips are just off the floor, then repeat.","Splitting the load evenly between both feet, which turns it back into a bilateral thrust.; Placing the kickstand foot flat, which lets that leg push and removes the unilateral demand.; Letting the pelvis tip toward the kickstand side, so the wrong glute does the work.; Finishing with an arched lower back instead of full hip extension, which loads the lumbar spine.",A hip thrust with one foot staggered forward as a kickstand so the rear working leg carries most of the load.,"The B-stance hip thrust sits between the bilateral hip thrust and the true single leg version. Your shoulders rest against a bench, the working foot is planted flat with a vertical shin, and the other foot slides forward so only its heel touches the floor. That kickstand leg contributes roughly 30 percent of the drive, which loads one glute far harder than a two legged thrust while leaving enough stability to handle real weight. The gluteus maximus drives hip extension while the hamstrings and abdominals support the position.

For a library this clip fills the gap in the unilateral glute progression between bridging and single leg work. It suits glute focused program blocks, imbalance correction flows, and coaching content that compares hip thrust stance variations side by side.",posters/b-stance-hip-thrust.webp,b-stance-hip-thrust.mp4
back-extension,,Back Extension,Lower Back,Glutes; Hamstrings,Bodyweight,Hinge,beginner,9.07,back extension; hyperextension; hip hinge; erector spinae; lower back; bodyweight,"Strengthens hip extension and spinal erector endurance with no external load required.; Teaches the hinge pattern in a supported position before a barbell is introduced.; Scales with tempo, pause length or a held plate without changing the setup.",Warm-up and accessory slots in strength app workout builders.; Low back and posterior chain modules in corrective exercise programs.; Gym equipment onboarding content that shows how the 45-degree bench is used.; Exercise library thumbnails and looping previews on catalog pages.,"1. Set the hip pad of a 45-degree back extension bench just below your pelvis. ; 2. Step onto the platform and lock both ankles under the roller pad with your legs straight. ; 3. Cross your arms over your chest, brace your abdominals, and align your head, spine and hips. ; 4. Hinge at the hips and lower your torso until you feel the hamstrings lengthen. ; 5. Squeeze the glutes and extend the hips until your body forms a straight line. ; 6. Hold the top position briefly, lower under control, and repeat for the prescribed reps.","Arching well past a straight line at the top, which loads the lumbar spine instead of the hips.; Setting the hip pad too high, which blocks hip flexion and pushes the movement into the lower back.; Swinging through reps with momentum, which removes tension from the glutes and hamstrings.; Throwing the head back or tucking the chin hard, which breaks the neutral line the exercise trains.","A supported hip hinge on a 45-degree bench that trains the spinal erectors, glutes and hamstrings with no added load.","The back extension is performed on a 45-degree bench with the hip pad set just below the pelvis and both ankles locked under the roller. From that position the torso lowers by folding at the hips, then returns until the body forms one straight line from head to heels. The spinal erectors hold the spine steady through the whole range while the glutes and hamstrings produce the hip extension. Because the load is bodyweight and the range is bounded by the bench, it is an easy way to train the posterior chain.

In a product catalog this clip covers a staple gym movement that almost every strength program touches. It works as a warm-up demo, as the entry rung on a hinge progression inside a workout builder, and as equipment onboarding content explaining what the 45-degree bench is actually for.",posters/back-extension.webp,back-extension.mp4
backstroke-swim,,Backstroke Swim,Back,Shoulders; Core; Triceps; Glutes,Bodyweight,Cardio,intermediate,5.04,backstroke; swimming; cardio; back; endurance; pool,"Trains the lats and shoulders through a full overhead pulling range.; Keeps breathing unrestricted, so effort can be held steady for long sets.; Adds a supine stroke that balances the forward-facing strokes in a swim plan.",Stroke selection screens in a swim or triathlon app.; Technique explainers focused on body roll and arm recovery.; Aerobic swim sets written into a distance or triathlon plan.; Muscle-highlight content showing which muscles a stroke loads.,"1. Float face up with your body flat, ears in the water and eyes looking up. ; 2. Hold a long body line with hips near the surface and a steady flutter kick. ; 3. Enter one arm overhead with the little finger first and the palm turned out. ; 4. Roll your shoulders and hips toward the entering arm so the back muscles can pull. ; 5. Bend the elbow underwater and press the water toward your hip to finish the stroke. ; 6. Recover that arm straight over the surface as the other arm starts its pull.","Swimming flat with no body roll, which loads the shoulder instead of the back.; Letting the hips sink, so the legs drag and stroke rate has to rise to compensate.; Lifting the head to look forward, which drops the hips and breaks the body line.; Crossing the entry arm past the midline, which forces the shoulder into an end-range position.",Supine alternating-arm swimming where body roll lets the large back muscles pull while a flutter kick holds position.,"Backstroke is swum face up with continuous alternating arms: one arm pulls underwater while the other recovers straight over the surface. Rolling the body toward the pulling arm is what lets the lats and the large trunk muscles drive the pull instead of the shoulder working alone, and a steady flutter kick keeps the hips near the surface so the body travels in one line. The pulling elbow bends underwater and the hand stays submerged, while the head stays still because lifting it drops the hips and adds drag.

For a catalog this clip covers the supine stroke that swim and triathlon apps need alongside freestyle. Use it in stroke-selection screens, technique explainers on body roll, and aerobic swim sets inside a training plan.",posters/backstroke-swim.webp,backstroke-swim.mp4
band-assisted-pull-up,,Band Assisted Pull-Up,Back,Biceps; Trapezius; Shoulders; Core,Band,Pull,beginner,6.93,pull-up; band; back; lats; assisted; vertical pull,"Trains the full pull-up range before you can lift your own bodyweight.; Loads the latissimus dorsi and the scapular retractors in one movement.; Assistance is adjustable by band thickness, so progress stays measurable.",Band-assisted rung in a pull-up progression inside a mobile training app.; Vertical pull slot for users who cannot yet hold a strict pull-up.; Resistance-band equipment filter for home and travel back workouts.; Side-by-side comparison content against the unassisted pull-up.,"1. Loop a resistance band over the pull-up bar and let both ends hang. ; 2. Step or kneel into the band so it supports one foot or one knee. ; 3. Grip the bar with palms facing forward, hands slightly wider than your shoulders. ; 4. Brace your core, squeeze your glutes and pull your shoulder blades down. ; 5. Drive your elbows toward the floor until your chin passes the bar. ; 6. Lower under control to a near-straight arm hang and repeat.","Choosing a band so thick that it lifts you through the whole range, which removes the training stimulus.; Bouncing out of the bottom on band tension instead of pulling, so the lats never load.; Letting the head jut forward at the top, which shifts effort into the neck and upper traps.; Dropping fast on the descent, wasting the eccentric that builds pull-up strength.",A vertical pull where a looped resistance band offsets part of your bodyweight so you can train full-range pull-ups.,"The band assisted pull-up keeps the mechanics of a strict pull-up while a resistance band looped over the bar and under one knee or foot gives back some of your bodyweight at the bottom. You hang from a pronated grip slightly wider than shoulder width, depress the shoulder blades, then drive the elbows down and back until the lats are fully shortened. The latissimus dorsi and scapular retractors do the work, with the biceps, mid traps and rear delts assisting.

For a fitness app or coaching platform this clip is the missing rung between an inverted row and an unassisted pull-up. It belongs in beginner pull strength progressions, in vertical pull slots where users self-select assistance, and in accessory libraries where a band equipment filter matters.",posters/band-assisted-pull-up.webp,band-assisted-pull-up.mp4
band-curl,,Band Curl,Biceps,,Band,Pull,beginner,8.53,band curl; biceps; resistance band; home workout; arm exercise; travel-friendly,Builds biceps size and strength without a gym or weights.; Trains a stronger top-end contraction thanks to the band's progressive resistance.; Travel- and home-friendly — works anywhere with a single band.,Home and hotel-room programs in travel fitness apps; Beginner upper-body modules where weights aren't assumed; Resistance-band-only training tracks in coaching platforms; Rehab and prehab content where bands are the standard tool,"1. Stand on the middle of the band with your feet shoulder-width apart, holding one handle in each hand at your sides. ; 2. Keep your elbows tucked into your ribs and your palms facing forward at the bottom of the rep. ; 3. Curl both hands up toward your shoulders by squeezing the biceps, keeping the elbows pinned in place. ; 4. Pause briefly at the top with the biceps fully contracted, feeling the band's tension at peak resistance. ; 5. Lower your hands back down with control over a 2 to 3 second eccentric, fighting the band on the way down. ; 6. Repeat for 10 to 15 reps, focusing on the squeeze at the top rather than the speed of the movement.","Letting the elbows drift forward as you curl, which turns the movement into a half-rep front raise.; Standing on too narrow a section of the band, which makes the tension uneven between the two arms.; Rushing the eccentric and letting the band snap your hands back down — you lose half the time-under-tension.; Leaning back to swing the weight up, which shifts work from the biceps to momentum and the lower back.","A standing biceps curl using a resistance band — same movement pattern as a dumbbell curl, with progressive tension through the rep.","The band curl is a travel-friendly version of the classic biceps curl. Because resistance bands get harder as they stretch, the top of the rep loads the biceps more than the bottom — which trains a different strength curve than dumbbells and helps fill out the peak contraction.

For app and content use, this clip is essential coverage for any program that has to work without a gym. Travel workouts, hotel-room programs, beginner home plans, and rehab content all need a credible biceps option, and the band curl delivers without requiring weight equipment users may not own.",posters/band-curl.webp,band-curl.mp4
band-external-rotation,,Band External Rotation,Shoulders,Back,Band,Isolation,beginner,8.8,external rotation; rotator cuff; resistance band; shoulder; prehab; isolation,"Strengthens the external rotators that stabilize the shoulder during pressing and overhead work.; Needs only a band and an anchor point, so it fits warm-ups anywhere without a gym.; Light load and short range make it easy to program as frequent prehab volume.",Shoulder prehab and warm-up sequences in training apps.; Band-only home workout programs and travel plans.; Education content on rotator cuff mechanics for coaching platforms.; Equipment-filtered library pages that collect resistance band movements.,"1. Anchor a resistance band at about elbow height and stand side on to the anchor. ; 2. Take the band in the hand furthest from the anchor and tuck that elbow against your ribs. ; 3. Bend the working elbow to ninety degrees and set the shoulder blade down and back. ; 4. Brace your trunk and rotate the forearm outward, away from your midline, without moving the elbow. ; 5. Pause for one second at the end range where the back of the shoulder is working. ; 6. Return the hand slowly against band tension, then repeat and switch arms.","Letting the elbow drift off the ribs, which turns the rep into a row and unloads the cuff.; Rotating the whole torso away from the anchor, which fakes range the shoulder never produced.; Choosing a band that is far too heavy, which recruits the lats instead of the small rotators.; Snapping back to the start, which skips the eccentric where most of the adaptation happens.","A banded rotator cuff drill that turns the forearm outward with the elbow pinned to the ribs, isolating the external rotators.","Band external rotation trains the infraspinatus and teres minor, the two rotator cuff muscles responsible for turning the upper arm outward. The elbow stays tucked against the ribs and bent to roughly ninety degrees while the forearm sweeps away from the midline against band tension. Keeping the elbow fixed is what makes the exercise work, because the moment it drifts the movement becomes a row and the larger back muscles take over. Loads stay deliberately light so the small stabilizers, not the lats, produce the motion.

For a product catalog this is a high-frequency prehab clip. It fits shoulder warm-up sequences, band-only home and travel programs, and physio adjacent education content, and it belongs on any equipment-filtered library page that collects resistance band movements.",posters/band-external-rotation.webp,band-external-rotation.mp4
band-glute-bridge,,Band Glute Bridge,Glutes,Hamstrings; Core,Band,Hinge; Isolation,beginner,5.04,band glute bridge; glute bridge; glutes; hip extension; resistance band; activation,Recruits the gluteus medius as well as the gluteus maximus in one movement.; Teaches hip extension without loading the spine or needing a bench.; Works as a low cost activation drill before squat and hinge training.,Warm up and glute activation flows in a training app.; At home and travel programs built around bands only.; Beginner and rehab tracks that avoid loaded spinal work.; Band equipment filter listings in a library browser.,"1. Loop a resistance band around both legs just above the knees. ; 2. Lie on your back with your knees bent and feet flat, hip width apart. ; 3. Set your arms at roughly 45 degrees from your torso and brace your abdominals. ; 4. Press your heels down and lift your hips while pushing outward against the band. ; 5. Stop when your knees, hips and shoulders form a straight line, then squeeze the glutes. ; 6. Lower your hips back toward the floor under control and repeat.","Arching the lower back at the top instead of finishing with the glutes, which loads the lumbar spine.; Letting the knees collapse inward against the band, which removes the abduction demand.; Pushing the knees out past the outside of the feet, which twists the knee joint.; Placing the feet too far from the glutes, which shifts the work to the hamstrings.","A floor glute bridge with a loop band above the knees, adding an abduction demand to ordinary hip extension.","The band glute bridge is the standard floor bridge with a loop band sitting just above the knees. You lie on your back with the feet flat and hip width apart, press the heels down, and lift the hips until the body forms a straight line from knee to shoulder. Pushing outward against the band throughout recruits the gluteus medius alongside the gluteus maximus, which is why it is used as an activation drill. The hamstrings assist and the abdominals stop the lower back arching at lockout.

In an asset library this is the entry point of the glute progression and one of the few band exercises that needs no anchor or bench. It fits warm up and activation flows, at home and travel programs, and rehab or beginner tracks where a floor based clip is the only realistic demonstration.",posters/band-glute-bridge.webp,band-glute-bridge.mp4
band-high-face-pull,,Band High Face Pull,Shoulders,Trapezius,Band,Pull,beginner,9.87,band face pull; rear delts; shoulder health; posture; resistance band; prehab,Strengthens the rear delts and upper back to balance out heavy pressing.; Improves posture and shoulder-blade control after long days at a screen.; Adds a low-impact prehab piece that works anywhere with a band.,Posture and prehab modules in office-worker fitness apps; Pull-day finishers in resistance band programs; Shoulder-health content for lifters in strength apps; Warm-up and prep blocks before bench-press sessions,"1. Anchor a band at slightly above eye level and grip both ends with your palms facing the floor. ; 2. Step back until the band has tension at full arm extension and stand tall with your feet shoulder-width. ; 3. Pull both hands toward your face, leading with your elbows and keeping them at or above shoulder height. ; 4. Squeeze your shoulder blades together at the end of the pull, feeling the rear delts and mid-back engage. ; 5. Slowly return to the starting position over 2 to 3 seconds, keeping tension on the band the whole time. ; 6. Repeat for 12 to 20 reps, prioritizing a clean squeeze over heavy band tension.","Letting the elbows drop below shoulder height, which turns the movement into a row and skips the rear delts.; Pulling with the biceps instead of the elbows, leaving the upper back understimulated.; Using too heavy a band so form breaks down — light tension with clean reps beats heavy ugly reps here.; Shrugging the shoulders up to the ears at the end of the pull, loading the traps instead of the rear delts.",A high-anchor band pull to the face that builds rear-delt strength and balances out heavy pressing work.,"The band high face pull is one of the most underrated shoulder-health exercises in any program. By pulling a band from above eye level toward the face with the elbows high, it directly trains the rear deltoids and the muscles between the shoulder blades — both of which take a beating from desk work and bench pressing.

In an app or coaching platform, this is the clip that makes posture, prehab, and shoulder-balance content credible. It belongs in pull-day workouts, daily mobility blocks, and any program targeting users who spend the day at a screen. Buyers building for office workers or lifters with shoulder issues will use this one heavily.",posters/band-high-face-pull.webp,band-high-face-pull.mp4
band-hip-abduction,,Band Hip Abduction,Glutes,,Band,Hip Abduction,beginner,8.8,band hip abduction; glute medius; glute activation; resistance band; warm-up; hip stability,"Activates the glute medius for better squat, deadlift, and running mechanics.; Reduces knee valgus and improves single-leg stability.; Travel-friendly and beginner-friendly — works with a single mini band.",Lower-body warm-up flows in strength training apps; Glute activation modules for runner-focused programs; Rehab and prehab content for hip and knee health; Beginner home workout libraries with minimal equipment,"1. Loop a mini band around both ankles or just above the knees, depending on resistance preference. ; 2. Stand tall with feet hip-width apart and a slight bend in the knees, hands on hips for balance. ; 3. Shift your weight onto your left leg and press your right leg straight out to the side against the band. ; 4. Pause briefly at the top of the lift, feeling the squeeze in the side of your right hip. ; 5. Lower the right leg back to the starting position with control, keeping tension on the band throughout. ; 6. Complete 12 to 15 reps per side, alternating legs once the working glute is fully fatigued.","Leaning the torso to the opposite side to swing the leg out, which removes load from the glute medius.; Letting the hips rotate forward as the leg lifts, turning the movement into a hip-flexor exercise.; Using a band so heavy that form breaks — start light to feel the glute working, then progress.; Rushing the eccentric and letting the band snap the leg back in, losing half the time-under-tension.","A standing band-resisted hip abduction that targets the glute medius and primes the hips for squats, deadlifts, and running.","Band hip abduction is the gold standard glute-activation exercise. By pressing a leg outward against band resistance, it directly loads the glute medius — the muscle responsible for hip stability when you walk, run, and squat. Strong glute medius means less knee valgus, better single-leg control, and fewer hip and knee niggles down the road.

For app and content use, this clip is a permanent fixture in warm-ups, lower-body activation flows, and rehab programs. It's the credible, evidence-based option for anyone building beginner mobility content or targeting runners, post-injury users, or older adults who need stronger hip stabilizers.",posters/band-hip-abduction.webp,band-hip-abduction.mp4
band-kneeling-pulldown,,Band Kneeling Pulldown,Back,Biceps,Band,Pull,beginner,4.27,band pulldown; lat pulldown; lats; back exercise; resistance band; home workout,"Builds the lats without needing a pull-up bar or cable machine.; Trains the same vertical pull as a lat pulldown, anywhere with a band anchor.; Improves shoulder-blade control and pulling strength for harder back work.",Home and travel back workouts in fitness apps; Pull-day programming for resistance band training tracks; Beginner pulling content for users not yet at a pull-up; Back-day finishers in coaching platforms,"1. Anchor a band high overhead — over a door, a beam, or a pull-up bar — and grab both ends. ; 2. Kneel down far enough that the band has tension at full arm extension, with arms reaching up and out. ; 3. Pull both elbows down and slightly back toward your ribs, leading with the elbows rather than the hands. ; 4. Squeeze your shoulder blades down and together at the bottom, feeling the lats fully contract. ; 5. Slowly return to the starting position over 2 to 3 seconds, fighting the band the whole way up. ; 6. Repeat for 10 to 15 reps, prioritizing a strong lat squeeze at the bottom of every rep.","Pulling with the biceps and bending the wrists, which leaves the lats understimulated.; Leaning back excessively to use bodyweight, which turns the move into a row instead of a pulldown.; Letting the shoulders shrug up to the ears at the top, losing the lat-pull pattern entirely.; Snapping the band back up on the eccentric and missing the most muscle-building part of the rep.",A kneeling pulldown using an overhead band anchor — a home-friendly alternative to the cable lat pulldown.,"The band kneeling pulldown gives you the same vertical-pulling pattern as a cable lat pulldown, without needing a machine. By anchoring a band overhead and pulling down to the chest from a kneeling position, it isolates the lats and lower traps while keeping the body in a stable position.

This clip is a workhorse for home and travel programs in fitness apps. Most users training at home don't have a pull-up bar that works for them, and bodyweight rows only go so far. The band kneeling pulldown fills that gap with a clean, repeatable lat exercise that anyone with a band and an anchor point can do.",posters/band-kneeling-pulldown.webp,band-kneeling-pulldown.mp4
band-lateral-raise,,Band Lateral Raise,Shoulders,,Band,Push,beginner,8,band lateral raise; side delts; shoulder exercise; resistance band; home workout; isolation,"Builds wider, more capped side delts without dumbbells.; Trains the lateral delts at peak resistance through the band's strength curve.; Travel- and home-friendly — works anywhere with a single resistance band.",Shoulder-day workouts in home and travel fitness apps; Beginner upper-body programs with band-only equipment; Resistance band training libraries in coaching platforms; Shoulder-development content for hypertrophy-focused users,"1. Stand on the middle of a band with feet shoulder-width apart, holding one handle in each hand at your sides. ; 2. Keep a slight bend in your elbows and your palms facing your thighs at the start of the movement. ; 3. Lift both arms straight out to the sides until your hands reach shoulder height, leading with the elbows. ; 4. Pause briefly at the top, feeling the side delts squeeze under the band's peak tension. ; 5. Lower your arms back down with control over a 2 to 3 second eccentric, fighting the band the whole way. ; 6. Repeat for 12 to 15 reps, prioritizing strict form over band tension.","Swinging the torso to throw the arms up — momentum cheats the side delts out of the work.; Letting the elbows lock straight, which shifts load to the wrists and forearms.; Raising the arms above shoulder height, where the traps take over from the side delts.; Using a band too heavy for the lift, breaking form and losing the strict isolation pattern.","A standing lateral raise with band resistance — builds wider, more capped shoulders without dumbbells.","Band lateral raises target the side deltoids — the muscle that gives shoulders their rounded, capped look. Because bands get harder as they stretch, the top of the rep is the heaviest part, which trains the lateral delts in their most challenging position and pumps them better than light dumbbells often can.

This clip is core inventory for any home, travel, or band-only program in your app. It's also a strong clip for beginner shoulder education content because the band makes the resistance curve easier to feel — users learn what side delt engagement actually feels like before progressing to dumbbells.",posters/band-lateral-raise.webp,band-lateral-raise.mp4
band-leg-curl,,Band Leg Curl,Hamstrings,Calves; Glutes,Band,Isolation,beginner,9.87,band leg curl; hamstring curl; resistance band; hamstrings; isolation; knee flexion,"Isolates knee flexion so the hamstrings can be trained without a leg curl machine.; Band tension peaks near full knee flexion, where seated and lying machines tend to unload.; Low equipment and low skill demand, so it suits home programs and early rehab.",Home and travel workout tracks in a training app.; Hamstring prehab and rehab blocks in physio-led programs.; Band-only equipment filters in an exercise library.; Short form demo clips for hamstring accessory work.,"1. Anchor a resistance band to a low fixed point and loop the free end around both ankles. ; 2. Lie face down far enough from the anchor that the band is already under tension. ; 3. Brace your abs and press your hips and thighs flat into the floor. ; 4. Curl your heels toward your glutes by bending only at the knees. ; 5. Pause briefly at the top, then lower until the knees are almost straight. ; 6. Keep the band taut through the whole set and repeat for reps.","Letting the hips lift off the floor, which turns the curl into a hip movement and loads the lower back.; Starting too close to the anchor, so the band goes slack and the hamstrings lose tension at the bottom.; Snapping the heels back down instead of resisting the band, which throws away the eccentric.; Using a band that is too stiff, which cuts the range short before the heels reach the glutes.",Prone hamstring curl against a looped resistance band that isolates knee flexion without a leg curl machine.,"The band leg curl anchors a resistance band in front of you and loops the free end around your ankles, so the hamstrings work against tension that climbs as the knee bends. You lie face down with the hips flat and curl the heels toward the glutes, keeping the thighs pressed into the floor so the movement stays at the knee. Because band tension peaks near the top of the curl, the hardest point falls where a machine curl usually goes light. The calves assist at the ankle and the glutes hold the hip extended while the abs stop the pelvis tipping.

For a library this is the hamstring isolation clip that needs no gym hardware. It fits home and travel program tracks, prehab and rehab blocks after a hamstring strain, and warm-up sequences in app-delivered lower body sessions.",posters/band-leg-curl.webp,band-leg-curl.mp4
band-overhead-press,,Band Overhead Press,Shoulders,Triceps; Core; Trapezius,Band,Push,beginner,6.67,band overhead press; resistance band; shoulders; overhead press; deltoids; home workout,"Band tension rises toward lockout, so resistance peaks where a barbell press is easiest.; Needs no rack or bench, which makes it a workable home and travel press.; Standing bilateral pressing keeps the core and traps working as stabilizers.",Home and travel workout blocks where no rack or bench is available.; Band-only program libraries that still need a vertical press.; High-rep shoulder finisher after barbell or dumbbell pressing.; Beginner overhead progression before loading a bar.,1. Stand on the middle of a resistance band with your feet shoulder-width apart. ; 2. Take a handle or the band itself in each hand and bring them to shoulder height with the palms facing forward. ; 3. Brace your abs and squeeze your glutes so the ribs stay down. ; 4. Press both hands overhead by extending the elbows and flexing the shoulders. ; 5. Finish tall with your ears in line with your biceps. ; 6. Lower under control until your hands return to shoulder height.,"Standing on too little of the band, which lets it slip out from under the feet mid-set.; Driving with the legs to start the press, which turns it into a push press and unloads the shoulders.; Leaning back to beat the rising band tension, which loads the lower back instead.; Letting the band snap the arms down, which gives away the lowering phase where control is built.","A standing overhead press driven by a resistance band anchored under both feet, with tension rising toward lockout.","The band overhead press replaces the barbell with a resistance band trapped under both feet. You hold the band at shoulder height with the palms forward, then press to lockout. The shoulders are the target with the abs, traps and triceps assisting, and a band applies accommodating resistance, so the load climbs as you approach the top rather than falling away. The deltoids, triceps and trapezius do the same work they do under a bar, with the trunk and glutes holding posture when you press standing.

In a catalog this is the press that needs no rack, bench or plates, which makes it the natural entry in band and home-workout filters. Pair it with the barbell and dumbbell presses so an app can serve the movement to users with almost no kit.",posters/band-overhead-press.webp,band-overhead-press.mp4
band-pullover,,Band Pullover,Back,,Band,Pull,beginner,5.07,band pullover; lats; back exercise; resistance band; hypertrophy; shoulder mobility,"Loads the lats in their stretched range, where most growth happens.; Improves overhead shoulder mobility with controlled reach.; Adds a band-friendly hypertrophy piece to any back day.",Back-day finishers in home and gym fitness apps; Hypertrophy-focused band programs in coaching platforms; Shoulder mobility and prehab content for lifters; Lat-development clips in upper-body education modules,"1. Anchor a band overhead and grip the handle or both ends with arms reaching straight up above your head. ; 2. Step back until the band has tension at full overhead extension and stand tall with feet shoulder-width. ; 3. Keep a slight bend in your elbows and pull your arms down in a wide arc to your hips. ; 4. Squeeze your lats hard at the bottom, feeling the contraction across the sides of your back. ; 5. Slowly return your arms overhead with control over 2 to 3 seconds, fighting the band the whole way up. ; 6. Repeat for 12 to 15 reps, focusing on the lat stretch at the top and the squeeze at the bottom.","Bending the elbows too much and turning the move into a triceps extension instead of a lat pull.; Pulling with the chest and shoulders rather than driving from the lats and shoulder blades.; Cutting the range short at the top — the stretched overhead position is where the growth happens.; Letting the lower back arch as you reach overhead, which leaks tension and risks lumbar strain.",A standing band pullover that trains the lats through their stretched range — a strong finisher for back day.,"The band pullover hits the lats in their lengthened, overhead position — a range most pulling exercises miss. By driving the arms down from overhead against a band, it loads the lats while they're stretched, which research consistently links to better muscle growth than mid-range work alone.

This clip earns its place in back-day finishers, home workout libraries, and any program built around hypertrophy. It also serves as a solid prehab piece for users with shoulder issues, since the controlled overhead reach builds shoulder mobility under light load.",posters/band-pullover.webp,band-pullover.mp4
band-romanian-deadlift,,Band Romanian Deadlift,Glutes; Hamstrings,Core,Band,Hinge,beginner,5.87,band romanian deadlift; rdl; hamstrings; glutes; hip hinge; resistance band,Builds hamstring and glute strength without a barbell or dumbbells.; Trains the hip-hinge pattern that protects the lower back during heavier lifts.; Travel- and home-friendly — works anywhere with a single resistance band.,Home and travel posterior chain workouts in fitness apps; Beginner strength programs without barbell equipment; Hip-hinge education modules in coaching platforms; Glute and hamstring content for runner-focused programs,"1. Stand on the middle of a band with feet hip-width apart, holding one handle in each hand at your thighs. ; 2. Soften your knees slightly and lock your spine in a neutral position with your chest up. ; 3. Push your hips back behind you while letting your hands slide down your thighs toward your shins. ; 4. Stop when you feel a strong stretch in your hamstrings — depth matters less than tension. ; 5. Drive your hips forward to return to standing, squeezing your glutes at the top of the movement. ; 6. Repeat for 10 to 12 reps, focusing on the hip-hinge pattern rather than band tension.","Bending at the knees and squatting down instead of hinging at the hips — turns the move into a half-squat.; Rounding the lower back as you hinge, which puts load on the spine instead of the hamstrings.; Going too low and losing the hamstring stretch — stop where the stretch is strongest, not where the floor is.; Standing on too narrow a band section, making the resistance uneven and twisting the bar path.",A hip-hinge Romanian deadlift using band resistance — trains the hamstrings and glutes without a barbell or dumbbells.,"The band Romanian deadlift is the home-gym answer to one of the best posterior chain exercises ever programmed. By stepping on a band and hinging at the hips while keeping the back flat, it loads the hamstrings and glutes in their stretched position — exactly where they grow best — without needing heavy weights.

This clip is a workhorse for any app or program that has to deliver real hamstring and glute work without a barbell. Travel programs, beginner strength tracks, and home gym libraries all need a credible posterior chain option, and the band RDL covers it cleanly.",posters/band-romanian-deadlift.webp,band-romanian-deadlift.mp4
band-row,,Band Row,Back,Biceps,Band,Pull,beginner,4.53,band row; horizontal pull; back exercise; lats; resistance band; home workout,"Builds the lats, mid-back, and biceps without weights or a machine.; Trains the horizontal pull pattern that balances out pressing work.; Travel- and home-friendly — works anywhere with a single band and an anchor point.",Home and travel back workouts in fitness apps; Pull-day programming for resistance band training tracks; Beginner pull pattern education in coaching platforms; Postural-correction content for office-worker programs,"1. Anchor a band at chest height and grip both handles with arms straight out in front of you. ; 2. Step back until the band has tension at full extension and stand tall with feet shoulder-width apart. ; 3. Pull both handles toward your ribs, keeping your elbows tucked close to your sides. ; 4. Squeeze your shoulder blades together at the end of the pull, feeling the mid-back engage. ; 5. Slowly return your hands forward over 2 to 3 seconds, fighting the band's pull the whole way. ; 6. Repeat for 10 to 15 reps, prioritizing the squeeze at the back rather than the speed of the pull.","Letting the elbows flare out wide — keeps the lats out of the lift and loads the rear delts only.; Leaning back to use bodyweight instead of pulling cleanly with the back.; Shrugging the shoulders up at the end of the pull, swapping mid-back work for trap engagement.; Snapping the band back forward and skipping the eccentric, where most of the muscle-building tension lives.","A standing horizontal band row that trains the lats, mid-back, and biceps — the home-friendly answer to a cable row.","The band row is the most accessible horizontal pulling exercise in any program. By anchoring a band at chest height and pulling the handles toward the ribs, it works the lats, mid-back, and biceps in the same pattern as a seated cable row — without needing the machine.

For app and content use, this is a non-negotiable inclusion in any home, travel, or band-only program. It's also a clean teaching piece for beginners learning the row pattern, since the constant band tension makes the contraction obvious and forces a controlled eccentric.",posters/band-row.webp,band-row.mp4
band-seated-pulldown,,Band Seated Pulldown,Back,Biceps,Band,Pull,beginner,5.87,band seated pulldown; lat pulldown; lats; back exercise; resistance band; beginner,Isolates the lats by removing leg and hip compensation.; Builds vertical pulling strength for users not yet at a pull-up.; Stable seated position works well for rehab and beginner content.,Beginner back workouts in home fitness apps; Rehab and post-injury content for shoulder and back recovery; Pull-up progression programs in coaching platforms; Resistance band only training tracks for travel users,"1. Anchor a band high overhead — over a door or beam — and sit on the floor or a bench beneath it. ; 2. Reach up and grab both ends of the band with arms straight overhead, palms facing forward. ; 3. Pull both elbows down toward your ribs, leading with the elbows rather than the hands. ; 4. Squeeze your shoulder blades down and together at the bottom, fully contracting the lats. ; 5. Slowly return your arms overhead with control over 2 to 3 seconds, keeping band tension throughout. ; 6. Repeat for 10 to 15 reps, focusing on a clean lat squeeze at the bottom of every pull.","Leaning back during the pull, which turns the seated pulldown into a row.; Pulling with the biceps and bending the wrists rather than driving from the lats.; Letting the shoulders shrug up at the top, losing the vertical-pull pattern.; Releasing the band too quickly on the eccentric, missing half the time-under-tension benefit.","A seated pulldown using a band anchored overhead — a stable, controlled way to train the lats from the floor.","The band seated pulldown is a more controlled cousin of the kneeling pulldown — sitting on the floor or a bench takes the legs out of the equation and forces the lats and upper back to do all the work. The seated position also makes it easier for beginners to feel the right muscles firing without compensating with their hips.

This clip belongs in beginner pull programs, home workout libraries, and any app aimed at users who don't yet have the strength for a full pull-up. The seated stability also makes it a natural fit for rehab and post-injury content where balance demands need to stay low.",posters/band-seated-pulldown.webp,band-seated-pulldown.mp4
band-shrug,,Band Shrug,Trapezius,,Band,Pull,beginner,4.27,band shrug; upper traps; trap exercise; resistance band; posture; neck strength,Builds upper trap strength for posture and neck stability.; Improves the deadlift lockout by training a stronger trap contraction.; Low-impact and travel-friendly — works anywhere with a single band.,Upper-back and posture programs in fitness apps; Deadlift accessory work in strength coaching platforms; Neck-strengthening content for combat sport apps; Trap-building modules in band-only training libraries,"1. Stand on the middle of a band with feet shoulder-width apart, holding one handle in each hand at your sides. ; 2. Stand tall with arms straight, shoulders relaxed down, and chin slightly tucked for a neutral neck. ; 3. Lift both shoulders straight up toward your ears, keeping your arms straight and elbows soft. ; 4. Pause briefly at the top, squeezing the upper traps under the band's peak tension. ; 5. Lower your shoulders back down with control over a 2 to 3 second eccentric, fighting the band. ; 6. Repeat for 12 to 20 reps, focusing on the trap squeeze at the top rather than the speed.","Rolling the shoulders forward and back rather than lifting straight up — adds nothing and risks the joint.; Bending the elbows during the shrug, turning the move into a partial row.; Standing on too narrow a section of band, making the tension uneven across the two arms.; Rushing the eccentric and letting the band snap your shoulders down, losing the hardest part of the rep.",A standing band shrug that isolates the upper traps — a low-impact way to build neck and upper back strength.,"The band shrug isolates the upper traps in a clean, simple movement: stand on a band, hold the handles, and shrug your shoulders straight up. Because bands get harder as they stretch, the top of the rep is the most challenging — and that's exactly where the traps need to learn to contract hard.

For app and content use, this clip serves users building neck and upper-back strength, lifters training the deadlift lockout, and anyone working on posture. It's also a strong demo piece for beginner education on what a shrug actually feels like, since the band's tension makes the trap squeeze obvious.",posters/band-shrug.webp,band-shrug.mp4
band-single-arm-lateral-raise,,Band Single Arm Lateral Raise,Shoulders,,Band,Push,beginner,3.73,band lateral raise; single arm; side delts; shoulder exercise; resistance band; unilateral,"Builds side delt strength one arm at a time, exposing imbalances.; Trains better side-to-side symmetry for cleaner shoulder development.; Travel- and home-friendly — works with a single band, no weights.",Advanced shoulder programs in hypertrophy-focused apps; Rehab and post-injury content for shoulder recovery; Imbalance-correction modules in coaching platforms; Unilateral training libraries for serious lifters,"1. Stand on one end of a band with your right foot, holding the other handle in your right hand at your thigh. ; 2. Plant your feet shoulder-width apart, keeping a slight bend in your working elbow throughout. ; 3. Lift your right arm straight out to the side until your hand reaches shoulder height. ; 4. Pause briefly at the top, feeling the side delt squeeze under the band's peak tension. ; 5. Lower your arm back down with control over a 2 to 3 second eccentric, fighting the band the whole way. ; 6. Complete 10 to 12 reps per arm, switching sides once the working delt is fully fatigued.","Leaning the torso to the opposite side to swing the arm up — momentum cheats the side delt.; Letting the working elbow lock straight, which shifts load to the wrists and forearms.; Raising the arm above shoulder height, where the traps take over from the side delts.; Using a band tension that's too heavy and breaking form rather than dropping to clean reps.",A unilateral band lateral raise that builds the side delts one arm at a time — fixes side-to-side imbalances.,"The single-arm version of the band lateral raise lets you focus all your attention on one shoulder at a time, which is the cleanest way to identify and fix side-to-side imbalances. Most people have one shoulder noticeably weaker than the other; this exercise reveals it within a set or two.

For app and content use, this clip is the perfect complement to the standard band lateral raise. Use it in advanced shoulder programs, rehab and post-injury content, and any tracking-focused app where users want to address weaknesses they identify between sides.",posters/band-single-arm-lateral-raise.webp,band-single-arm-lateral-raise.mp4
band-squat,,Band Squat,Quadriceps; Glutes,Hamstrings; Core,Band,Squat,beginner,6.13,band squat; banded squat; quads; glutes; resistance band; bodyweight squat,"Keeps tension on the quads and glutes through the whole range of motion.; Trains the knees to track outward instead of collapsing inward.; Needs one band and no rack, bar or bench.",Band only home program blocks where no rack or bar is available.; Warm up sequences that prime knee tracking before loaded squatting.; Form correction media showing the knees pressing out against a band.; Entry level squat asset for apps that ship a resistance band kit.,1. Place a loop band around both legs just above the knees. ; 2. Stand with your feet slightly wider than hip width and toes turned out a little. ; 3. Brace your abdominals and set your chest tall with your arms in front. ; 4. Push your hips back and bend your knees while pressing outward against the band. ; 5. Lower until your thighs are roughly parallel with the floor. ; 6. Drive through your whole foot to stand tall and repeat.,"Choosing a band that is too strong, which buckles the knees inward and stresses the joint.; Letting the knees drift past the toes while the hips stay high, which shifts load off the glutes.; Rounding the lower back at the bottom instead of holding a braced trunk.; Rising onto the toes because the heels lift, which removes the drive through the whole foot.","A bodyweight squat with a loop band above the knees, keeping tension on the quads and glutes throughout.","The band squat adds a loop band above the knees to an otherwise unloaded squat. Because a band pulls harder the further it stretches, tension stays on the muscles through both the lowering and the standing phase rather than dropping off at the bottom. The quadriceps extend the knees, the gluteus maximus extends the hips, and pushing the knees outward against the band keeps them tracking over the toes instead of caving in. The hamstrings and adductors assist while the abdominals stabilize the trunk.

For a library this is the band equivalent of the air squat and one of the most requested clips for home training content. It fits bodyweight and band only programs, warm up sequences, and knee tracking or form correction material where the band makes the cue visible on screen.",posters/band-squat.webp,band-squat.mp4
band-wood-chopper,,Band Wood Chopper,Core,,Band,Rotation,advanced,5.33,band wood chopper; obliques; rotational power; core exercise; resistance band; athletic training,"Builds rotational power for golf, tennis, baseball, and combat sports.; Strengthens the obliques and entire trunk in a single athletic pattern.; Improves core control under rotation, reducing injury risk in dynamic sports.","Rotational sport programs in golf, tennis, and combat apps; Advanced core training in performance-focused fitness apps; Athletic conditioning modules for coaching platforms; Sport-specific power content for serious athletes","1. Anchor a band at shoulder height or slightly above on your left side and stand perpendicular to the anchor. ; 2. Grip the handle with both hands and step away until the band has tension across your body. ; 3. Pull the handle down and across your body toward your right hip, rotating through the torso. ; 4. Pivot your left foot as you rotate, fully turning the trunk to load the obliques explosively. ; 5. Slowly return to the starting position over 2 to 3 seconds, fighting the band's pull the whole way. ; 6. Complete 8 to 12 reps per side, then switch the anchor and work the opposite direction.","Pulling with the arms instead of rotating through the trunk — turns the move into a one-arm row.; Skipping the foot pivot, which limits the rotation range and stresses the lower back.; Going too heavy and breaking form — the chop should look athletic and controlled, not rushed.; Forgetting to work both sides equally, leaving the trunk imbalanced for rotational sport.",A diagonal band chop that trains rotational power through the obliques and the entire core — sport-ready strength.,"The band wood chopper is a rotational power exercise that mimics the motion of swinging an axe — pulling a band from high on one side down across the body to the opposite hip. It trains the obliques to produce force across the trunk, which transfers directly to sports like golf, tennis, baseball, and combat.

For app and content use, this clip is essential inventory for any rotational sport program in your library. It also fits well in advanced core blocks for general fitness users who've outgrown crunches and need a more athletic challenge.",posters/band-wood-chopper.webp,band-wood-chopper.mp4
barbell-banded-back-squat,,Barbell Banded Back Squat,Quadriceps,Glutes,Barbell,Squat,intermediate,6.13,banded squat; back squat; accommodating resistance; powerlifting; explosive strength; barbell,"Builds explosive lockout strength for the back squat.; Trains the body to accelerate through the full range, not just out of the hole.; Bridges raw strength training with athletic power development.",Advanced strength programs in powerlifting-focused apps; Sport-performance content for athletes and combat coaches; Conjugate-method training tracks in serious lifting platforms; Plateau-breaking content for experienced strength users,"1. Loop bands around the bar near the sleeves and anchor them to the bottom of the squat rack. ; 2. Step under the bar, position it on your upper traps, and unrack with feet shoulder-width apart. ; 3. Brace your core hard and squat down with control until your hip crease drops below your knees. ; 4. Drive explosively up through your heels, accelerating against the band tension as you stand. ; 5. Lock out at the top with hips fully extended, then reset your breath and brace before the next rep. ; 6. Complete 3 to 6 reps per set, prioritizing speed and bar control over pure load on the bar.","Letting the chest collapse forward at the bottom, turning the squat into a good-morning.; Slowing the ascent through the band tension instead of accelerating — defeats the point of accommodating resistance.; Setting up bands unevenly so the bar tilts during the lift, creating dangerous side-to-side load.; Using bands too heavy for the user's experience level, breaking form and risking the spine.",A back squat with bands attached to the bar — adds resistance at the top of the rep where you're strongest.,"The banded back squat layers band tension over a standard barbell back squat, creating accommodating resistance that gets harder as you stand up. This trains explosive lockout strength — a hallmark of advanced powerlifting and athletic programs because it forces the lifter to drive hard through the entire rep, not just out of the hole.

This clip is built for serious strength apps and powerlifting-focused content. It's not a beginner exercise, but for the right audience — competitive lifters, advanced strength users, athletes — it's a marquee piece. Showcasing this clip signals that your library covers the full range from beginner to advanced, not just the basics.",posters/barbell-banded-back-squat.webp,barbell-banded-back-squat.mp4
barbell-behind-the-back-30-degree-shrug,,Barbell Behind The Back 30 Degree Shrug,Trapezius,,Barbell,Pull,beginner,4.27,barbell shrug; behind the back shrug; lower traps; upper back; barbell exercise; hypertrophy,Builds the lower and mid traps that standard shrugs don't hit.; Improves shoulder-blade retraction strength for cleaner pulls and presses.; Adds detail to upper-back development for serious physique work.,Hypertrophy programs in advanced strength training apps; Posture and upper-back development content in coaching platforms; Detail-work modules for serious physique-focused users; Back-day accessory clips in powerlifting and bodybuilding tracks,"1. Stand in front of a loaded barbell racked at low height, with the bar resting just behind your hips. ; 2. Grab the bar with an overhand grip slightly wider than shoulder width, palms facing back. ; 3. Lift the bar by extending the hips and lean forward slightly to a 30-degree angle from upright. ; 4. Shrug your shoulders up and back, squeezing the shoulder blades together at the top of the lift. ; 5. Lower the shoulders back down with control over a 2-second eccentric, keeping the bar path stable. ; 6. Repeat for 8 to 12 reps, focusing on the squeeze between the shoulder blades rather than the bar height.","Standing fully upright instead of leaning to 30 degrees — kills the lower-trap angle.; Bending the elbows during the shrug, which turns the move into an upright row.; Going too heavy and rolling the shoulders forward, exposing the front of the shoulder to strain.; Skipping the squeeze at the top — the contraction is the entire point of the exercise.",A barbell shrug performed with the bar behind the body at a 30-degree lean — hits the lower traps and rear delts.,"The behind-the-back shrug shifts trap work toward the lower and middle traps — areas standard front-loaded shrugs barely touch. Holding the bar behind the body at a slight lean changes the shrug angle, forcing the shoulder blades to retract and depress instead of just elevate.

This is a polished, advanced clip for serious back-and-posture programming in your library. Hypertrophy programs, postural correction content, and lifters working on a fuller back will all use this exercise. It's the kind of detail-level inclusion that makes a library feel comprehensive rather than generic.",posters/barbell-behind-the-back-30-degree-shrug.webp,barbell-behind-the-back-30-degree-shrug.mp4
barbell-bench-press,,Barbell Bench Press,Chest,Triceps,Barbell,Push,intermediate,6.67,barbell bench press; chest exercise; push day; barbell; compound lift; upper body,"Builds raw horizontal pressing strength for sport and lifting.; Develops chest mass, triceps thickness, and front-delt size.; Reinforces full-body stability and bracing under heavy load.",Push-day workout flows in strength training apps; Hypertrophy program assets for coaching platforms; Beginner-to-advanced strength education modules; Hero clips and thumbnails for chest and pressing content,"1. Lie on the bench with your eyes directly under the bar and your feet planted flat on the floor. ; 2. Pull your shoulder blades back and down into the bench to create a stable pressing platform. ; 3. Grip the bar slightly wider than shoulder width with wrists stacked over elbows, then unrack to full arm extension. ; 4. Lower the bar slowly to your lower chest with elbows tracked at about 60 to 75 degrees from your torso. ; 5. Pause briefly with the bar touching the chest, keeping full-body tension and a tight upper back. ; 6. Drive the bar back up explosively by pressing through the chest and triceps until the arms lock out.","Letting the elbows flare to 90 degrees, which strains the front shoulders and reduces chest engagement.; Losing the shoulder-blade squeeze mid-rep, causing the shoulders to roll forward under load.; Bouncing the bar off the chest to use momentum instead of a controlled touch or pause.; Lifting the glutes off the bench for leverage, which destabilizes the lift and risks back strain.","The classic horizontal press for chest, triceps, and front-delt strength — the cornerstone of every push day.","The barbell bench press is the most recognized strength exercise in the world. It builds the chest, triceps, and front shoulders through a controlled horizontal press, and it remains the gold standard for measuring upper-body pressing strength in both training programs and powerlifting competitions.

For any fitness app or coaching platform, the bench press isn't optional inventory — it's table stakes. Users expect to see it in any push-day workout, every strength program, and any beginner-to-advanced track. Ship this clip in your core library and use it as a recognizable thumbnail or hero piece for your strength content.",posters/barbell-bench-press.webp,barbell-bench-press.mp4
barbell-bent-over-row,,Barbell Bent Over Row,Back,Biceps,Barbell,Pull,intermediate,5.33,barbell row; bent over row; back exercise; lats; compound lift; barbell,"Builds the lats, mid-back, and biceps under heavy compound load.; Trains the lower back and core to hold position under tension.; Balances out heavy bench pressing and protects shoulder health.",Pull-day workout flows in strength training apps; Hypertrophy programs for back development in coaching platforms; Strength education modules covering compound pulling patterns; Hero clips for back and pull-focused library packs,"1. Stand with feet shoulder-width apart and grip the barbell with hands just outside your knees, palms facing you. ; 2. Hinge at your hips with a flat back until your torso is at about a 45-degree angle to the floor. ; 3. Brace your core hard and let the bar hang directly below your shoulders at full arm extension. ; 4. Pull the bar up to your lower chest, keeping your elbows tucked at about 45 degrees from your torso. ; 5. Squeeze your shoulder blades together at the top, fully contracting the lats and mid-back. ; 6. Lower the bar back down with control over 2 to 3 seconds, keeping the back position locked the whole time.","Standing too upright, turning the row into a partial deadlift instead of a back exercise.; Rounding the lower back as you pull, which puts the spine at serious risk under load.; Pulling with the biceps and bending the wrists, leaving the lats and mid-back understimulated.; Using too much momentum and swinging the bar up — the back stops working when the body cheats.","A heavy horizontal pull from a hinged position — builds the lats, mid-back, and biceps in one of the most efficient movements in the gym.","The barbell bent-over row is one of the most efficient back-builders in any program. By hinging at the hips and rowing a loaded barbell to the lower chest, it trains the lats, mid-back, and biceps under heavy load while also forcing the lower back and core to work isometrically to hold the position.

For any fitness app or coaching platform, this clip is core inventory for pull-day, hypertrophy, and strength programs. It's also one of the most recognized exercises in the gym, making it a strong thumbnail and hero piece for back-focused library packs and educational content.",posters/barbell-bent-over-row.webp,barbell-bent-over-row.mp4
barbell-bent-over-row-overhand,,Barbell Bent Over Row - Overhand,Back; Trapezius,Biceps; Shoulders; Core,Barbell,Pull,intermediate,8.27,barbell row; bent over row; back; lats; overhand; horizontal pull,Loads the lats and mid back with a heavy bilateral pull.; Trains the hinge position isometrically while the arms row.; Produced the highest middle and lower trapezius activation of the eight back exercises compared in electromyography testing.,Barbell-only filter where the bent over row anchors the pulling volume.; Horizontal pull slot in push-pull strength templates.; Technique breakdown content on hinge position and bar path.; Intermediate strength blocks paired with a bench press.,"1. Stand with the barbell over your midfoot and grip it with both palms facing down. ; 2. Set your feet hip width apart and put a slight bend in your knees. ; 3. Push the hips back and fold forward until the torso sits close to horizontal. ; 4. Brace your abdominals and let the bar hang with your arms straight. ; 5. Pull the bar to your belly button, driving your elbows past your ribs. ; 6. Lower the bar under control back to arms length and repeat.","Standing up as you pull, which turns the row into a shrug and unloads the lats.; Rounding the lower back under load, which puts shear stress on the lumbar spine.; Pulling to the chest instead of the belly button, which cuts lat involvement.; Driving with the legs so the bar moves but the back barely works.","A hip-hinged barbell row pulled with palms down to the belly button, loading the lats and mid back together.","The overhand barbell bent over row is a horizontal pull performed from a hinged position. You take the bar with a pronated grip, fold forward at the hips until the torso sits close to horizontal, then row by sending the elbows past the ribs as the shoulder blades draw together, finishing with the bar against the abdomen. Across the eight back exercises compared in electromyography testing, the bent over row produced the highest activation of the middle trapezius, lower trapezius and erector spinae, which is why it reads as a mid back builder as much as a lat exercise.

In a product this is the anchor clip for barbell pull days and strength program templates. Use it in barbell-only equipment filters, in strength blocks that pair a press with a row, and in form-cue content where the hinge and the bar path must stay visible.",posters/barbell-bent-over-row-overhand.webp,barbell-bent-over-row-overhand.mp4
barbell-clean-and-press,,Barbell Clean And Press,Core; Glutes; Shoulders,,Barbell,Push,advanced,9.87,barbell clean and press; total body; olympic lift; barbell; compound lift; strength training,"Builds total-body power from the floor through the shoulders.; Trains coordinated strength across legs, back, and pressing muscles.; Improves overhead stability and bracing under a moving load.",Strength-and-conditioning workout flows in athletic apps; CrossFit-style WOD assets for hybrid training platforms; Total-body power education modules for coaching apps; Hero clips for Olympic-adjacent lifting content,"1. Stand with feet hip-width apart, bar over mid-foot, and grip just outside the knees with a flat back. ; 2. Drive through the floor and pull the bar up the body, keeping it close as the hips and knees extend. ; 3. Pull yourself under the bar quickly and catch it on the front of the shoulders with elbows pointing forward. ; 4. Stand fully tall with the bar racked, brace the core, and reset your breath before the press. ; 5. Press the bar straight overhead by pushing through the shoulders and triceps until the arms lock out. ; 6. Lower the bar back to the shoulders, then to the floor with control to reset for the next rep.","Yanking the bar with the arms early instead of driving the legs and hips first, which kills power.; Catching the bar with low elbows, which collapses the rack position and stresses the wrists.; Pressing the bar in front of the head instead of straight up, which strains the lower back and shoulders.; Rounding the back on the pull from the floor, putting the spine in a weak and risky position.","A full-body lift that pulls the bar from the floor to overhead in two phases — power, posture, and pressing strength in one rep.","The barbell clean and press is a full-body strength and power lift. The bar is pulled from the floor to the front of the shoulders in one explosive movement, then pressed overhead. It builds the lower back, glutes, and front shoulders together, and trains the kind of coordinated power that pure isolation work never touches.

This is a marquee clip for any strength-and-conditioning app, athletic prep program, or CrossFit-style track. App builders use it as the centerpiece of total-body conditioning blocks and as a teaching reference for two-phase lifts. Ship it alongside your snatch and overhead press clips to round out a complete Olympic-adjacent library.",posters/barbell-clean-and-press.webp,barbell-clean-and-press.mp4
barbell-close-grip-bench-press,,Barbell Close Grip Bench Press,Triceps,Chest,Barbell,Push,intermediate,6.4,barbell close grip bench press; triceps exercise; push day; barbell; compound lift; arm day,Builds heavy triceps strength for stronger lockouts and overall pressing.; Adds size to the triceps and inner chest with one barbell movement.; Reinforces tight elbow tracking that carries over to all bench work.,Push-day workout flows in strength training apps; Powerlifting accessory blocks in coaching platforms; Arm-day hypertrophy assets for bodybuilding programs; Lockout-fix tutorials for bench-focused content,"1. Lie on the bench with eyes under the bar and feet planted flat on the floor for a stable base. ; 2. Grip the bar with hands about shoulder-width apart, slightly inside your normal bench grip. ; 3. Pull your shoulder blades back and down, then unrack the bar to full arm extension over the chest. ; 4. Lower the bar slowly to the lower chest with elbows tucked close to your sides at around 30 to 45 degrees. ; 5. Pause briefly at the chest, keeping the wrists stacked over the elbows and full-body tension intact. ; 6. Press the bar back up by driving through the triceps until the arms are fully locked out.","Gripping the bar too narrow, which strains the wrists without adding any extra triceps work.; Letting the elbows flare out wide, turning the lift back into a regular bench and reducing triceps load.; Bouncing the bar off the chest to use momentum instead of a controlled pause and press.; Allowing the wrists to bend back under the bar, which leaks force and stresses the joints.",A narrow-grip horizontal press that loads the triceps hard while still working the chest — the heaviest triceps lift in the gym.,"The barbell close grip bench press is the heaviest triceps exercise you can program. By bringing the hands inside shoulder-width on a standard bench setup, the elbows tuck close to the torso and the triceps take over the lockout, with the chest assisting through the bottom range. It's a favorite of powerlifters and bodybuilders alike for adding pressing strength and arm size at the same time.

For app builders, this is an essential second pressing variation in any push-day catalog. Ship it next to your flat bench and overhead press clips so users have a clear progression for triceps work without leaving the barbell. It also doubles as a strong teaching piece for lifters trying to fix their bench lockout.",posters/barbell-close-grip-bench-press.webp,barbell-close-grip-bench-press.mp4
barbell-curl,,Barbell Curl,Biceps,,Barbell,Isolation,intermediate,6.4,barbell curl; biceps exercise; arm day; barbell; isolation lift; upper body,Builds biceps size and strength with a heavier load than dumbbells allow.; Trains both arms together for balanced symmetrical growth.; Reinforces strict elbow flexion mechanics that carry over to all curls.,Arm-day workout flows in hypertrophy apps; Beginner biceps education in coaching platforms; Pump-day content for trainer Reels and TikToks; Accessory work in upper-body strength programs,"1. Stand tall with feet shoulder-width apart, gripping the bar underhand at shoulder width with arms fully extended. ; 2. Pin your elbows to your sides and brace your core to stop your torso from swinging back. ; 3. Curl the bar upward by bending only at the elbows, keeping the upper arms locked in place. ; 4. Squeeze the biceps hard at the top with the bar near the front of the shoulders. ; 5. Lower the bar slowly over 2 to 3 seconds, fighting the bar all the way back to full extension. ; 6. Pause at the bottom in a fully straight-arm position, then repeat for clean controlled reps.","Swinging the torso to throw the bar up, which transfers work from the biceps to the lower back.; Drifting the elbows forward at the top, which turns the curl into a partial front raise.; Cutting the range short and not extending the arms fully at the bottom of each rep.; Gripping the bar too wide, which shifts tension off the biceps and stresses the wrists.",The original biceps builder — a standing two-handed curl that loads both arms heavy and trains pure elbow flexion strength.,"The barbell curl is the most iconic biceps exercise in the gym. Standing with a shoulder-width underhand grip, the lifter curls the bar from full extension to the shoulders using only the biceps, with the elbows pinned at the sides. It allows heavier loading than dumbbells and keeps tension on both arms evenly through the full range.

For any fitness app or coaching platform, the barbell curl is a must-have arm-day staple. Ship it alongside your hammer curl and dumbbell curl clips to give users a clear curl-variation set, and use it as a hero asset for biceps content, pump-day Reels, and beginner arm tutorials.",posters/barbell-curl.webp,barbell-curl.mp4
barbell-deadlift,,Barbell Deadlift,Trapezius; Core,Glutes,Barbell,Hinge,intermediate,7.47,barbell deadlift; hinge; back exercise; barbell; compound lift; pull day,"Builds total-body pulling strength led by the back, glutes, and hamstrings.; Trains the hinge pattern that protects the back in everyday lifting.; Develops grip, core bracing, and full-body tension under heavy load.","Pull-day workout flows in strength training apps; Powerlifting program assets for coaching platforms; Hinge pattern education for beginner-to-advanced tracks; Hero clips for back, glutes, and pulling content","1. Stand with feet hip-width apart, the bar over mid-foot, and shins about an inch from the bar. ; 2. Hinge down and grip the bar just outside the knees with a flat back and chest tall. ; 3. Pull the slack out of the bar, brace your core, and take a big breath into your stomach. ; 4. Push the floor away with your legs while keeping the bar dragging close to your shins. ; 5. Stand fully tall by squeezing the glutes and locking out the hips and knees together. ; 6. Lower the bar by hinging at the hips first, then bending the knees once it passes them.","Rounding the lower back on the lift-off, which puts the spine in a weak position under heavy load.; Yanking the bar off the floor without pulling the slack first, leading to a jerky pull and missed reps.; Letting the bar drift away from the shins, which lengthens the lever arm and crushes the lower back.; Hyperextending at the top instead of finishing with a tight glute squeeze and stacked rib cage.","The conventional pull from the floor — the gold-standard hinge that loads the back, glutes, and hamstrings heavier than any other lift.","The barbell deadlift is the heaviest lift most people will ever perform. The lifter pulls the bar from the floor to a standing lockout in a single hinge pattern, training the lower back, mid-back, glutes, and hamstrings together under maximum load. It's the lift powerlifters compete in, athletes use to build pulling strength, and lifelong gymgoers return to as the truest test of full-body strength.

For any strength app or coaching product, the deadlift is non-negotiable inventory. Users expect to see it in every pull-day flow, every strength program, and every powerlifting track. Use this clip as a hero piece for hinge education, programming examples, and the foundational pulling tutorial in your library.",posters/barbell-deadlift.webp,barbell-deadlift.mp4
barbell-drag-curl,,Barbell Drag Curl,Biceps,,Barbell,Isolation,intermediate,8,barbell drag curl; biceps exercise; long head biceps; barbell; isolation lift; arm day,Targets the long head of the biceps for thicker peak development.; Builds top-end biceps contraction strength missed by standard curls.; Reinforces strict form by removing front-shoulder cheating.,Advanced arm-day workouts in hypertrophy apps; Bodybuilding accessory blocks for physique coaching platforms; Biceps variation libraries for online training courses; Peak-development content for advanced trainer Reels,"1. Stand tall holding a barbell with an underhand grip at shoulder width and arms fully extended. ; 2. Brace your core and pin your shoulders down and back to lock the upper body in place. ; 3. Pull the bar straight up the front of your torso by driving your elbows back behind you. ; 4. Stop the bar at the upper chest with elbows tucked back, feeling a strong biceps contraction. ; 5. Lower the bar slowly down the front of the body, keeping it in contact with the torso. ; 6. Finish with arms fully extended and elbows reset under the shoulders before the next rep.","Letting the elbows drift forward like a regular curl, which removes the long-head bias.; Using too much weight, which forces the body to swing and breaks the dragging path of the bar.; Cutting the bottom range short and not fully straightening the arms between reps.; Rounding the shoulders forward to chase the bar up, which loads the front delts instead.","A barbell curl variation that drags the bar up the torso, pulling the elbows back to bias the long head of the biceps.","The barbell drag curl flips the standard curl pattern. Instead of moving the bar in front of the body, the lifter drags it straight up the torso while the elbows travel back behind the body. This shifts tension to the long head of the biceps and produces a strong contraction at the top with no help from the front shoulders.

For app builders working in hypertrophy or bodybuilding niches, this is a clean intermediate-level curl variation that signals deeper programming knowledge. Ship it in advanced arm-day blocks, pair it with the barbell curl as an immediate follow-up, and use it as accessory inventory in coaching platforms that specialize in physique work.",posters/barbell-drag-curl.webp,barbell-drag-curl.mp4
barbell-floor-press,,Barbell Floor Press,Chest,Triceps; Shoulders,Barbell,Push,intermediate,5.07,floor press; barbell; chest; triceps; horizontal press; lockout,"Loads the top half of the press heavily, which carries over to bench press lockout strength.; Limits shoulder extension, so it suits lifters who find deep bench pressing uncomfortable.; Needs only a bar and floor space, which makes it viable in gyms without a bench.",Accessory press slots in powerlifting and strength app templates.; Shoulder friendly pressing alternatives inside programming decision trees.; Minimal equipment and garage gym workout collections.; Comparison content that contrasts floor press and bench press range of motion.,"1. Load a barbell and lie back on the floor with the bar over your chest, or have a partner pass it to you. ; 2. Bend your knees and plant your feet, keeping head, shoulders and hips in contact with the floor. ; 3. Grip the bar slightly wider than shoulder width and pull your shoulder blades down and together. ; 4. Lower the bar under control until the back of your upper arms just touches the floor. ; 5. Pause for a beat without relaxing, then press the bar back up over your chest. ; 6. Stop just short of locking the elbows and repeat for the prescribed reps.","Bouncing the elbows off the floor, which loses tension and sends a shock load through the elbow joint.; Flaring the elbows out to ninety degrees, which stresses the shoulder without adding chest work.; Driving with the legs as if bench pressing, which lifts the hips and shortens the intended range.; Locking out hard on every rep, which hands the work to the joints instead of the triceps and chest.","A supine barbell press from the floor that stops the elbows at ground level, cutting range and loading the lockout.","The barbell floor press is a horizontal press performed lying on the floor rather than a bench. The ground stops the upper arms partway down, which removes the deepest part of the range and takes the stretch off the shoulder. Less range means the triceps carry a larger share of the work and heavier loads can be handled than in a full bench press. Leg drive is unavailable because the hips stay flat, so the chest, front deltoids and triceps produce the lift on their own.

For an asset library this clip covers a pressing variation that shows up in powerlifting accessory work, shoulder friendly programming and minimal-equipment gym plans. The side view makes the floor contact point obvious, which is exactly the detail a written description struggles to convey inside an app.",posters/barbell-floor-press.webp,barbell-floor-press.mp4
barbell-front-rack-step-up-knee-drive,,Barbell Front Rack Step Up Knee Drive,Quadriceps,Glutes,Barbell,Lunge,intermediate,6.4,barbell front rack step up; quads exercise; single leg; barbell; leg day; athletic prep,Builds single-leg quad and glute strength under a real load.; Trains hip drive and knee lift power for sprinting and jumping.; Reinforces balance and core bracing under a front-racked bar.,Athletic prep workouts in sport-specific training apps; Single-leg strength blocks for hybrid coaching platforms; Runner and sprinter program assets in performance apps; Unilateral leg-day variation libraries for trainers,"1. Set a box at about knee height and rack the barbell across the front of your shoulders with high elbows. ; 2. Stand close to the box, brace your core, and place one foot fully flat on top of it. ; 3. Drive through the full foot on the box to stand tall, keeping the chest up and bar steady. ; 4. At the top, drive the trailing knee up and forward to hip height in a sprint-style action. ; 5. Lower that leg back down and step the foot off the box under control with no thud. ; 6. Reset to the starting position and repeat for the prescribed reps before switching legs.","Pushing off the trailing leg instead of driving through the working leg on top of the box.; Letting the front-rack elbows drop, which collapses the bar onto the chest and rounds the back.; Choosing a box that's too tall, forcing a hip-shift and removing tension from the quads.; Stepping down hard instead of with control, beating up the joints and breaking position.","A loaded single-leg step-up with a driving knee at the top — quad strength, glute power, and balance under a front-racked bar.","The barbell front rack step up with knee drive is a single-leg strength and power exercise. The lifter holds the bar in a front-rack position, steps onto a box with one foot, and drives the opposite knee up at the top of each rep. It loads the quads and glutes hard while training balance, hip drive, and core stability under a front-loaded barbell.

For athletic performance and hybrid training apps, this is a high-value clip. It bridges leg-strength work and sprint-style knee drive in one movement, making it ideal for sport-specific prep blocks, runner programs, and combat-sport conditioning. Ship it as part of a unilateral leg library to give programming variety beyond standard squats.",posters/barbell-front-rack-step-up-knee-drive.webp,barbell-front-rack-step-up-knee-drive.mp4
barbell-high-incline-bench-press,,Barbell High Incline Bench Press,Chest,Shoulders; Triceps,Barbell,Push,intermediate,2.93,barbell high incline bench press; upper chest; push day; barbell; compound lift; chest exercise,Builds upper-chest size that fills out the top of the torso.; Strengthens the front shoulders for better overhead press carryover.; Adds a fresh pressing angle that breaks plateaus on flat bench.,Push-day workout flows in hypertrophy apps; Upper-chest specialization blocks for bodybuilding platforms; Bench variation libraries for online lifting courses; Accessory pressing assets in shoulder-strength programs,"1. Set the bench to a steep incline of around 60 degrees and lie back with your feet planted flat. ; 2. Grip the bar slightly wider than shoulder width and pull your shoulder blades back into the pad. ; 3. Unrack the bar to full arm extension and stack the wrists directly over the elbows. ; 4. Lower the bar slowly to the upper chest, just below the collarbone, with elbows tracking under the bar. ; 5. Pause briefly with the bar at the chest, keeping core tension and a tight upper back. ; 6. Press the bar back up along the same path until the arms are fully locked out over the upper chest.","Setting too steep an angle near vertical, which turns the lift into an overhead press and loses chest involvement.; Lowering the bar to the lower chest like a flat bench, which strains the shoulders at this angle.; Flaring the elbows wide, which loads the front of the shoulders instead of the upper chest.; Lifting the hips off the bench to cheat the press, which ruins the angle and risks back strain.",A steep-incline barbell press around 60 degrees that pushes most of the load into the upper chest and front shoulders.,"The barbell high incline bench press is set on a bench inclined to roughly 60 degrees — steeper than a standard incline. That angle moves the load almost entirely onto the upper chest and front shoulders, building the clavicular fibers of the pec that fill out the top of the chest. It also takes pressure off the lower chest and gives lifters a strong overhead-press carryover.

For coaching and bodybuilding apps, this is a high-value pressing variation that signals advanced programming. Ship it next to your flat and incline bench clips to give users a complete chest-angle set. It's also a great fit for shoulder-strength accessory work and any push-day track focused on building the upper torso.",posters/barbell-high-incline-bench-press.webp,barbell-high-incline-bench-press.mp4
barbell-hip-thrust,,Barbell Hip Thrust,Glutes,Hamstrings; Core,Barbell,Hinge; Isolation,intermediate,9.07,barbell hip thrust; hip thrust; glutes; hip extension; barbell; posterior chain,"Keeps the glutes under tension across the entire range of motion.; Loads hip extension without compressing the spine under a bar.; Applies force horizontally, which matches the hip demand of sprinting.",Glute specialization blocks where load climbs week to week and the bar makes the increment measurable.; Glute and posterior chain program blocks.; Sprint and acceleration accessory content for athletes.; Reference clip for comparing hip thrust and bridge variations.,1. Sit on the floor with your upper back against the long edge of a bench. ; 2. Roll a padded barbell over your legs into the crease of your hips. ; 3. Set your feet flat at about shoulder width with the shins vertical at the top. ; 4. Brace your abdominals and tuck your ribs down toward your hips. ; 5. Drive both feet into the floor and extend the hips until the torso is parallel with the floor. ; 6. Lower the bar under control back toward the floor and repeat.,"Arching the lower back at lockout instead of finishing with the glutes, which loads the lumbar spine.; Letting the hips drop or rotate on the way up, so one side does more of the work.; Setting the feet too far forward, which shifts the drive onto the hamstrings.; Cutting the range short at the top, which skips the peak glute contraction the lift exists for.","A bench supported bridge with a barbell across the hips, driven to full hip extension by the glutes.","The barbell hip thrust loads hip extension horizontally instead of vertically. You sit with your upper back against a bench, roll a padded barbell into the hip crease, then press the hips up until the torso is parallel with the floor. Because the load sits on the hips rather than the spine, the glutes stay under tension across the whole range. An EMG comparison of barbell, band and American hip thrust variations found the barbell version produced the highest mean gluteus maximus amplitude. The hamstrings assist and the abdominals hold a posterior pelvic tilt at lockout.

For an asset library this is the anchor clip of any glute collection. It fits barbell equipment filters, glute and posterior chain program blocks, and sprint or acceleration training content.",posters/barbell-hip-thrust.webp,barbell-hip-thrust.mp4
barbell-incline-bench-press,,Barbell Incline Bench Press,Chest,Shoulders; Triceps,Barbell,Push,intermediate,5.87,barbell incline bench press; upper chest; push day; barbell; compound lift; chest exercise,"Builds upper-chest size for a fuller, squarer torso.; Strengthens the front shoulders alongside the chest in one lift.; Reinforces controlled pressing form that carries over to flat bench.",Push-day workout flows in strength training apps; Hypertrophy split assets for bodybuilding platforms; Upper-chest education modules in coaching apps; Aesthetic-focused content for physique trainer Reels,"1. Set the bench to about 30 to 45 degrees and lie back with feet planted flat on the floor. ; 2. Grip the bar slightly wider than shoulder width and pull the shoulder blades back into the pad. ; 3. Unrack the bar to full arm extension with the wrists stacked directly over the elbows. ; 4. Lower the bar slowly to the upper chest with elbows tracked at about 60 to 75 degrees from the torso. ; 5. Pause briefly at the chest, keeping a tight upper back and full body tension. ; 6. Drive the bar back up by pressing through the upper chest and triceps until the arms lock out.","Setting the bench too flat or too steep, which dilutes the upper-chest target either way.; Letting the elbows flare wide to 90 degrees, which strains the front shoulders.; Lifting the hips off the bench for leverage, which destabilizes the press and stresses the back.; Bouncing the bar off the chest to use momentum instead of a controlled touch and press.","The 30-to-45-degree incline press that builds the upper chest, front delts, and triceps — the second pillar of any push day.","The barbell incline bench press is the upper-chest counterpart to the flat bench. With the bench set to roughly 30 to 45 degrees, the press path lengthens through the upper chest and front shoulders, building the part of the pec that gives the torso its full, square shape. It's a staple in every serious chest program from beginner to advanced.

For any fitness app or coaching platform, the incline bench is the second pressing clip you ship after the flat bench. It's a default in push-day flows, hypertrophy splits, and aesthetics-focused tracks, and it doubles as a clean teaching reference for trainers explaining the upper-chest angle to clients.",posters/barbell-incline-bench-press.webp,barbell-incline-bench-press.mp4
barbell-muscle-snatch,,Barbell Muscle Snatch,Core; Glutes; Shoulders,,Barbell,Pull,intermediate,5.6,barbell muscle snatch; olympic lift; snatch progression; barbell; strength training; total body,"Builds strict pulling and pressing strength from floor to overhead.; Teaches the snatch path without the demand of a deep catch.; Strengthens the lower back, glutes, and shoulders as one chain.",Olympic lifting progression assets for weightlifting apps; Snatch teaching modules in strength coaching platforms; Athletic prep blocks for hybrid training programs; Technique tutorials for online lifting courses,"1. Stand with feet hip-width apart and the bar over mid-foot, gripping it wide with a flat back. ; 2. Pull the slack out of the bar, brace your core, and take a deep breath into your stomach. ; 3. Drive through the floor and pull the bar up the body, keeping it close as the hips extend. ; 4. Continue pulling the bar overhead in one smooth motion using the shoulders without dipping under. ; 5. Finish standing tall with the bar locked out overhead, biceps near the ears and core braced. ; 6. Lower the bar back to the front of the hips, then to the floor with control before the next rep.","Bending the knees to dip under the bar, which turns the lift into a power snatch and loses the strict pull.; Pulling the bar away from the body, which forces the lower back to compensate at lockout.; Pressing the bar out at the top instead of pulling it overhead, which strains the shoulders.; Using too much weight, which breaks the strict pattern and removes the teaching benefit.",A snatch variation that pulls the bar from the floor to overhead with no dip under — a strict-strength teaching lift for the snatch.,"The barbell muscle snatch is a strict-strength version of the snatch. Instead of catching the bar in a deep overhead squat, the lifter pulls the bar all the way from the floor to a standing overhead lockout in one continuous motion, with no dip under the bar. It builds the lower back, glutes, and front shoulders together while training the upward-pull pattern that powers the full snatch.

For coaching apps and weightlifting tracks, this is the go-to teaching clip for athletes learning the snatch family. Ship it as a progression piece before the power snatch and full snatch — it lets users practice the pull and overhead path without the technical demand of a deep catch.",posters/barbell-muscle-snatch.webp,barbell-muscle-snatch.mp4
barbell-overhead-press,,Barbell Overhead Press,Shoulders,Triceps,Barbell,Push,intermediate,8.27,barbell overhead press; shoulder exercise; push day; barbell; compound lift; strength training,"Builds strict overhead pressing strength in the shoulders and triceps.; Develops core bracing and full-body stability under load.; Adds shoulder size for a wider, more capped upper body.",Push-day workout flows in strength training apps; Shoulder-day program assets for hypertrophy platforms; Beginner strength education in coaching apps; Bracing and posture tutorials in trainer content,"1. Stand with feet shoulder-width apart and rack the bar across the front of the shoulders just under the chin. ; 2. Grip the bar slightly wider than shoulder width with the wrists stacked over the elbows. ; 3. Brace your core, squeeze the glutes, and take a big breath to lock the torso in place. ; 4. Press the bar straight up by pushing through the shoulders and triceps, moving your head back slightly. ; 5. Lock out the arms overhead with the bar over the middle of the foot and biceps near the ears. ; 6. Lower the bar back to the front of the shoulders under control, reset your breath, and repeat.","Pressing the bar in front of the head instead of straight up, which strains the lower back and shoulders.; Leaning back excessively to turn the lift into an incline press, which overloads the spine.; Failing to brace the core, which lets the rib cage flare and weakens the press.; Bending the knees and using leg drive, which makes the lift a push press and not a strict press.",The standing strict press from shoulders to overhead — the gold-standard test of pure shoulder strength and bracing.,"The barbell overhead press is the most honest shoulder lift in the gym. Standing with the bar racked at the shoulders, the lifter presses the bar straight overhead to a full lockout using only the shoulders and triceps — no leg drive, no bench support. It builds the front shoulders and triceps, and it tests core bracing and full-body stability under a heavy overhead load.

For any strength training app, this is a foundational push clip that belongs in every serious program. Ship it next to the bench press as the second pillar of pressing work, and use it for shoulder-day flows, beginner strength programs, and bracing tutorials. App builders also lean on it as a clean reference for the proper standing-press setup.",posters/barbell-overhead-press.webp,barbell-overhead-press.mp4
barbell-power-snatch,,Barbell Power Snatch,Core; Glutes; Shoulders,,Barbell,Pull,intermediate,5.87,barbell power snatch; olympic lift; power training; barbell; athletic prep; total body,Builds explosive total-body power from floor to overhead.; Trains hip extension speed that carries over to sprints and jumps.; Develops overhead stability and quick under-the-bar mechanics.,Athletic prep workouts in sport-specific training apps; Olympic lifting progression assets for weightlifting platforms; Power-development blocks in hybrid coaching apps; Speed and conditioning content for combat-sport programs,"1. Stand with feet hip-width apart and the bar over mid-foot, gripping the bar wide with a flat back. ; 2. Pull the slack out of the bar, brace your core, and take a deep breath into your belly. ; 3. Drive the legs into the floor and accelerate the bar up the body as the hips extend explosively. ; 4. Pull yourself under the bar quickly and catch it overhead with arms locked out and elbows tight. ; 5. Stop the catch in a quarter-squat position with the bar stable directly over the middle of the foot. ; 6. Stand fully tall, then lower the bar back to the hips and down to the floor under control.","Pulling with the arms early instead of driving the legs and hips first, which kills bar speed.; Catching the bar with bent or soft elbows, which collapses the lockout and risks shoulder strain.; Letting the bar swing away from the body, which forces the lower back to recover the lift.; Catching too low into a full squat, which turns the power snatch into a regular snatch.","An explosive pull from the floor to overhead, caught in a quarter squat — full-body power without the depth of a full snatch.","The barbell power snatch pulls the bar from the floor to overhead in one explosive motion, caught with the bar locked out and the lifter only in a partial squat. It trains the same back, glute, and hamstring power as the full snatch but skips the deep overhead catch, making it more accessible and a popular tool for athletes building speed and pulling power.

For athletic performance and hybrid training apps, this is a key clip in any power-development library. Ship it as part of an Olympic-lifting progression — between the muscle snatch and the full snatch — and use it as a hero asset for sprint, jump, and combat-sport prep content where bar-speed matters more than top-end load.",posters/barbell-power-snatch.webp,barbell-power-snatch.mp4
barbell-pullover,,Barbell Pullover,Back,,Barbell,Pull,intermediate,4.27,barbell pullover; lats exercise; back accessory; barbell; isolation lift; upper body,Builds lats through a deep loaded stretch most pulls miss.; Adds chest and serratus involvement as a secondary benefit.; Reinforces overhead shoulder mobility under controlled load.,Back-day accessory work in hypertrophy apps; Stretch-focused supersets in coaching platforms; Mobility-blended upper-body programs in fitness apps; Rib-cage and serratus content for physique trainers,"1. Lie back on a flat bench with your head supported and feet planted flat on the floor. ; 2. Hold a barbell over your chest with a shoulder-width grip and a slight bend in the elbows. ; 3. Brace your core and pull your shoulder blades back and down into the bench. ; 4. Lower the bar slowly in an arc behind your head until you feel a deep stretch in the lats. ; 5. Pause briefly at the bottom, keeping the elbow angle locked, then pull the bar back over the chest. ; 6. Stop the bar above the chest line and reset before the next controlled rep.","Bending and straightening the elbows mid-rep, which turns the lift into a triceps extension.; Lowering the bar too fast, which strains the front shoulders without loading the lats.; Lifting the lower back off the bench, which removes tension from the lats and stresses the spine.; Using too much weight, which forces the elbows to collapse and breaks the overhead arc.","A bench-based overhead arc that stretches and loads the lats — an old-school accessory for back, chest, and rib-cage development.","The barbell pullover is a classic accessory lift that loads the lats through a long overhead arc. Lying on a bench, the lifter holds the bar with straight or slightly bent arms and lowers it back behind the head, then pulls it back over the chest. It stretches the lats deeply, hits the chest as a secondary mover, and was a staple of golden-era bodybuilding for opening up the rib cage.

For app builders working in hypertrophy, rehab-adjacent training, or mobility-blended programs, the pullover is a smart inclusion. Ship it as accessory inventory in back-day blocks, as a supersetting partner for pulldowns, or as a stretch-loaded option in shoulder-friendly upper-body tracks.",posters/barbell-pullover.webp,barbell-pullover.mp4
barbell-rack-pull,,Barbell Rack Pull,Trapezius; Core,,Barbell,Hinge,beginner,6.67,barbell rack pull; partial deadlift; back exercise; barbell; pull day; compound lift,"Builds upper-back and trap thickness with heavier loads than full deadlifts.; Strengthens the deadlift lockout for stronger pulls overall.; Teaches the hinge pattern through a shorter, easier range.",Pull-day workout flows in strength training apps; Deadlift accessory blocks for powerlifting platforms; Beginner hinge education in coaching apps; Back-thickness content for physique trainer Reels,"1. Set the safety pins in a rack at about knee height and load the bar to your working weight. ; 2. Stand with feet hip-width apart, bar over mid-foot, and grip just outside the knees. ; 3. Pull the slack out of the bar, brace the core, and pull the chest up tall with a flat back. ; 4. Drive the floor away with your legs while keeping the bar dragging close to your thighs. ; 5. Stand fully tall by squeezing the glutes and locking out the hips and knees together. ; 6. Lower the bar back to the pins under control, reset your breath, and repeat for clean reps.","Setting the pins too low or too high, which removes the partial-lift benefit and risks form breakdown.; Rounding the upper back hard to grind the rep, which strains the spine under heavy load.; Hyperextending at the top instead of finishing with a tight glute squeeze and stacked rib cage.; Bouncing the bar off the pins and using momentum instead of resetting between reps.",A partial deadlift pulled from a raised pin position — heavy back loading without the demand of a full lift from the floor.,"The barbell rack pull is a partial deadlift performed from pins set around knee height. By starting from a higher position, the lifter can load more weight than a full deadlift and focus tension on the upper back, traps, and lockout strength. It's a favorite accessory for building mid-back thickness and breaking through deadlift sticking points.

This clip is an easy add for any beginner-friendly strength app — the shorter range and more forgiving setup make it a great teaching piece for the hinge pattern before users progress to a full deadlift. App builders also use it as accessory inventory in pull-day flows and powerlifting programs targeting the deadlift lockout.",posters/barbell-rack-pull.webp,barbell-rack-pull.mp4
barbell-reverse-lunge,,Barbell Reverse Lunge,Quadriceps,Glutes; Hamstrings; Core; Calves,Barbell,Lunge,intermediate,8.53,barbell reverse lunge; reverse lunge; quads; unilateral; barbell; lunge,Loads one leg at a time without the knee stress of a forward step.; Lets you bias the quads or the glutes by changing step length.; Builds balance and left to right symmetry under a real barbell load.,"Back loaded split stance volume for lifters who want lunges without leaving the rack.; Unilateral lower body strength blocks.; Knee friendly lunge alternatives in rehab adjacent programs.; Comparison content between forward, reverse and walking lunges.",1. Unrack a barbell across your traps and step back into a clear space. ; 2. Stand with your feet about shoulder width apart and brace your abdominals. ; 3. Step one foot straight backward while both knees begin to bend. ; 4. Lower until the rear knee is just above the floor and both knees sit near 90 degrees. ; 5. Push through the front foot to drive back to the standing position. ; 6. Reset your stance and repeat on the other leg.,"Leaning the torso back to stand up, which hyperextends the spine under the bar.; Taking too short a step, which crowds the front knee forward over the toes.; Letting the front knee drift inward as you drive up, which stresses the joint.; Landing the rear foot off line, which narrows the base and costs balance under load.","A lunge stepped backward with a barbell on the traps, loading the front leg while the rear leg guides balance.","The barbell reverse lunge loads a single leg while the step backward keeps the front shin quiet and the knee comfortable. With the bar racked across the traps you step one foot back, bend both knees until the rear knee is close to the floor, then push through the front foot to return. Step length changes the emphasis: a shorter step and a drive through the ball of the foot loads the quadriceps, while a longer step and a heel drive shifts work to the glutes and hamstrings. The abdominals and upper back hold the bar path steady throughout.

In a library this is the loaded unilateral clip that sits between split squats and walking lunges. It fits barbell filters, lower body strength blocks, and coaching content on knee friendly lunge variations and left to right balance.",posters/barbell-reverse-lunge.webp,barbell-reverse-lunge.mp4
barbell-romanian-deadlift,,Barbell Romanian Deadlift,Hamstrings; Glutes,Core; Trapezius; Forearms; Adductors,Barbell,Hinge,intermediate,4.27,barbell romanian deadlift; rdl; hamstrings; hip hinge; posterior chain; barbell,Loads the hamstrings through a long eccentric stretch under control.; Teaches the hip hinge pattern that every deadlift variation depends on.; Builds posterior chain strength without pulling from the floor.,"Tempo and eccentric prescriptions in hypertrophy templates, where the lowering phase is the whole point.; Hamstring and posterior chain program blocks.; Hinge pattern teaching content for coaching platforms.; Comparison media between Romanian and conventional deadlifts.","1. Set the bar over your shoelaces and take a hip width stance. ; 2. Grip the bar just outside your hips and stand tall with the hips and knees locked. ; 3. Lift your chest, set your shoulder blades back and brace your abdominals. ; 4. Push your tailbone backward and lower the bar down the front of your legs. ; 5. Stop where your hamstrings stop stretching, keeping only a slight knee bend. ; 6. Press your feet into the floor and drive your hips forward to stand tall.","Rounding the lower back instead of hinging at the hips, which loads the lumbar spine.; Bending the knees too much, which turns the lift into a squat and unloads the hamstrings.; Letting the bar drift away from the legs, which lengthens the lever on the lower back.; Looking up into a mirror, which extends the neck under load.","A hip hinge that lowers a barbell along the thighs with the knees barely bent, loading the hamstrings.","The barbell Romanian deadlift starts at the top rather than the floor. You stand tall with the bar against your thighs, push the tailbone back, and let the bar travel down the legs while the knees keep only a slight bend. The descent stops where the hamstrings run out of stretch, usually between the knee and mid shin, and you return by pressing the feet down and driving the hips forward. The hamstrings are the prime mover with the glutes assisting, while the erectors hold the spine neutral and the traps and grip hold the bar.

For a library this is the reference hinge clip and the movement most posterior chain programs are built around. It fits barbell filters, hamstring and posterior chain blocks, and technique content contrasting the Romanian deadlift with the conventional pull from the floor.",posters/barbell-romanian-deadlift.webp,barbell-romanian-deadlift.mp4
barbell-shrug,,Barbell Shrug,Trapezius,,Barbell,Isolation,beginner,9.87,barbell shrug; traps exercise; pull day; barbell; isolation lift; upper body,Builds upper-trap size for a thicker neck-to-shoulder line.; Strengthens the shrug pattern that supports heavy carries and deadlifts.; Strengthens the grip as a side benefit of holding heavy loads.,Pull-day workout flows in hypertrophy apps; Trap-focused accessory blocks for bodybuilding platforms; Upper-body finisher assets in coaching apps; Trap-day content for physique trainer Reels,"1. Stand tall with feet hip-width apart and grip the barbell at the hips with hands shoulder-width apart. ; 2. Pull your shoulders down and back to start in a neutral position with arms fully extended. ; 3. Brace your core and keep the chest up so the torso stays still through the lift. ; 4. Shrug your shoulders straight up toward your ears as high as you can without bending the elbows. ; 5. Pause for a second at the top, squeezing the upper traps hard. ; 6. Lower the bar slowly back to the start over 2 to 3 seconds, keeping tension on the traps.","Rolling the shoulders forward and back instead of shrugging straight up, which strains the joints.; Bending the elbows to help cheat the bar up, which turns the move into a partial upright row.; Using too much weight and cutting the range short with tiny shrugs that miss the contraction.; Letting the chin jut forward, which loads the neck instead of the upper traps.",A standing two-handed shrug that loads the upper traps — the classic move for trap thickness and a stronger neck-to-shoulder line.,"The barbell shrug is the most direct upper-trap exercise in any program. Standing tall with a barbell at the hips, the lifter shrugs the shoulders straight up toward the ears, loading the traps with a heavy isolated contraction. It builds the muscle that gives the upper torso its capped, dense look, and it pairs naturally with rows and deadlifts on any pull day.

For coaching and bodybuilding apps, the shrug is reliable accessory inventory that belongs in every upper-body library. Ship it as a finisher for pull-day flows, an accessory in deadlift programs, or a hero piece for trap-focused content. It's a clean teaching reference for beginners learning to isolate the traps from the shoulders.",posters/barbell-shrug.webp,barbell-shrug.mp4
barbell-snatch,,Barbell Snatch,Core; Glutes; Shoulders,,Barbell,Pull,advanced,8,barbell snatch; olympic lift; weightlifting; barbell; compound lift; total body,"Builds explosive power across the back, glutes, and hamstrings.; Trains overhead mobility and stability under maximum speed.; Develops timing and coordination that no other lift teaches.",Olympic lifting program assets for weightlifting apps; Athletic prep workouts in performance coaching platforms; Snatch technique tutorials for online lifting courses; Hero clips for high-end branded weightlifting content,"1. Stand with feet hip-width apart and the bar over mid-foot, gripping the bar wide with a flat back. ; 2. Pull the slack out of the bar, brace the core, and take a deep breath into the belly. ; 3. Drive through the floor and accelerate the bar up the body as the hips extend explosively. ; 4. Pull yourself under the bar fast and catch it overhead with arms locked out in a deep overhead squat. ; 5. Stand up out of the squat with the bar held tight overhead and the core fully braced. ; 6. Lower the bar to the front of the hips and down to the floor under control before the next rep.","Yanking the bar with the arms early instead of letting the legs and hips drive the pull.; Catching the bar with soft elbows, which collapses the lockout and risks shoulder injury.; Letting the bar drift forward, which forces a missed lift or a heavy lower-back save.; Skipping the squat depth and catching too high, which turns the snatch into a power snatch.","The full Olympic snatch — bar from the floor to overhead in one pull, caught in a deep overhead squat.","The barbell snatch is the most technical lift in the sport of weightlifting. The lifter pulls the bar explosively from the floor and catches it locked out overhead while dropping into a deep overhead squat in a single continuous motion. It trains the lower back, glutes, and shoulders together at maximum speed, and it's the purest test of full-body power, mobility, and timing in the gym.

For coaching apps and weightlifting platforms, this is a marquee clip. Ship it at the top of your Olympic-lifting library next to the clean and jerk, and use it as a hero asset for technique tutorials, athlete-focused programs, and high-end branded content. The snatch is the lift that signals a serious weightlifting product.",posters/barbell-snatch.webp,barbell-snatch.mp4
barbell-spinal-jefferson-curl,,Barbell Spinal Jefferson Curl,Core,,Barbell,Stretch,intermediate,6.67,barbell jefferson curl; spinal mobility; loaded stretch; barbell; mobility; flexibility,Builds tissue tolerance through full loaded spinal flexion.; Improves hamstring and back-of-body flexibility under control.; Trains segmental spinal control that carries over to lifting and movement.,Mobility program assets in flexibility coaching apps; Spinal-health blocks in movement education platforms; Warm-up libraries for gymnastics and dance training apps; Advanced mobility content for trainer Reels and courses,"1. Stand on a low box holding a light barbell at the front of your hips with arms extended. ; 2. Tuck your chin to your chest and slowly start rolling the spine downward one segment at a time. ; 3. Continue rolling forward through the upper back, then the mid-back, then the lower back. ; 4. Allow the bar to drift down toward the feet, keeping the legs straight and the bar close to the body. ; 5. Pause briefly at the bottom in a deep forward fold with the spine fully rounded. ; 6. Reverse the motion by stacking up segment by segment from the lower back back to the head.","Using too heavy a load, which forces the back to grind instead of moving slowly through each segment.; Bending at the hips like a stiff-leg deadlift instead of rolling through the spine.; Rushing the rep, which removes the controlled tissue loading that makes the drill useful.; Bending the knees to chase depth, which removes the hamstring stretch that pairs with the spinal work.",A slow loaded spinal flexion with a light barbell — a controlled mobility drill that strengthens the back through full forward bending.,"The barbell Jefferson curl is a loaded spinal mobility exercise. Standing on a box with a light barbell, the lifter rolls the spine slowly forward one segment at a time until the bar reaches the feet, then reverses the motion to stack back up to standing. It builds tissue tolerance through full forward bending and is a staple in gymnastics, dance, and movement-skill training.

For app builders working in mobility, yoga-adjacent training, or movement education, this is a strong addition to any flexibility library. Ship it as part of a spinal-health module, a hamstring and back mobility track, or an advanced mobility block in coaching products that go beyond standard stretching content.",posters/barbell-spinal-jefferson-curl.webp,barbell-spinal-jefferson-curl.mp4
barbell-split-squat,,Barbell Split Squat,Glutes; Quadriceps,,Barbell,Lunge,intermediate,9.6,barbell split squat; single leg; quads exercise; barbell; leg day; lower body,Builds single-leg quad and glute strength with full barbell loading.; Exposes and corrects strength imbalances between legs.; Reinforces balance and core stability under a back-loaded bar.,Leg-day workout flows in strength training apps; Single-leg strength blocks for athletic prep platforms; Runner-program assets in performance coaching apps; Rehab-adjacent content for return-to-strength programs,"1. Rack the bar across the upper back and step into a long split stance with feet hip-width apart. ; 2. Brace your core and stand tall with most of your weight on the front foot. ; 3. Lower the back knee straight down toward the floor, keeping the front shin close to vertical. ; 4. Stop just before the back knee touches the floor, keeping the torso upright and chest up. ; 5. Drive through the front foot to stand back up to the starting split-stance position. ; 6. Complete all reps on one side before switching legs, keeping the same setup each time.","Letting the front knee cave inward, which strains the knee and reduces glute engagement.; Pushing off the back foot to stand up, which removes load from the front working leg.; Leaning the torso too far forward, which turns the lift into a hinge and loses the quad focus.; Setting the stance too short, which forces the front knee far past the toes and stresses the joint.",A loaded split-stance squat for single-leg quad and glute strength — the staircase between regular squats and Bulgarian split squats.,"The barbell split squat is a loaded single-leg strength exercise. The lifter stands in a split stance with the back foot planted on the floor and squats straight down through the front leg, building quads and glutes one side at a time. It removes the side-to-side weakness that hides in regular bilateral squats and forces honest strength out of each leg.

For any strength or athletic-prep app, this is a high-value clip in the unilateral leg category. Ship it between the back squat and the Bulgarian split squat as a clean progression piece, and use it in back-and-glute programs, runner training tracks, and rehab-adjacent strength content where balanced single-leg strength matters.",posters/barbell-split-squat.webp,barbell-split-squat.mp4
barbell-squat,,Barbell Squat,Quadriceps,Glutes,Barbell,Squat,intermediate,7.73,barbell squat; leg day; quads exercise; barbell; compound lift; lower body,Builds total lower-body strength led by the quads and glutes.; Trains core bracing and full-body stability under heavy load.; Reinforces the squat pattern that carries over to sport and daily life.,Leg-day workout flows in strength training apps; Powerlifting program assets for coaching platforms; Beginner-to-advanced squat education modules; Hero clips for lower-body and strength content,"1. Set the bar in a rack at about chest height and step under it to rack it across your upper back. ; 2. Grip the bar slightly wider than shoulder width, brace your core, and step back from the rack. ; 3. Stand with feet shoulder-width apart, toes turned slightly out, and chest tall. ; 4. Push your hips back and down, bending the knees to squat down until your hips reach below the knees. ; 5. Drive through the full foot to stand back up, keeping the chest tall and bar path straight. ; 6. Lock out the hips and knees at the top, reset your breath and brace, and repeat for clean reps.","Letting the knees cave inward on the way up, which strains the knees and weakens the drive.; Cutting the depth short and not reaching at least parallel, missing the full quad and glute work.; Rounding the lower back at the bottom, which puts the spine at risk under heavy load.; Shifting the bar weight onto the toes, which throws off the balance and strains the lower back.",The back-loaded barbell squat — the king of lower-body strength training and the standard for measuring leg power.,"The barbell back squat is the most recognized lower-body lift in the world. The bar is racked across the upper back and the lifter squats down to at least parallel before standing back up, training the quads, glutes, and entire trunk under heavy load. It's the lift powerlifters compete in and the foundation of every serious strength program ever written.

For any fitness app or coaching platform, the squat is table stakes. Users expect to see it in every leg-day flow, every strength program, and every beginner-to-advanced track. Ship this clip as the cornerstone of your lower-body library, a hero piece for leg content, and the default teaching reference for the squat pattern.",posters/barbell-squat.webp,barbell-squat.mp4
barbell-step-up-knee-drive,,Barbell Step Up Knee Drive,Quadriceps,Glutes,Barbell,Lunge,intermediate,6.13,barbell step up knee drive; single leg; quads exercise; barbell; leg day; athletic prep,Builds single-leg strength in the quads and glutes under a real load.; Trains explosive hip drive and knee lift for sprinting and jumping.; Improves balance and core control under a back-racked bar.,Athletic prep workouts in sport-specific training apps; Single-leg strength blocks for hybrid coaching platforms; Runner and sprinter program assets in performance apps; Leg-day variation libraries for trainer content,"1. Set a sturdy box at about knee height and rack the bar across your upper back. ; 2. Stand close to the box, brace your core, and place one foot fully flat on top of it. ; 3. Drive through the full foot on the box to stand tall, keeping the chest up and bar steady. ; 4. At the top, drive the trailing knee up and forward to hip height in a sprint-style action. ; 5. Lower that leg back down and step the foot off the box under control with no thud. ; 6. Reset to the starting position and repeat for the prescribed reps before switching legs.","Pushing off the trailing leg instead of driving through the working leg on top of the box.; Choosing a box that's too tall, which forces a hip-shift and removes tension from the quads.; Letting the torso fold forward under the bar, which turns the lift into a heavy good morning.; Stepping down hard from the box, which beats up the joints and breaks position between reps.",A back-racked step-up with a driving knee at the top — single-leg quad and glute strength with explosive hip drive built in.,"The barbell step up with knee drive is a single-leg strength and power lift. With the bar racked across the upper back, the lifter steps onto a box with one foot and drives the opposite knee up to hip height at the top of each rep. It loads the quads and glutes hard while training balance, hip drive, and the same knee-lift action used in sprinting.

For athletic apps, hybrid coaches, and runner-focused platforms, this is a high-value clip in the unilateral leg library. Ship it as a sport-prep staple, a finisher in leg-day flows, or a coaching-content piece for trainers showing how to load the sprint pattern without leaving the gym.",posters/barbell-step-up-knee-drive.webp,barbell-step-up-knee-drive.mp4
barbell-stiff-leg-deadlifts,,Barbell Stiff Leg Deadlifts,Glutes; Hamstrings,Core,Barbell,Hinge,intermediate,9.6,barbell stiff leg deadlift; hamstrings exercise; hinge; barbell; pull day; back of body,Builds hamstring size and strength through a deep loaded stretch.; Develops glute strength at the lockout for full hip-drive power.; Reinforces clean hinge mechanics that carry over to deadlifts.,Pull-day workout flows in hypertrophy apps; Hamstring accessory blocks for coaching platforms; Hamstring strength assets for runner and sprinter programs; Hinge teaching content for trainer Reels and courses,"1. Stand with feet hip-width apart and grip the bar just outside the knees with arms extended. ; 2. Stand tall holding the bar at the hips, then unlock the knees with a small soft bend. ; 3. Push the hips back and lower the bar down the legs by hinging at the hips, keeping the back flat. ; 4. Continue lowering until you feel a strong stretch in the hamstrings, with the bar staying close to the legs. ; 5. Drive the hips forward and squeeze the glutes hard to stand back up to the starting position. ; 6. Lock out the hips at the top with a tall chest, reset your breath, and repeat for clean reps.","Locking the knees fully straight, which turns the lift into a back-stress machine instead of a hamstring builder.; Rounding the lower back at the bottom, which loads the spine instead of stretching the hamstrings.; Letting the bar drift away from the legs, which crushes the lower back at the bottom range.; Bending the knees too much, which turns the lift back into a regular deadlift.",A near-straight-legged hinge from the floor that loads the hamstrings and glutes through a deep stretch — a clean back-of-body builder.,"The barbell stiff leg deadlift is a hinge-pattern lift performed with only a small bend in the knees. The bar is lowered down the legs by hinging at the hips, loading the hamstrings and glutes through a deep stretch, before being driven back up to standing by squeezing the glutes. Compared to a regular deadlift, the focus moves off the lower back and onto pure hamstring and glute work.

For app builders programming hypertrophy and athletic prep, this is one of the most useful hamstring lifts in the library. Ship it as accessory inventory in pull-day flows, hamstring blocks, and runner-focused programs, and use it as a teaching piece for lifters who need to feel a real hamstring stretch under load.",posters/barbell-stiff-leg-deadlifts.webp,barbell-stiff-leg-deadlifts.mp4
barbell-thruster,,Barbell Thruster,Glutes; Shoulders; Quadriceps,,Barbell,Push,intermediate,8,barbell thruster; full body exercise; crossfit; barbell; conditioning; compound lift,"Builds full-body strength and conditioning in a single compound movement.; Trains leg drive into overhead pressing for athletic power transfer.; Spikes heart rate fast, making it a high-return conditioning lift.",CrossFit and hybrid training app workout flows; Conditioning and metabolic finisher modules for coaching apps; WOD-style program assets for functional fitness platforms; Athletic prep content for sport performance creators,"1. Set the bar in a front-rack position across the front of your shoulders with elbows lifted high. ; 2. Stand with feet shoulder-width apart, brace your core, and keep your chest tall throughout the lift. ; 3. Drop into a full front squat by sitting your hips back and tracking your knees over your toes. ; 4. Drive hard out of the bottom and use that leg drive to launch the bar off your shoulders. ; 5. Press the bar overhead in one fluid motion, finishing with arms locked out and biceps near your ears. ; 6. Lower the bar back to the front rack under control and reset for the next rep without pausing.","Pressing the bar with arms only instead of using the leg drive out of the squat to power the press.; Dropping the elbows in the front rack, which collapses the chest and dumps the bar forward.; Cutting the squat depth short to save energy, turning the lift into a half-rep push press.; Catching the bar on the shoulders too hard on the way down, which beats up the front delts over volume.","A front squat into an overhead press in one motion — the conditioning workhorse that hits legs, shoulders, and lungs at once.","The barbell thruster is the most efficient full-body lift in conditioning training. By chaining a front squat directly into an overhead press, it loads the quads, glutes, and shoulders in one continuous movement and spikes the heart rate fast. It shows up everywhere in CrossFit, hybrid training, and metabolic strength programming.

For app builders, this clip is a workhorse asset for any conditioning, hybrid, or CrossFit-style track. It pairs naturally with WOD-style workout cards and metabolic finisher modules. Drop it into your library and it will earn its place across dozens of program templates rather than living in one.",posters/barbell-thruster.webp,barbell-thruster.mp4
barbell-upright-row,,Barbell Upright Row,Shoulders,Trapezius,Barbell,Pull,advanced,5.6,barbell upright row; shoulder exercise; side delts; barbell; vertical pull; upper body,Builds the side delts and upper traps for a wider shoulder shape.; Trains the vertical pull pattern as a complement to overhead pressing.; Develops shoulder and trap thickness for a stronger upper-body silhouette.,Shoulder-day workout flows in hypertrophy training apps; Intermediate accessory blocks for coaching platforms; Form-teaching content for shoulder safety modules; Bodybuilding-style program assets in physique apps,"1. Stand tall with feet hip-width apart and grip the bar with hands slightly narrower than shoulder width. ; 2. Let the bar hang at arm's length against your thighs with shoulders pulled back and chest up. ; 3. Pull the bar straight up by leading with the elbows, keeping the bar close to your body the whole way. ; 4. Stop the pull when your upper arms are roughly parallel to the floor — do not crank the elbows higher. ; 5. Pause briefly at the top and feel the side delts and upper traps working under the load. ; 6. Lower the bar back down under control over 2 to 3 seconds, then reset for the next rep.","Pulling the bar too high past shoulder level, which jams the shoulder joint and risks front-shoulder strain.; Using a grip that is too narrow, which forces the wrists into an awkward angle and shifts work off the delts.; Heaving the bar up with body english instead of leading with the elbows in a controlled pull.; Letting the bar drift away from the body, which kills side-delt tension and loads the lower back.",A vertical pull from the hips to the chest that loads the side delts and traps — the classic shoulder-width builder.,"The barbell upright row is a vertical pulling movement that lifts the bar from the hips to the upper chest, loading the side delts, front delts, and upper traps. When grip width and elbow path are dialed in, it builds the shoulder cap that gives the upper body a wider, more developed look.

For app and content use, this is a hypertrophy-block accessory rather than a beginner staple. Ship it inside intermediate-to-advanced shoulder-day programming and pair it with lateral raises and overhead pressing. It is also a strong teaching clip for explaining safe elbow positioning, since form mistakes here have visible consequences.",posters/barbell-upright-row.webp,barbell-upright-row.mp4
barbell-wrist-curl,,Barbell Wrist Curl,Forearms,,Barbell,Isolation,beginner,5.33,barbell wrist curl; forearm exercise; grip strength; barbell; arm day; isolation,"Builds forearm size and grip strength through direct isolation.; Strengthens wrist flexion for sport, lifting, and climbing.; Improves grip endurance for heavier pulling and carrying work.",Arm-day finisher slots in hypertrophy training apps; Grip-strength accessory modules for strength programs; Sport-specific content for climbing and grappling apps; Forearm specialization tracks in bodybuilding platforms,"1. Sit on a bench and rest your forearms on your thighs with your wrists hanging just past the knees. ; 2. Hold the bar with an underhand grip, hands shoulder-width apart, and let it roll into your fingertips. ; 3. Curl the bar up by closing your fingers and flexing your wrists, keeping the forearms pinned to your thighs. ; 4. Squeeze hard at the top with the wrists fully flexed and feel the forearms contract. ; 5. Lower the bar back down under control, letting it roll out toward the fingertips at the bottom. ; 6. Repeat for high reps, focusing on a slow tempo and a full range from fingertips to top squeeze.","Lifting the forearms off the thighs, which lets the biceps take over instead of isolating the forearms.; Using too much weight and shortening the range so the bar barely moves at the wrist.; Skipping the fingertip roll at the bottom, which cuts out half the forearm and grip work.; Rushing the tempo and bouncing the reps, which removes the time-under-tension that builds the forearms.",A small-range wrist flexion that isolates the forearm flexors — the classic finisher for grip strength and forearm size.,"The barbell wrist curl isolates the forearm flexors through a short, controlled wrist flexion. With the forearms supported and only the wrists moving, it strips out every other muscle and forces the forearms to do all the work. It is one of the few movements that trains grip and forearm size directly.

For app builders and content creators, this clip slots cleanly into arm-day finishers, grip-strength accessory modules, and climbing or grappling sport-specific tracks. It is short, low-fatigue, and pairs well with wrist extensions and farmer carries inside dedicated grip blocks for trainers building a more complete arm program.",posters/barbell-wrist-curl.webp,barbell-wrist-curl.mp4
battle-ropes,,Battle Ropes,Shoulders; Core,Forearms; Trapezius; Glutes; Quadriceps,Battle Ropes,Cardio,intermediate,8.8,battle ropes; conditioning; cardio; shoulders; core; intervals,"Reaches vigorous cardiorespiratory intensity without running or jumping.; Recruits shoulders, trunk, hips and grip in one continuous pattern.; Scales by rope thickness, length and interval length rather than added load.",Circuit and finisher blocks in a conditioning app.; Equipment pages for functional and small-group gyms.; Interval timer screens with short work and long recovery.; Short-form social content where the wave reads instantly.,"1. Anchor the rope at its midpoint and take one end in each hand. ; 2. Stand facing the anchor with feet hip to shoulder width and knees softly bent. ; 3. Hinge slightly at the hips, brace your trunk and let your arms hang ready. ; 4. Drive both hands up and down together to send continuous waves down the rope. ; 5. Keep the wave alive for the full work interval instead of pausing between reps. ; 6. Set the rope down and recover actively before the next interval starts.","Standing upright with locked knees, which cuts the hips out and strands the work in the arms.; Letting the wave die mid-interval, so intensity drops well below the target range.; Gripping so tightly that the forearms fail before the trunk and shoulders are trained.; Rounding the lower back on slams, which loads the spine instead of the trunk musculature.","Anchored rope waves driven from an athletic stance, holding vigorous intensity while arms, trunk and hips all work.","Battle rope work anchors a heavy rope at its midpoint and asks you to move both halves continuously from a braced, athletic stance. EMG testing of double waves and slams found the anterior deltoid, upper trapezius, forearm flexors, erector spinae, obliques, rectus abdominis, gluteus maximus and vastus medialis all working above the threshold associated with strength gain, so this is a trunk and shoulder exercise, not an arm exercise. In an interval session of fifteen seconds work and forty five seconds recovery, average heart rate reached about seventy nine percent of maximum.

For a catalog this clip carries any conditioning block that needs an upper-body cardio option. Use it in circuit and finisher screens, equipment pages for functional gyms, and short-form content.",posters/battle-ropes.webp,battle-ropes.mp4
bayesian-curl,,Bayesian Curl,Biceps,Forearms,Cable Machine,Isolation,intermediate,5.87,bayesian curl; cable curl; biceps; long head; isolation; stretch position,"Holds the biceps under load at a long muscle length where free weight curls go slack.; Constant cable tension across the whole range, including the bottom of the rep.; Unilateral loading exposes and evens out side to side differences.",Stretch-position biceps slot in an arm specialization block.; Cable-only program tracks for machine equipped gyms.; Educational content comparing curl positions and shoulder angle.; Biceps filtered library entries in an exercise browser.,"1. Set a single handle on the lowest pulley and select a light weight. ; 2. Face away from the stack and take the handle with your palm forward. ; 3. Step forward until the cable is taut and your working elbow sits behind your ribs. ; 4. Brace your abs and lean slightly forward in a split stance. ; 5. Bend the elbow to curl the handle toward your shoulder without letting the elbow move forward. ; 6. Lower under control back into the stretch, finish the set, then swap arms.","Not stepping far enough from the stack, so the arm never gets behind the body and the stretch is lost.; Letting the elbow drift forward, which turns the lift into an ordinary cable curl.; Loading too heavy, so the shoulder and torso swing the handle up instead of the biceps.; Standing square to the cable, which drags the wire across the wrist and cuts the range short.",Single arm cable curl performed with the elbow held behind the torso so the biceps stay loaded in the stretch.,"The Bayesian curl turns your back to a low pulley and keeps the working elbow just behind your ribs for the whole set. With the shoulder in extension the biceps sits at a long muscle length while the cable pulls from behind, so tension never disappears at the bottom the way it does with a dumbbell. You step forward, lean slightly, and bend the elbow without letting it travel forward. A ten week trial that trained one arm this way and the other with preacher curls found similar biceps and brachialis growth, so treat it as a stretch biased option rather than a superior one.

As an asset this covers the lengthened position cable curl most libraries lack. It suits arm specialization blocks, cable-only program tracks, and educational content comparing shoulder position across curl variations.",posters/bayesian-curl.webp,bayesian-curl.mp4
behind-the-neck-press,,Behind-the-Neck Press,Shoulders,Triceps; Trapezius; Core,Barbell,Push,advanced,6.93,behind the neck press; overhead press; barbell; shoulders; deltoids; advanced,"Keeps the bar path vertical, which places steady demand on the lateral deltoid.; Exposes shoulder and thoracic mobility limits that front pressing can mask.; Builds overhead stability for lifters who already press comfortably from the front.",Advanced pressing tiers in strength app progression trees.; Shoulder mobility screening and prerequisite content for coaching platforms.; Technique comparison media contrasting front rack and behind-the-neck rack positions.; Editorial content on why behind-the-neck pressing needs a mobility gate.,"1. Set a barbell in a rack just below shoulder height and load a conservative weight. ; 2. Step under the bar and rest it across your upper traps with a grip wider than shoulder width. ; 3. Stand tall, brace your abdominals and glutes, then take two steps back from the rack. ; 4. Press the bar straight overhead, keeping the torso upright and the chin tucked. ; 5. Lock out with the bar over the middle of your head and your ears close to your arms. ; 6. Lower the bar under control back onto the upper traps and repeat only while form holds.","Attempting the lift without full overhead mobility, which forces the head forward and strains the shoulder.; Dropping the bar quickly onto the traps, which risks contact with the neck and head.; Using leg drive, which turns a strict press into a push press and hides a load that is too heavy.; Leaning back to finish the rep, which shifts the load onto the lower back.","An overhead barbell press with the bar racked behind the neck, demanding full shoulder and thoracic mobility.","The behind-the-neck press starts with the barbell resting across the upper traps rather than the front of the shoulders. Pressing from there keeps the bar path vertical and biases the lateral deltoid, but it also puts the shoulder into full external rotation and abduction for the entire lift. That position is only safe for lifters who already own the overhead mobility, so the movement is treated as an advanced progression rather than a default shoulder builder. Triceps finish the lockout and the traps and trunk stabilize the load throughout.

For an asset library this clip is useful precisely because the position is hard to describe in text. Coaching platforms can use it in shoulder mobility screening content, and app libraries can attach it to advanced pressing tiers with an explicit prerequisite gate.",posters/behind-the-neck-press.webp,behind-the-neck-press.mp4
belt-squat,,Belt Squat,Quadriceps,Glutes; Hamstrings; Core,Machine,Squat,beginner,9.87,belt squat; machine squat; quads; squat; machine; spinal loading,Loads the legs hard while keeping low back moments lower than a back squat.; Removes the shoulder and wrist mobility demand of racking a bar.; Lets lifters keep squatting when spinal loading has to be limited.,Back friendly leg strength option in rehab adjacent program tracks.; High volume quad work scheduled after heavy barbell squatting.; Commercial gym onboarding media explaining an unfamiliar machine.; Squat pattern for machine collections that never load the spine.,"1. Fasten the hip belt around your pelvis and attach it to the machine. ; 2. Stand on the platform so the attachment point sits directly between your feet. ; 3. Set your feet at about shoulder width with the toes turned out slightly. ; 4. Take the weight, release the safeties and hold the frame lightly for balance. ; 5. Drop your hips straight down until your thighs reach roughly parallel. ; 6. Drive through your whole foot to stand tall and repeat.","Standing off center so the cable pulls to one side, which twists the hips.; Pulling on the frame with the arms, which quietly removes load from the legs.; Loading it like a leg press, which overwhelms the belt position and cuts the range short.; Letting the hips travel backward instead of straight down, which turns it into a hinge.","A squat loaded through a hip belt on a machine, so the weight pulls at the hips instead of sitting on the spine.","The belt squat hangs the load from a belt worn around the pelvis and attached to a machine, so the weight pulls at the hips rather than compressing the spine. You stand on the platform with the attachment point between your feet, release the safeties, and squat by dropping the hips straight down before driving back up. A kinetic analysis of isometric back squats and belt squats found higher peak forces and knee and ankle moments in the belt squat alongside lower low back moments. The quadriceps do the knee extension with the glutes and hamstrings assisting.

In a library this is the back friendly leg strength clip and a natural member of any machine collection. It fits machine equipment filters, high volume leg blocks, and rehab adjacent programming where axial loading is deliberately avoided.",posters/belt-squat.webp,belt-squat.mp4
bench-dips,,Bench Dips,Triceps,,Bodyweight,Push,beginner,4.8,bench dips; triceps exercise; bodyweight; arm day; home workout; no equipment,Builds triceps strength and size with no equipment needed.; Trains the pushing pattern in any home or travel setting.; Strengthens arm lockout for pressing and dipping movements.,Home and travel arm workouts in fitness apps; Beginner triceps progressions before parallel-bar dips; No-equipment push-day flows in calisthenics platforms; Hotel-room workout content for travel fitness programs,"1. Sit on the edge of a sturdy bench or chair and grip the edge with hands just outside your hips. ; 2. Slide your hips off the bench and walk your feet out so your weight is supported by your arms. ; 3. Lower your body slowly by bending your elbows straight back until your upper arms are roughly parallel to the floor. ; 4. Keep your back close to the bench and your shoulders pulled down away from your ears the whole way. ; 5. Pause briefly at the bottom with the triceps loaded, then press through your palms back up to the start. ; 6. Lock out the arms at the top without shrugging the shoulders, then repeat for the prescribed reps.","Letting the elbows flare out to the sides, which loads the front shoulders instead of the triceps.; Letting the shoulders shrug up toward the ears, which strains the front shoulders under the dip.; Cutting the depth short to make the reps easier, which removes most of the triceps work.; Using only the legs to push off the floor, which turns the dip into an assisted leg-press motion.",A bodyweight triceps dip off a bench or chair that builds arm pushing strength — the go-to home and hotel-room arm exercise.,"Bench dips are the most accessible triceps exercise in any program. With hands behind you on a bench and feet out in front, the body lowers and presses back up using mostly the triceps. No equipment, no setup — just a sturdy edge and bodyweight resistance.

For fitness apps, bench dips are a non-negotiable inclusion in any home, hotel, or no-equipment arm workout. They are also a clean stepping stone before parallel-bar dips, making them a useful clip for beginner onboarding flows and progressive arm-training tracks. Pair this asset with push-ups and incline presses for a complete bodyweight push-day module.",posters/bench-dips.webp,bench-dips.mp4
bird-dog,,Bird Dog,Core; Lower Back,Glutes; Shoulders,Bodyweight,Core,beginner,6.67,bird dog; core stability; anti-rotation; quadruped; bodyweight; warm up,"Trains the trunk to stay stable while the arms and legs move independently.; Requires no equipment and no floor space beyond a mat, so it suits home programming.; Loads the spine lightly, which makes it usable early in low back conditioning.",Quadruped warm-up segments that prime trunk control before hinge work.; Beginner onboarding that teaches anti-rotation on hands and knees.; Lumbar conditioning modules where limb range is capped by trunk control.; Mat-only home and travel collections inside a no-equipment filter.,"1. Kneel on a mat and set each hand below its shoulder and each knee below its hip. ; 2. Brace your abdominals and set your spine flat with your neck in line with your back. ; 3. Extend one leg straight behind you until it is roughly parallel to the floor. ; 4. At the same time reach the opposite arm forward to shoulder height, keeping the hips level. ; 5. Hold briefly while resisting any rotation through the pelvis. ; 6. Return the hand and knee to the floor under control, then repeat on the other side.","Letting the hips rotate toward the lifted leg, which removes the anti-rotation demand entirely.; Lifting the leg above hip height, which arches the lower back instead of loading the core.; Letting the chest sag between the shoulder blades, which shifts support onto the shoulder joints.; Rushing the reps, which replaces core control with momentum and balance corrections.",A quadruped core drill that extends one arm and the opposite leg while the trunk resists rotation and extension.,"The bird dog is performed on hands and knees, extending one arm forward and the opposite leg back while the spine stays neutral. Nothing about the trunk is supposed to move, which is the point: the rectus abdominis and transverse abdominis resist extension while the obliques resist the rotation created by the offset limbs. The erector spinae work alongside them to hold the segment in place, and the glute of the extended leg produces the hip extension. Range is dictated by control, so the limbs only travel as far as the low back can stay still.

In a product catalog the bird dog is one of the most requested core clips because it appears in warm-ups, low back programs and beginner onboarding alike. The three-quarter angle shows the hip and shoulder alignment that written cues fail to communicate.",posters/bird-dog.webp,bird-dog.mp4
bodyweight-alternating-lateral-lunge,,Bodyweight Alternating Lateral Lunge,Glutes; Quadriceps,,Bodyweight,Lunge,intermediate,6.4,lateral lunge; leg exercise; glutes; bodyweight; mobility; lower body,Builds glute and quad strength through a side-to-side hip pattern.; Opens up the inner thighs and improves lateral hip mobility.; Trains balance and single-leg control without weights.,Mobility-focused leg days in fitness apps; Athletic prep blocks for sport training platforms; Warm-up flows for lower-body training modules; Beginner leg pattern education in coaching apps,"1. Stand tall with feet together, hands at your chest, and your core braced for balance. ; 2. Take a wide step out to one side and plant the foot flat with toes pointing forward. ; 3. Sit your hips back and bend the stepping leg, keeping the trailing leg straight and the chest tall. ; 4. Lower until the working thigh is roughly parallel to the floor and you feel a stretch in the inner thigh. ; 5. Push through the heel of the working leg to drive back up to standing in one strong motion. ; 6. Repeat on the opposite side and continue alternating for the prescribed reps.","Letting the knee of the working leg cave inward instead of tracking over the foot.; Leaning the chest too far forward, which loads the lower back instead of the glutes and quads.; Rounding the back when sitting into the lunge instead of hinging cleanly at the hips.; Cutting the depth short and turning a real lateral lunge into a shallow side step.",A side-to-side lunge that loads one leg at a time — builds glute and quad strength while opening up the inner thighs and hips.,"The alternating lateral lunge is a frontal-plane leg exercise that most lower-body programs skip. By stepping out wide to one side and sitting back into that leg, it trains the glutes and quads through a hip pattern that forward squats and lunges never touch. It also opens up the inner thighs and improves lateral hip mobility.

For app builders, this is a smart inclusion in mobility-rich leg days, warm-up flows, and athletic-prep blocks. It is especially useful for sports apps targeting lateral movement — basketball, tennis, soccer — where side-to-side strength matters. Drop it into beginner onboarding tracks too, since it teaches the hip hinge in a less intimidating pattern than the back squat.",posters/bodyweight-alternating-lateral-lunge.webp,bodyweight-alternating-lateral-lunge.mp4
bodyweight-alternating-reverse-lunges,,Bodyweight Alternating Reverse Lunges,Glutes; Quadriceps,,Bodyweight,Lunge,intermediate,9.6,reverse lunge; leg exercise; glutes; bodyweight; home workout; lower body,"Builds the glutes, quads, and hamstrings through a knee-friendly lunge pattern.; Trains single-leg balance and split-stance control.; Strengthens the lower body anywhere with no equipment needed.",Beginner leg-day flows in home workout apps; Knee-friendly lower-body modules for rehab-adjacent content; Travel and hotel-room leg workouts in fitness apps; Onboarding sequences for coaching platforms,"1. Stand tall with feet hip-width apart, hands on your hips or at your chest for balance. ; 2. Take a long step back with one leg and lower the back knee straight down toward the floor. ; 3. Drop until the back knee is just above the ground and the front thigh is roughly parallel to the floor. ; 4. Keep the front knee tracking over the front foot and your chest tall the entire descent. ; 5. Drive through the heel of the front foot to push yourself back up to standing in one strong motion. ; 6. Step back with the opposite leg and continue alternating for the prescribed reps.","Taking too short a step back, which loads the front knee instead of the front glute.; Slamming the back knee into the floor instead of lowering it under control.; Letting the chest collapse forward, which shifts the work to the lower back.; Pushing off the back foot instead of driving through the front heel — robs the front leg of work.",A backward-stepping lunge that builds the glutes and quads — the knee-friendly cousin of the forward lunge.,"The alternating reverse lunge is the most knee-friendly version of the lunge family. By stepping back instead of forward, it shifts the load slightly more onto the front-leg glute and reduces shear on the front knee. It builds the quads, glutes, and hamstrings while also training balance and single-leg control.

For fitness apps, reverse lunges are a workhorse leg exercise for any home, travel, or beginner-friendly program. They scale endlessly with pace, tempo, or added load and they teach split-stance mechanics without the joint stress of forward lunges. Use this clip in beginner leg-day flows, warm-up sequences, and as a progression step before Bulgarian split squats.",posters/bodyweight-alternating-reverse-lunges.webp,bodyweight-alternating-reverse-lunges.mp4
bodyweight-box-squat,,Bodyweight Box Squat,Glutes; Quadriceps,,Bodyweight,Squat,beginner,5.87,box squat; bodyweight squat; leg exercise; beginner; glutes; quads,Teaches consistent squat depth without guesswork.; Builds quad and glute strength with controlled mechanics.; Improves squat confidence for new lifters before adding load.,Beginner squat progressions in coaching platforms; Movement-screen and onboarding flows in fitness apps; Senior and rehab-adjacent leg training modules; Foundational leg-day content for online courses,"1. Set a sturdy bench or box behind you and stand in front of it with feet shoulder-width apart. ; 2. Cross your arms in front of your chest or hold them straight out for balance. ; 3. Sit your hips back as if reaching for the box, keeping your chest tall and your weight in your heels. ; 4. Lower under control until your glutes touch the box softly — do not crash down onto it. ; 5. Pause briefly on the box without losing core or leg tension, staying ready to drive back up. ; 6. Push through the floor with both feet to stand back up tall, squeezing your glutes at the top.","Plopping down onto the box instead of touching it under control, which kills the leg tension.; Squatting straight down instead of sitting the hips back, which loads the knees over the glutes.; Letting the knees cave inward as you stand back up, which weakens the lift and stresses the knees.; Rounding the lower back at the bottom — turns a teaching tool into a back-strain risk.",A bodyweight squat to a bench or box — the cleanest way to teach squat depth and hip-back mechanics to beginners.,"The bodyweight box squat is a teaching squat. By sitting back to a bench or box at a controlled depth, it removes the guesswork from squat depth and forces the hinge-back pattern that a clean squat needs. It builds the quads and glutes while drilling the mechanics without any load.

For coaching apps and beginner onboarding, this is one of the most useful clips in a leg library. It is a clear teaching piece for users who do not yet have the mobility or confidence for an unsupported squat, and it scales straight into goblet and barbell variations. Ship it inside any movement-screen or beginner squat-progression module.",posters/bodyweight-box-squat.webp,bodyweight-box-squat.mp4
bodyweight-deadlift,,Bodyweight Deadlift,Core,Glutes,Bodyweight,Hinge,beginner,6.67,bodyweight deadlift; hip hinge; lower back; beginner; no equipment; back of body,Teaches a safe hip-hinge pattern with no equipment.; Activates the glutes and hamstrings before loaded hinge work.; Builds lower-back awareness for safer lifting in any program.,Beginner hinge-pattern education in coaching apps; Warm-up flows for deadlift-day strength programs; Rehab-adjacent low-back content for fitness platforms; Movement-screen modules in personal training tools,"1. Stand tall with feet hip-width apart, arms hanging loose at your sides, and your core lightly braced. ; 2. Push your hips back as if closing a car door with your butt, letting your knees bend just slightly. ; 3. Hinge forward at the hips with a flat back and let your hands slide down the front of your thighs. ; 4. Lower until you feel a strong stretch in your hamstrings and your torso is roughly parallel to the floor. ; 5. Drive through your heels and squeeze your glutes hard to stand back up to a tall position. ; 6. Lock out at the top by squeezing the glutes — do not lean back, just stand fully upright.","Squatting down instead of hinging back, which removes the hamstring stretch entirely.; Rounding the lower back as you bend forward, which is the exact pattern a hinge teach should fix.; Bending the knees too much, which turns the lift into a half-squat instead of a clean hinge.; Hyperextending the back at the top instead of finishing in a tall, neutral standing position.","An unloaded hip hinge that teaches the deadlift pattern — the safest way to learn how to bend, brace, and stand back up.","The bodyweight deadlift is a hinge-pattern teaching exercise. Without a barbell in the way, it isolates the hip-hinge mechanic — bending at the hips, keeping a neutral spine, and standing back up by squeezing the glutes. It builds awareness in the lower back and glutes and gets new lifters ready for loaded variations.

For app builders, this clip is essential inventory for any beginner program, movement-screen, or rehab-adjacent training track. It is also useful as a warm-up clip inside more advanced programs, where lifters can drill the hinge before loading up. Pair it with kettlebell deadlifts and Romanian deadlifts to build a clean hinge-pattern progression in your library.",posters/bodyweight-deadlift.webp,bodyweight-deadlift.mp4
bodyweight-donkey-calf-raise,,Bodyweight Donkey Calf Raise,Calves,,Bodyweight,Isolation,beginner,5.6,donkey calf raise; calf exercise; calves; bodyweight; hypertrophy; lower body,Builds calf size by loading the gastrocnemius in a deep stretch.; Trains the calves through a fuller range than standing variations.; Develops calf shape with no machine needed.,Calf-day finishers in hypertrophy training apps; Home and travel leg programs in fitness apps; Physique-focused accessory modules for bodybuilding platforms; No-equipment leg content for content creators,"1. Stand with the balls of your feet on the edge of a step or low platform, heels hanging off the back. ; 2. Hinge forward at the hips and place your hands on a sturdy surface in front of you for support. ; 3. Keep your back flat and your legs nearly straight with just a soft bend in the knees. ; 4. Lower your heels slowly below the platform until you feel a deep stretch through the calves. ; 5. Press through the balls of your feet to rise up as high as possible onto your toes. ; 6. Squeeze the calves hard at the top, then lower under control over 2 to 3 seconds and repeat.","Bending the knees too much, which shifts the work off the gastrocnemius onto the soleus.; Cutting the range short and skipping the deep heel stretch where most of the growth happens.; Bouncing the reps instead of lowering under control — kills the time-under-tension on the calves.; Rounding the back in the bent-over position, which puts strain on the lower back over volume.","A bent-over calf raise that targets the gastrocnemius through a deep stretch — the old-school calf builder, no machine needed.","The donkey calf raise is the old-school calf-builder Arnold made famous, scaled to bodyweight. By hinging at the hips with a flat back and rising onto the balls of the feet, it loads the gastrocnemius through a deep stretch that standing calf raises cannot match. The bent torso position changes the leverage and exposes the calves to a different line of force.

For app builders, this clip slots into hypertrophy-block calf finishers, leg-day accessory modules, and physique-focused programs. It is also a useful no-equipment alternative when users do not have access to a calf machine — a strong addition to any home or travel leg library.",posters/bodyweight-donkey-calf-raise.webp,bodyweight-donkey-calf-raise.mp4
bodyweight-elevated-push-up,,Bodyweight Elevated Push Up,Chest,Triceps,Bodyweight,Push,intermediate,8,elevated push up; push up regression; chest exercise; bodyweight; beginner; upper body,"Builds pressing strength at a scalable, beginner-friendly load.; Develops chest, triceps, and front-shoulder size with no equipment.; Teaches clean push-up mechanics before progressing to floor push-ups.",Beginner push-up progressions in coaching platforms; Onboarding flows for new users in fitness apps; Home and travel push-day workouts in calisthenics apps; Bodyweight strength education for online courses,"1. Place your hands on a sturdy bench or box slightly wider than shoulder width. ; 2. Walk your feet back until your body forms a straight line from head to heels at an incline. ; 3. Brace your core, squeeze your glutes, and pull your shoulder blades back and down. ; 4. Lower your chest toward the bench under control with elbows tracked at about 45 degrees from your torso. ; 5. Pause briefly when your chest is just above the bench, keeping full-body tension throughout. ; 6. Press back up explosively through the palms until your arms lock out, then reset for the next rep.","Letting the hips sag down or piking up, which breaks the straight body line and loads the back.; Flaring the elbows out wide, which strains the front shoulders and reduces chest engagement.; Cutting the depth short instead of bringing the chest close to the bench, which removes most of the chest work.; Using a surface that is too high — turns the push-up into a near-standing motion with little load.",A push-up with hands raised on a bench or box that scales the difficulty down — the cleanest beginner push-up regression.,"The elevated push-up is a push-up regression that lets new lifters build pressing strength without struggling at full bodyweight. With the hands placed on a bench, box, or step, the angle reduces the load on the chest and triceps and lets users lock in clean push-up mechanics from rep one. The same form, less resistance.

For app builders, this clip is essential for any beginner-friendly push program. It is the bridge between knee push-ups and full floor push-ups, and it scales smoothly by lowering the surface height over time. Pair it with knee push-ups in your library to give coaches and program designers a complete bodyweight push progression to plug into onboarding flows.",posters/bodyweight-elevated-push-up.webp,bodyweight-elevated-push-up.mp4
bodyweight-hip-abduction,,Bodyweight Hip Abduction,Glutes,,Bodyweight,Isolation,beginner,6.93,hip abduction; glute medius; glute exercise; bodyweight; hip stability; lower body,Builds the glute medius for hip stability and rounded glute shape.; Improves knee tracking under squats and lunges.; Activates the lateral hip muscles before lower-body training.,Glute-focused finishers in women's training apps; Hip activation flows for squat-day warm-ups; Rehab-adjacent hip stability content in coaching platforms; Mobility and prehab modules for fitness creators,"1. Lie on your side on a mat with your legs stacked, your bottom arm extended under your head for support. ; 2. Stack your hips squarely on top of each other and bend the bottom leg slightly for stability. ; 3. Keep the top leg straight with the toes pointing slightly forward and your foot flexed. ; 4. Lift the top leg straight up toward the ceiling in a smooth, controlled motion. ; 5. Stop when you feel a strong contraction in the side of the hip — usually around 30 to 45 degrees. ; 6. Lower the leg back down slowly without letting it touch the bottom leg, then repeat for reps.","Rolling the hips back to lift the leg higher, which lets the hip flexors take over from the glute medius.; Lifting the leg too fast, which removes the time-under-tension that builds the glute.; Pointing the toes up instead of flexing the foot, which shifts the work off the side hip.; Letting the top hip drift forward — kills the side-glute contraction and turns the lift into a leg swing.",A side-lying leg lift that targets the glute medius — the small but essential glute exercise for hip stability and shape.,"The bodyweight hip abduction is a side-lying leg lift that isolates the glute medius — the smaller glute muscle on the side of the hip that most squat-and-deadlift programs underwork. Strong glute medius work pays off in hip stability, knee tracking, and that rounded glute shape that compound lifts alone do not produce.

For app builders, this clip is a workhorse for glute-focused programs, women's training tracks, and rehab-adjacent content where hip stability matters. It is also a useful warm-up activator before squat-day workouts. Drop it into your library and it will earn its place across glute finishers, mobility flows, and lower-body activation modules.",posters/bodyweight-hip-abduction.webp,bodyweight-hip-abduction.mp4
bodyweight-knee-push-ups,,Bodyweight Knee Push Ups,Chest,Triceps,Bodyweight,Push,beginner,8.27,knee push up; push up regression; chest exercise; bodyweight; beginner; upper body,Builds chest and triceps strength at a beginner-friendly load.; Teaches clean push-up mechanics before progressing to full push-ups.; Trains the upper body anywhere with no equipment.,Beginner push-up progressions in fitness apps; Women's strength onboarding flows in coaching platforms; Burnout-set finishers in advanced push-day programs; Home and travel push content for content creators,"1. Start on all fours with hands placed slightly wider than shoulder width on the floor. ; 2. Walk your hands forward and lower your hips so your body forms a straight line from head to knees. ; 3. Brace your core, squeeze your glutes, and pull your shoulder blades back and down. ; 4. Lower your chest toward the floor under control with elbows tracked at about 45 degrees from your torso. ; 5. Pause briefly with your chest just above the floor, keeping full-body tension throughout. ; 6. Press back up through the palms until your arms lock out, then reset for the next rep.","Letting the hips pike up so the body bends at the waist, which removes most of the chest work.; Flaring the elbows out to 90 degrees, which strains the front shoulders and reduces chest engagement.; Cutting the depth short and bouncing off a partial range, which kills the strength carryover.; Sitting the hips back toward the heels — turns a push-up into a half-rep stretch.",A push-up done from the knees that drops the load — the first regression that lets beginners actually train the push pattern.,"The knee push-up is the first stop on the push-up progression ladder. By dropping to the knees, it cuts the load enough that beginners can train the push pattern with clean mechanics instead of grinding out half reps from the floor. It still works the chest, triceps, and front shoulders — just at a load most new lifters can actually handle for real sets.

For fitness apps, this clip is essential inventory in any beginner onboarding flow, women's training program, or post-rehab strength track. It is also a useful tempo-and-volume tool for advanced lifters running burnout sets. Pair it with elevated push-ups in your library to give coaches a clean two-stage progression toward full floor push-ups.",posters/bodyweight-knee-push-ups.webp,bodyweight-knee-push-ups.mp4
bodyweight-reverse-lunge,,Bodyweight Reverse Lunge,Glutes; Quadriceps,,Bodyweight,Lunge,beginner,8.53,reverse lunge; leg exercise; glutes; bodyweight; single leg; lower body,"Builds the glutes, quads, and hamstrings through a single-leg pattern.; Easier on the knees than forward lunges, making it accessible for more users.; Trains balance and stability without weights.",Beginner leg-day flows in home workout apps; Knee-friendly lower-body modules in coaching platforms; Glute-focused single-leg training in women's apps; Travel and hotel-room leg workouts in fitness apps,"1. Stand tall with feet hip-width apart and your hands on your hips or at your chest. ; 2. Take a long step back with one leg, planting the ball of the back foot down lightly. ; 3. Lower the back knee straight down toward the floor while keeping the front shin near vertical. ; 4. Drop until the back knee is just above the ground and the front thigh is roughly parallel to the floor. ; 5. Drive through the heel of the front foot to push yourself back up to a tall standing position. ; 6. Repeat on the same leg for the prescribed reps, then switch sides without losing form.","Stepping back too short, which puts the load on the front knee instead of the front glute.; Letting the front knee cave inward instead of tracking over the foot.; Pushing off the back foot instead of driving through the front heel — robs the working leg of work.; Slamming the back knee into the floor instead of lowering it under control.",A single-leg lunge stepping backward — builds the glutes and quads while staying easy on the front knee.,"The bodyweight reverse lunge is one of the most balanced single-leg exercises in any program. Stepping back instead of forward shifts more load onto the front-leg glute and reduces stress on the front knee, making it accessible for almost any user. It builds the quads, glutes, and hamstrings while training balance and split-stance control.

For app builders, this is a workhorse asset that fits everywhere: beginner leg-day flows, hotel-room workouts, knee-friendly training tracks, and glute-focused programs. It also scales naturally — slow tempo, jump variation, deficit, or loaded with dumbbells. A single clip earns its place across dozens of program templates.",posters/bodyweight-reverse-lunge.webp,bodyweight-reverse-lunge.mp4
bodyweight-russian-twist,,Bodyweight Russian Twist,Core,,Bodyweight,Rotation,beginner,9.87,russian twist; core exercise; obliques; bodyweight; ab workout; rotational core,Builds the obliques and abdominals through the rotation pattern.; Develops core endurance and rotational strength.; Trains the core anywhere with no equipment needed.,Core finisher slots in ab-focused fitness apps; Rotational athlete training blocks for sport platforms; Beginner ab onboarding flows in coaching apps; Reels and short-form core content for fitness creators,"1. Sit on the floor with your knees bent and your feet flat on the ground in front of you. ; 2. Lean back until your torso is at about a 45-degree angle and brace your core hard. ; 3. Lift your feet a few inches off the floor and balance on your sit bones with shins parallel to the ground. ; 4. Clasp your hands together in front of your chest and rotate your torso to one side under control. ; 5. Tap your hands lightly to the floor beside your hip, feeling the oblique on that side contract. ; 6. Rotate smoothly to the other side and tap, alternating for the prescribed reps without dropping the feet.","Just swinging the arms side to side without rotating the torso — loads the shoulders, not the core.; Rounding the back instead of staying tall through the spine, which strains the lower back.; Letting the feet drop to the floor every rep, which breaks the constant core tension.; Rushing the tempo instead of pausing on each side — turns a controlled twist into momentum-only work.",A seated rotational core exercise that twists side to side — the most recognizable oblique builder in any ab program.,"The bodyweight Russian twist is the most recognized rotational core exercise in any ab program. Sitting balanced on the glutes with the feet lifted, the torso rotates side to side under tension. It trains the obliques and abdominals through the rotation pattern that the rest of the core program usually misses.

For fitness apps, Russian twists are a staple inclusion in any ab circuit, core finisher, or rotational athlete training block. They scale endlessly with tempo, foot position, or added load (medicine ball or plate). Use this clip in beginner ab onboarding, sport-specific rotation programs, and core finisher modules across your library.",posters/bodyweight-russian-twist.webp,bodyweight-russian-twist.mp4
bodyweight-spinal-jefferson-curl,,Bodyweight Spinal Jefferson Curl,Core,,Bodyweight,Stretch,beginner,9.87,jefferson curl; spinal mobility; flexibility; bodyweight; back stretch; mobility,"Improves spinal mobility through a full forward-fold range.; Stretches the hamstrings, glutes, and entire back of the body.; Builds resilience and control in a flexed spine position.",Mobility-focused flexibility programs in fitness apps; Recovery and cooldown flows for strength training apps; Yoga-adjacent content in wellness platforms; Lifter mobility modules in coaching apps,"1. Stand tall on a flat surface with feet hip-width apart and arms hanging in front of your thighs. ; 2. Tuck your chin to your chest and start rolling down slowly, one vertebra at a time. ; 3. Continue folding forward through the upper back, then mid-back, then lower back as you descend. ; 4. Let your arms hang relaxed in front of your shins and reach for the floor without straining. ; 5. Pause briefly at the bottom, feeling the stretch through the entire back of the body. ; 6. Reverse the motion by rolling back up segment by segment until you stand fully tall again.","Folding from the hips only instead of rounding the spine — defeats the entire point of the drill.; Bending the knees too much, which removes the hamstring stretch and shortens the load on the back.; Going too heavy too soon — this is a mobility tool, not a strength lift.; Snapping back up to standing instead of rolling up segment by segment under control.","A slow, segmented forward fold that mobilizes the entire spine — the gymnastics-staple flexibility drill for stiff backs.","The Jefferson curl is a spinal-mobility exercise borrowed from gymnastics and dance training. By rolling slowly down through each vertebra in a deep forward fold, it loads the spine in flexion through a full range and stretches the entire back of the body. Done with light load and high control, it builds back resilience and spinal mobility most users never train.

For app builders, this is a standout addition to mobility libraries, yoga-adjacent flexibility programs, and lifter-recovery tracks. It is also useful as a bridge piece between strength and mobility content. Ship it in flexibility blocks and recovery flows where users want to feel a real opening through the back rather than another generic stretch.",posters/bodyweight-spinal-jefferson-curl.webp,bodyweight-spinal-jefferson-curl.mp4
bodyweight-squat,,Bodyweight Squat,Glutes; Quadriceps,,Bodyweight,Squat,beginner,8.8,bodyweight squat; squat pattern; leg exercise; bodyweight; beginner; lower body,"Builds the quads, glutes, and inner thighs with no equipment.; Teaches the foundational squat pattern for every loaded variation.; Improves lower-body mobility and balance in any setting.",Onboarding squat education in fitness apps; Warm-up flows for leg-day strength programs; Beginner home workouts in coaching platforms; Movement-screen modules in personal training tools,"1. Stand tall with feet shoulder-width apart and your toes pointed slightly outward. ; 2. Brace your core, lift your chest, and extend your arms straight out for balance. ; 3. Sit your hips back and down as if lowering into a chair, keeping your weight in your heels. ; 4. Lower until your thighs are at least parallel to the floor, with knees tracking over your toes. ; 5. Keep your chest tall and your spine neutral throughout the descent — no rounding at the bottom. ; 6. Drive through your heels to stand back up, squeezing your glutes hard at the top of the rep.","Letting the knees cave inward, which weakens the squat and loads the knee joint badly.; Squatting straight down instead of sitting the hips back, which puts all the work on the knees.; Lifting the heels off the floor at the bottom, which kills balance and reduces glute drive.; Cutting the depth short and squatting only halfway — robs the lift of glute and quad work.",The foundational squat pattern done with just bodyweight — the first leg exercise in any program and the test of clean mechanics.,"The bodyweight squat is the foundational leg pattern in human movement. By sitting the hips back and down with the chest tall, it trains the quads, glutes, and inner thighs through a full hip-and-knee bend. It is the clearest test of squat mechanics any program can use, and the prerequisite for every loaded squat variation that comes later.

For any fitness app, this clip is non-negotiable inventory. It belongs in every onboarding flow, every beginner program, every warm-up sequence, and every movement-screen module. Ship it in your core library and use it as a teaching anchor for the entire squat family — from goblet squats to barbell back squats.",posters/bodyweight-squat.webp,bodyweight-squat.mp4
box-jump,,Box Jump,Glutes; Quadriceps,,Bodyweight,Plyometric,beginner,9.87,box jump; plyometric; explosive power; bodyweight; athletic training; lower body,"Builds explosive lower-body power for sport and athletic performance.; Trains reactive strength with reduced landing impact.; Develops glute, quad, and calf power through triple extension.",Athletic prep blocks in sport performance apps; Plyometric training modules for hybrid fitness platforms; HIIT and conditioning workout flows in fitness apps; Vertical jump training content for basketball and volleyball creators,"1. Stand a comfortable distance in front of a sturdy box with feet shoulder-width apart. ; 2. Drop into a quarter squat by sitting your hips back and swinging your arms behind you. ; 3. Explode upward by driving through the floor and swinging your arms forward and up. ; 4. Pull your knees up underneath you in mid-air and aim to land softly on top of the box. ; 5. Land in a soft quarter squat with both feet flat on the box and your chest tall. ; 6. Stand fully tall on top of the box, then step down one leg at a time and reset for the next rep.","Jumping down from the box instead of stepping down — adds unnecessary impact to the knees over volume.; Landing with stiff legs and a flat impact instead of absorbing softly into a quarter squat.; Choosing a box too tall and barely clearing it, which leads to scraped shins and missed reps.; Using too much arm swing without leg drive — turns a power lift into an arm-thrown jump.",An explosive jump from the floor onto a box — the clean way to train lower-body power without high-impact landings.,"The box jump is one of the most efficient plyometric exercises in any athletic program. By exploding off the floor and landing on a sturdy box, it trains lower-body power and reactive strength while keeping landing impact low — the box absorbs what would otherwise be a hard floor landing. It builds the glutes, quads, and calves through fast, powerful triple extension.

For app builders, this clip belongs in any conditioning, athletic prep, or hybrid training program. It is a clean fit for sport-performance modules — basketball, volleyball, sprinting — where vertical power transfers directly. Use it in HIIT workout flows and explosive-strength accessory blocks where coaches want a power lift that does not require a barbell.",posters/box-jump.webp,box-jump.mp4
breaststroke-swim,,Breaststroke Swim,Back; Chest,Quadriceps; Glutes; Core; Shoulders,Bodyweight,Cardio,intermediate,5.04,breaststroke; swimming; cardio; whip kick; low impact; pool,"Builds a low-impact aerobic pattern with a clear, teachable rhythm.; Loads the inner thigh and hip musculature harder than the other strokes.; Allows a breath every cycle, which makes pacing straightforward for beginners.",Stroke selection screens in a swim app.; Learn-to-swim technique modules that teach stroke timing.; Low-impact cardio programming for joint-sensitive users.; Muscle-highlight content contrasting the four competitive strokes.,"1. Float face down with your body straight and arms extended in front of you. ; 2. Sweep both hands outward then back toward the midline in a circle, keeping the elbows high. ; 3. Lift your head and shoulders to inhale as the arms complete the pull. ; 4. Recover the hands together ahead of your shoulders, then shoot them forward. ; 5. Draw your heels toward your seat, turn your feet out and whip them back together. ; 6. Hold the streamlined glide until speed drops, then start the next cycle.","Pulling too wide and too far back, which stalls the stroke and overloads the shoulders.; Kicking with the feet pointed instead of turned out, which removes most of the propulsion.; Cutting the glide short, so stroke rate rises and efficiency falls.; Lifting the head too early, which drops the hips and drags the body line.",Prone simultaneous-stroke swimming that pairs a wide sweeping arm pull with a whip kick driven by the inner thighs.,"Breaststroke runs on a repeating pull, breathe, kick and glide cycle. The arms sweep out and back in a circle with the elbows high, then recover in front of the shoulders, while the legs bend, turn the feet out and snap back together. Underwater EMG of the kick shows adductor longus and adductor magnus peaking through leg retraction and the whip, with the abdominals joining as the legs flip, so this is the one stroke where the lower body carries most of the propulsion. Head and shoulders lift to breathe once each cycle.

For a catalog this clip covers the stroke most learn-to-swim and masters programs teach first. Use it in stroke-selection screens, timing explainers, and technique content on the kick.",posters/breaststroke-swim.webp,breaststroke-swim.mp4
bulgarian-split-squat,,Bulgarian Split Squat,Glutes; Quadriceps,,Bodyweight,Lunge,beginner,8.27,bulgarian split squat; single leg; leg exercise; glutes; bodyweight; lower body,"Builds single-leg strength in the glutes, quads, and hamstrings.; Exposes and corrects left-right strength imbalances.; Improves hip stability and balance under load.",Single-leg accessory blocks in hypertrophy training apps; Athletic prep modules for sport performance platforms; Imbalance-correction tracks in rehab-adjacent content; Advanced leg-day programming for coaching apps,"1. Stand a stride-length away from a bench and place the top of your back foot on the bench behind you. ; 2. Square your hips forward and brace your core with your hands on your hips or at your chest. ; 3. Lower your back knee straight down toward the floor while keeping your front shin near vertical. ; 4. Drop until the back knee is just above the ground and the front thigh is roughly parallel to the floor. ; 5. Keep your weight in the front heel and your chest tall throughout the descent. ; 6. Drive through the front heel to push yourself back up, finishing with the front glute squeezed.","Standing too close to the bench, which shoves the front knee too far forward and loads the joint.; Letting the front knee cave inward instead of tracking over the foot.; Pushing off the back foot instead of driving through the front heel — robs the front leg of work.; Twisting the hips to compensate for balance instead of staying square — kills the unilateral training.",A rear-foot-elevated split squat that punishes one leg at a time — the most effective single-leg builder in any program.,"The Bulgarian split squat is the most effective single-leg exercise in lower-body training. By placing the back foot on a bench and sinking into a deep split-stance squat, it loads the front-leg glute and quad through a full range while exposing balance and hip stability gaps that bilateral squats hide. It is brutal, honest, and irreplaceable.

For app builders, this clip is essential inventory in any serious leg program — strength, hypertrophy, athletic prep, or rehab-adjacent training. It is the bridge between bilateral squats and true unilateral work, and it scales from bodyweight to heavy dumbbells or a barbell. Drop it into your library and it will appear in nearly every advanced leg-day template you ship.",posters/bulgarian-split-squat.webp,bulgarian-split-squat.mp4
burpee,,Burpee,Core; Chest,Quadriceps,Bodyweight,Plyometric,intermediate,9.87,burpee; hiit; conditioning; bodyweight; full body; cardio,"Trains full-body strength and conditioning in a single movement.; Spikes the heart rate fast for efficient cardio work.; Builds explosive power, pressing strength, and core endurance at once.",HIIT and conditioning workout flows in fitness apps; CrossFit and hybrid training program assets; Bodyweight finisher modules for coaching platforms; High-engagement content for social fitness creators,"1. Stand tall with feet shoulder-width apart, arms relaxed at your sides, and core braced. ; 2. Drop into a low squat and place your hands on the floor just in front of your feet. ; 3. Kick or step both feet back so you land in a high plank position with arms straight. ; 4. Lower your chest to the floor in a controlled push-up, then press back up to the high plank. ; 5. Jump or step both feet back up under your hips into the squat position. ; 6. Explode upward into a jump with arms reaching overhead, land softly, and reset for the next rep.","Skipping the push-up at the bottom and turning the burpee into a squat-thrust-jump instead.; Sagging the hips in the plank position, which strains the lower back over volume.; Landing the jump with stiff legs instead of absorbing softly into a quarter squat.; Going so fast that form collapses — turns a conditioning lift into a sloppy injury risk.",A squat-thrust into a push-up into a jump — the full-body conditioning move that hits everything in one rep.,"The burpee is the most efficient full-body conditioning exercise ever programmed. In one rep, it chains a squat, a push-up, and a jump — training the chest, quads, core, and cardiovascular system in a single explosive sequence. It needs no equipment, scales endlessly, and gasses anyone in under a minute.

For app builders, the burpee is non-negotiable inventory in any HIIT, CrossFit, conditioning, or hybrid training library. It is also the most-searched bodyweight exercise on the internet, which makes the clip a strong organic-traffic asset for content and SEO pages. Ship it in your core library and it will live across dozens of workout templates and finisher modules.",posters/burpee.webp,burpee.mp4
butterfly-swim,,Butterfly Swim,Back; Chest,Shoulders; Core; Triceps; Trapezius,Bodyweight,Cardio,advanced,5.04,butterfly; swimming; cardio; dolphin kick; advanced; pool,"Loads back, chest and shoulders through the widest range of the four strokes.; Demands whole-body timing between the arm pull, kick and body wave.; Delivers the highest intensity of the competitive strokes for short efforts.",Advanced stroke libraries in swim and triathlon apps.; Stroke-comparison screens showing intensity ranking.; Technique modules on dolphin kick timing.; Muscle-highlight content for shoulder load education.,"1. Start prone with your body long and both arms extended in front of you. ; 2. Press both hands out and down together, keeping the elbows high. ; 3. Drive both arms back past your hips to finish the pull. ; 4. Sweep both arms over the water simultaneously into the next entry. ; 5. Beat both legs together in a dolphin kick timed to the entry and the finish. ; 6. Breathe forward once every second or third cycle as the arms clear the water.","Lifting the head high to breathe, which sinks the hips and stalls the recovery.; Pulling with the arms only, so the body wave and kick stop contributing.; Mistiming the second kick, which leaves the arms to drag the body through the entry.; Swimming long sets while fatigued, exactly when shoulder mechanics start to break down.","Simultaneous double-arm swimming timed to a dolphin kick, with the body undulating around the hips through every cycle.","Butterfly moves both arms together: they enter overhead, pull through under the body and recover over the surface while the legs beat as one in a dolphin kick. Electromyographic analysis of twelve shoulder muscles found pectoralis major and latissimus dorsi generating the power through the pull, deltoids and rotator cuff controlling entry and recovery, and serratus anterior and subscapularis staying active throughout, so shoulder load runs continuously through the stroke cycle. The body teeter-totters around the hips, so the trunk works continuously to hold the rhythm.

For a catalog this is the hardest of the four strokes to film and the one most libraries lack. Use it in stroke-comparison screens, advanced swim sets, and technique content on timing.",posters/butterfly-swim.webp,butterfly-swim.mp4
cable-30-degree-shrug,,Cable 30 Degree Shrug,Trapezius,,Cable Machine,Isolation,beginner,6.4,cable shrug; trap exercise; upper traps; cable machine; pull day; upper body,Builds upper-trap size along the natural fiber direction.; Develops back thickness and a stronger upper-back silhouette.; Trains the traps through a fuller range than standing dumbbell shrugs.,Pull-day accessory blocks in hypertrophy training apps; Trap-specialization modules for bodybuilding platforms; Form-teaching content for muscle-fiber education; Back-day finishers in coaching app program templates,"1. Set the cable at the lowest pulley setting and attach a straight bar or rope handle. ; 2. Stand a foot or two back from the cable and grip the handle with arms straight. ; 3. Lean your torso forward at about a 30-degree angle, keeping a flat back and braced core. ; 4. Let your shoulders relax forward and down so the cable pulls your traps into a stretch. ; 5. Shrug your shoulders up and slightly back along the angle of the cable, squeezing the traps hard. ; 6. Lower the weight back down under control over 2 to 3 seconds and repeat for high reps.","Standing fully upright, which turns the lift into a regular straight-up shrug.; Bending the elbows instead of keeping the arms straight — loads the biceps, not the traps.; Rounding the lower back in the leaned-over position, which strains the spine over volume.; Using too much weight and rolling the shoulders forward instead of shrugging up and back.",A cable shrug performed at a 30-degree angle that loads the upper traps along their natural fiber line — the smarter shrug variation.,"The cable 30 degree shrug is a shrug variation that loads the upper traps along the natural angle of their muscle fibers. By leaning slightly into a low pulley and shrugging up and back, it pulls the line of force away from straight vertical and into the diagonal that the upper traps actually run. The result is a stronger contraction and better trap development than a standard straight-up shrug.

For app builders, this clip is a smart inclusion in serious hypertrophy programs and pull-day accessory blocks where coaches want a more intentional trap exercise. It pairs well with rows and face pulls in pull-day finisher modules, and it is a useful teaching piece for explaining why fiber direction matters in muscle isolation.",posters/cable-30-degree-shrug.webp,cable-30-degree-shrug.mp4
cable-bar-curl,,Cable Bar Curl,Biceps,,Cable Machine,Isolation,beginner,8,cable bar curl; biceps exercise; arm day; cable; isolation; upper body,Builds biceps size and peak with constant cable tension.; Trains both heads of the biceps through a full range of motion.; Reinforces strict elbow mechanics for cleaner curl form.,Arm-day finishers in strength training apps; Hypertrophy block accessories for coaching platforms; Pull-day program assets for online training tracks; Teaching clips for beginner curl-pattern modules,"1. Set the pulley to the lowest position and attach a straight bar, then grip it underhand at shoulder width. ; 2. Step back so the cable has tension at full arm extension and stand tall with your elbows tucked at your ribs. ; 3. Curl the bar up toward your shoulders by bending only at the elbows, keeping the upper arms locked in place. ; 4. Squeeze the biceps hard at the top with the bar a few inches from your collarbone. ; 5. Lower the bar slowly over 2 to 3 seconds, fighting the cable tension all the way back to full extension. ; 6. Reset your stance and repeat for 10 to 15 controlled reps without using your back or hips.","Swinging the torso back to fling the bar up, which steals load from the biceps and risks lower-back strain.; Letting the elbows drift forward at the top, turning the curl into a partial front raise.; Cutting the lockout short at the bottom, missing the long-head stretch where most growth lives.; Rushing the lowering phase, which throws away the highest-tension half of the rep where the biceps grow most.",A two-handed cable curl using a straight bar attachment that hammers the biceps with constant tension from bottom to top.,"The cable bar curl is a standing biceps exercise performed from a low cable pulley with a straight bar attachment. Unlike a barbell curl, the cable keeps tension on the biceps through the entire range of motion — there's no rest at the bottom and no slack at the top. It hits the long and short heads of the biceps evenly and is a staple of any arm-focused training block.

For app and content use, this clip slots cleanly into pull-day finishers, dedicated arm days, and hypertrophy-focused programs. It's also a clean teaching reference for beginners learning the curl pattern, since the cable enforces a clean elbow path and discourages body english. Pair it with pushdown clips for a full arm-day pairing in your library.",posters/cable-bar-curl.webp,cable-bar-curl.mp4
cable-bar-face-pull,,Cable Bar Face Pull,Shoulders,,Cable Machine,Pull,beginner,4.8,cable bar face pull; rear delts; pull day; cable; shoulder health; upper body,Builds the rear delts and upper-back muscles that balance pressing work.; Reinforces healthy shoulder posture for desk workers and lifters alike.; Strengthens the small stabilizers around the shoulder blade for joint health.,Pull-day accessories in strength training apps; Postural-correction content for office-worker programs; Shoulder health modules in coaching platforms; Warm-up routines before heavy pressing in athletic prep apps,"1. Set the pulley above head height and attach a straight bar, then grip it overhand at shoulder width. ; 2. Step back until the cable has tension and stand with feet hip-width apart and a slight forward lean. ; 3. Pull the bar toward your forehead with the elbows flaring wide and high, leading with the back of the upper arms. ; 4. Squeeze your rear delts and upper back at the end of the pull, keeping your wrists in line with your forearms. ; 5. Slowly let the bar travel back to full arm extension over 2 to 3 seconds, keeping the chest tall. ; 6. Repeat for 12 to 20 reps, prioritizing the squeeze and elbow path over loading heavy weight.","Pulling the bar too low toward the chin or chest, which turns the lift into a row and loses the rear-delt focus.; Letting the elbows drop instead of leading high and wide, swapping rear-delt work for biceps engagement.; Leaning back hard to use bodyweight as a counterweight instead of pulling cleanly with the back.; Loading too heavy and shrugging the traps up, hiding the rear delts under upper-trap dominance.",A high-cable face pull using a straight bar that targets the rear delts and upper-back posture muscles.,"The cable bar face pull is a high-pulley pulling exercise performed with a straight bar. By pulling the bar toward the forehead with elbows high and wide, it isolates the rear delts and the upper-back muscles that hold the shoulders in healthy alignment. It's a key accessory for anyone who presses heavy and wants balanced shoulder development.

For app and content use, this clip belongs in any pull-day program, postural correction track, or shoulder health block. App builders shipping desk-worker or office-mobility content will get heavy reuse out of it. It also pairs well with rear-delt fly and reverse fly clips inside a dedicated shoulder accessories module.",posters/cable-bar-face-pull.webp,cable-bar-face-pull.mp4
cable-bar-pushdown,,Cable Bar Pushdown,Triceps,,Cable Machine,Isolation,beginner,6.67,cable bar pushdown; triceps exercise; push day; cable; isolation; upper body,Builds triceps size and lockout strength with isolated tension.; Targets all three heads of the triceps through a full range of motion.; Reinforces stable elbow mechanics for stronger pressing lifts.,Push-day finishers in strength training apps; Arm-day program assets for hypertrophy tracks; Beginner triceps isolation modules in coaching platforms; Quick accessory clips for trainer Reels and TikToks,"1. Set the pulley to the highest position and attach a straight bar, then grip it overhand at shoulder width. ; 2. Step close to the stack and tuck your elbows tight against your ribs with your forearms parallel to the floor. ; 3. Press the bar straight down by extending your elbows fully, keeping the upper arms locked in place. ; 4. Squeeze the triceps hard at the bottom with the arms straight and the bar near your thighs. ; 5. Let the bar travel back up slowly over 2 seconds, stopping when your forearms are parallel to the floor. ; 6. Repeat for 10 to 15 reps, keeping a tall torso and avoiding any forward lean to muscle the bar down.","Letting the elbows flare forward and away from the ribs, turning the lift into a chest-driven press.; Leaning the torso forward to push down with bodyweight, which steals load from the triceps.; Cutting the lockout short, missing the strongest contraction at the bottom of the movement.; Bouncing the weight up at the top instead of controlling the return, throwing away half the working set.",A standing triceps pushdown using a straight bar attachment — the most efficient way to isolate the triceps with cables.,"The cable bar pushdown is a standing single-joint triceps exercise performed from a high pulley. With the elbows pinned to the ribs, you press a straight bar down to lockout, isolating the triceps with constant cable tension. It's one of the most efficient ways to overload the triceps without involving the shoulders or chest.

For app and content use, this clip is a recognizable inclusion in any push-day finisher or arm-focused training block. It pairs naturally with cable curl clips for a paired-set arm day in your library, and it serves as a clean teaching piece for beginners learning to lock out the elbow under load.",posters/cable-bar-pushdown.webp,cable-bar-pushdown.mp4
cable-bench-chest-fly,,Cable Bench Chest Fly,Chest,,Cable Machine,Isolation,beginner,8.8,cable bench chest fly; chest exercise; push day; cable; isolation; upper body,Builds chest size with constant cable tension through a full arc.; Develops the inner-chest squeeze that pressing alone misses.; Trains the chest in deep stretch for stronger hypertrophy stimulus.,Hypertrophy chest blocks in coaching platforms; Push-day accessories in fitness apps; Mind-muscle education modules for beginners; Aesthetic-focused content for chest-development tracks,"1. Position a flat bench between two cable stations and set both pulleys to the lowest position with single handles. ; 2. Lie back on the bench and press both handles up over your chest with a slight bend in your elbows. ; 3. Lower the handles out to your sides in a wide arc, keeping the elbow angle locked the whole way down. ; 4. Stop when your hands are roughly level with your shoulders and you feel a deep stretch across the chest. ; 5. Bring the handles back together in the same arc by squeezing the chest, finishing with the hands meeting above you. ; 6. Pause at the top with a hard chest squeeze, then repeat for 10 to 15 controlled reps.","Bending the elbows mid-rep, which turns the fly into a sloppy press and shifts load off the chest.; Dropping the hands too far below shoulder level, overstretching the front shoulders and risking joint strain.; Rushing the lowering phase, where most of the chest-building tension lives.; Letting the shoulders roll forward off the bench, losing the stable platform that keeps the chest loaded.",A bench-supported cable fly that puts the chest under deep stretch with constant tension top to bottom.,"The cable bench chest fly is a single-joint chest exercise performed lying on a flat bench between two cable pulleys. By hugging the arms together in an arc, it isolates the chest with constant cable tension — and unlike a dumbbell fly, the resistance doesn't fall off as the hands meet at the top. The bench keeps the upper back stable so the chest can do all the work.

For app and content use, this clip is a strong fit for hypertrophy chest blocks, dedicated push days, and accessory work after heavy pressing. It's also a clean teaching piece for showing how to feel the chest contracting in isolation, which makes it valuable in beginner mind-muscle education modules and trainer-led content.",posters/cable-bench-chest-fly.webp,cable-bench-chest-fly.mp4
cable-bench-press,,Cable Bench Press,Chest,Triceps,Cable Machine,Push,beginner,8.53,cable bench press; chest exercise; push day; cable; horizontal press; upper body,"Builds chest and triceps strength with smooth, constant tension.; Removes the lockout dead spot found in barbell pressing.; Allows independent arm work to expose and fix side-to-side imbalances.",Push-day workout flows in strength training apps; Hypertrophy chest variations for coaching platforms; Cable-machine-focused programs for commercial-gym users; Alternative pressing modules in beginner-friendly tracks,1. Place a flat bench between two cable stations and set both pulleys to the lowest position with single handles. ; 2. Lie back on the bench and press both handles up so your arms are extended directly over your chest. ; 3. Lower the handles to chest level with the elbows tracking at about 60 to 75 degrees from your torso. ; 4. Pause briefly at the bottom with a deep chest stretch and a tight upper back pressed into the bench. ; 5. Press both handles back up in a slight arc until they meet above your chest at full arm extension. ; 6. Squeeze the chest at the top and repeat for 8 to 12 controlled reps.,"Letting the elbows flare wide to 90 degrees, which strains the front shoulders and reduces chest engagement.; Pressing the handles in different paths, causing one side to dominate and creating uneven loading.; Cutting the lockout short, missing the chest-squeeze position at the top of the press.; Lifting the head or hips off the bench for leverage, which destabilizes the press.","A bench-supported cable press that trains the chest and triceps with smooth, constant tension through the full press.","The cable bench press is a horizontal pressing exercise performed lying on a flat bench between two low cable pulleys. It trains the chest and triceps in the same pattern as a barbell or dumbbell bench press, but with a key difference — cable tension stays steady through the entire range, with no dead spot at the lockout. That makes it a strong hypertrophy variation for lifters who want a different stimulus than a barbell or dumbbell press.

For app and content use, this clip fits cleanly into any push-day program and gives a clear alternative to barbell pressing for users who train at cable-heavy commercial gyms. It pairs well with cable fly clips inside a chest-focused hypertrophy block and gives coaches a fresh angle for variety in long-running programs.",posters/cable-bench-press.webp,cable-bench-press.mp4
cable-bench-straight-leg-kickback,,Cable Bench Straight Leg Kickback,Glutes,Core,Cable Machine,Isolation,beginner,8.53,cable kickback; glute exercise; leg day; cable; isolation; lower body,"Isolates and builds the glutes without involving the quads.; Strengthens hip extension for sport, sprinting, and heavier hinges.; Shapes the glutes from a different angle than squats and deadlifts.",Glute-day programming in fitness apps; Lower-body hypertrophy blocks in coaching platforms; Shape-focused training tracks for women's fitness apps; Warm-up flows before heavy hinge work in athletic prep,"1. Attach a cable cuff to your ankle and set the pulley to the lowest position, then face the cable stack. ; 2. Stand a few feet back from the stack and rest your forearms on a flat bench in front of you. ; 3. Brace your core and start with the working leg lightly forward so the cable has tension at rest. ; 4. Drive the straight leg back and up by squeezing the glute, finishing in line with or slightly above your torso. ; 5. Pause at the top for a hard glute squeeze, keeping your hips level and your lower back neutral. ; 6. Lower the leg under control back to the start, then repeat for 12 to 15 reps before switching sides.","Arching the lower back to throw the leg higher, which loads the spine instead of the glutes.; Letting the working hip rotate open, which lets the lower back take over the movement.; Bending the knee mid-rep, swapping glute work for hamstring engagement.; Rushing the return phase and letting the cable yank the leg forward instead of controlling the descent.",A bench-supported cable kickback that isolates the glutes with a straight-leg drive against constant cable tension.,"The cable bench straight leg kickback is a glute isolation exercise performed bent over a flat bench with a cable cuff strapped to the ankle. By driving the straight leg back and up against the cable, it targets the glutes directly with minimal help from the quads or hamstrings. The bench provides a stable platform so the lifter can focus entirely on the glute contraction.

For app and content use, this clip is a strong fit for glute-focused leg days, lower-body hypertrophy blocks, and shape-focused training programs. It's also a clean teaching piece for showing how to lock out the hip without arching the lower back, which makes it useful in beginner glute-activation modules and warm-up flows before heavier hinge work.",posters/cable-bench-straight-leg-kickback.webp,cable-bench-straight-leg-kickback.mp4
cable-chest-press,,Cable Chest Press,Chest,Shoulders; Triceps,Cable Machine,Push,beginner,7.2,cable chest press; chest exercise; push day; cable; horizontal press; upper body,"Builds chest, triceps, and front-delt strength in a standing position.; Trains the core to brace against horizontal load — useful for sport.; Removes the lockout dead spot found in barbell pressing.",Functional-strength program assets for athletic prep apps; Push-day flows in strength training apps; Cable-machine programs for commercial-gym users; Standing-press variation modules for coaching platforms,"1. Set both cable pulleys to chest height and grip a single handle in each hand with an overhand grip. ; 2. Step forward into a staggered stance with one foot ahead of the other and brace your core hard. ; 3. Start with the handles by your chest, elbows tucked at about 60 to 75 degrees from your torso. ; 4. Press both handles forward in a slight arc until your arms meet at full extension in front of your chest. ; 5. Squeeze the chest at the top, then return the handles slowly to the start over 2 to 3 seconds. ; 6. Repeat for 10 to 15 reps, keeping the torso upright and the staggered stance locked the whole set.","Leaning the torso forward to push the handles instead of pressing cleanly with the chest and arms.; Letting the elbows flare wide to shoulder height, which strains the front shoulders.; Allowing one arm to lead the press, creating uneven loading and shoulder asymmetry over time.; Cutting the range short on the way back, missing the chest stretch that drives growth.","A standing cable press that trains the chest, triceps, and front delts through a horizontal push pattern with constant tension.","The cable chest press is a standing horizontal pressing exercise performed from two chest-height pulleys. It trains the chest, triceps, and front shoulders in the same pattern as a bench press but in a standing, full-body-engaged position. The constant cable tension keeps the chest loaded through every inch of the range, and the standing setup forces the core and lower body to brace against the load.

For app and content use, this clip is a versatile addition for any push day or functional-strength program. It plays especially well in athlete-prep tracks where standing pressing patterns transfer better to sport, and in cable-heavy gym programs where users prefer machines over benches. It also gives coaches a fresh standing-press variation to mix into long programs.",posters/cable-chest-press.webp,cable-chest-press.mp4
cable-decline-bench-press,,Cable Decline Bench Press,Chest,Triceps,Cable Machine,Push,beginner,8.8,cable decline bench press; lower chest; push day; cable; horizontal press; upper body,Targets the lower chest with constant cable tension.; Builds a thicker lower-chest line for balanced chest development.; Removes the lockout dead spot found in barbell decline pressing.,Hypertrophy chest blocks in coaching platforms; Push-day variations in strength training apps; Aesthetic-focused programs for physique training tracks; Cable-machine programs for commercial-gym users,"1. Set a decline bench between two cable stations with both pulleys at the lowest position and single handles attached. ; 2. Lock your feet under the pads and lie back, then press both handles up over your lower chest. ; 3. Lower the handles to chest level with the elbows tracking at about 60 to 75 degrees from your torso. ; 4. Pause briefly at the bottom with a deep chest stretch, keeping the upper back tight against the bench. ; 5. Press the handles back up in a slight arc until they meet above the lower chest at full extension. ; 6. Squeeze the chest hard at the top and repeat for 8 to 12 reps with controlled tempo.","Letting the elbows flare wide, which strains the front shoulders and pulls focus off the lower chest.; Rushing the descent and missing the deep chest stretch that drives hypertrophy.; Pressing the handles unevenly, creating side-to-side imbalances over time.; Lifting the hips off the bench for leverage, which destabilizes the press and risks back strain.",A decline cable press performed on a bench that targets the lower chest with smooth constant tension.,"The cable decline bench press is a horizontal pressing exercise performed on a decline bench between two low cable pulleys. The decline angle shifts the load onto the lower portion of the chest, and the cables keep tension constant from stretch to lockout. It's a strong variation for lifters chasing balanced chest development and a thicker lower-chest line.

For app and content use, this clip fits cleanly into hypertrophy-focused chest blocks and aesthetic-driven push-day programs. It's also a useful inclusion for cable-heavy commercial-gym programs where a barbell decline isn't available. Pair it with cable incline press clips in your library to round out a full-chest hypertrophy module.",posters/cable-decline-bench-press.webp,cable-decline-bench-press.mp4
cable-external-rotation,,Cable External Rotation,Shoulders,Back,Cable Machine,Isolation,beginner,3.47,external rotation; rotator cuff; cable machine; shoulder; prehab; isolation,"Holds tension on the external rotators through the whole range thanks to the cable.; Strengthens the cuff stabilizers that protect the shoulder during pressing and overhead work.; Sets up in seconds on any adjustable stack, so it fits into warm-ups without disruption.",Shoulder warm-up and prehab sequences in training apps.; Cable machine equipment collections and filtered library pages.; Cuff mechanics explainers that need a constant-tension cable example.; Paired comparison media showing cable and band versions of the same movement.,"1. Set a cable pulley to about waist height and attach a single handle. ; 2. Stand side on so the working arm is furthest from the machine, and take the handle across your body. ; 3. Tuck the working elbow against your ribs and bend it to ninety degrees. ; 4. Brace your trunk and rotate the forearm outward, away from your stomach, without moving the elbow. ; 5. Pause for about one second at the end of the rotation. ; 6. Let the cable draw the hand back slowly to the start, then repeat and switch sides.","Letting the elbow leave the ribs, which converts the rep into a row driven by the back.; Turning the torso away from the machine, which produces range the shoulder never generated.; Selecting a heavy plate, which recruits the lats and rear deltoid instead of the cuff.; Releasing the eccentric quickly, which discards the phase where the cuff adapts most.",A cable rotator cuff drill that rotates the forearm away from the stomach with the elbow fixed against the ribs.,"Cable external rotation loads the infraspinatus and teres minor through the range they actually control, turning the upper arm outward. The pulley sits at about waist height and the lifter stands side on, so the cable pulls across the body and resistance stays constant from start to finish. The working elbow is pinned to the ribs and bent to ninety degrees; the forearm sweeps outward until the cable has passed in front of the stomach. Loads stay light because the rotators are small and the leverage is poor by design.

As catalog inventory this clip pairs naturally with the banded version for equipment-filtered browsing. It slots into shoulder warm-up sequences, cable machine collections, and prehab modules where a constant-tension option is preferred over an elastic one.",posters/cable-external-rotation.webp,cable-external-rotation.mp4
cable-front-raise,,Cable Front Raise,Shoulders,Trapezius; Core,Cable Machine,Isolation,beginner,8.04,cable front raise; cable machine; shoulders; front raise; deltoids; isolation,The cable keeps tension on the front deltoid at the bottom where dumbbells go slack.; A single-joint movement that adds shoulder volume without more overhead pressing.; The fixed line of pull makes the rep easy to standardize across a program.,Constant-tension option in cable-station shoulder circuits.; Shoulder isolation slot after pressing in hypertrophy blocks.; Form comparison content against the dumbbell front raise.; Accessory work in commercial-gym program templates.,1. Set a cable pulley to its lowest position and attach a straight bar or rope handle. ; 2. Stand facing away from the stack with the cable running between your legs and your feet shoulder-width apart. ; 3. Grip the handle with both hands using an overhand grip and let it rest near your thighs. ; 4. Brace your abs and raise both arms straight in front of you with a slight bend in the elbows. ; 5. Stop when your hands reach shoulder height and pause briefly. ; 6. Lower the handle back toward your thighs under control and repeat.,"Leaning back to start the rep, which uses the trunk instead of the front deltoid.; Raising the hands well above shoulder height, which hands the work to the traps.; Bouncing at the top and dropping the stack, which throws away the constant tension the cable is there for.; Stacking it on top of heavy pressing, which piles yet more volume on an already busy anterior deltoid.","A two-handed front raise with the cable running between your legs, holding the front deltoid under load from the bottom up.","The cable front raise is a front raise fed from a low pulley instead of a dumbbell. You stand facing away from the stack with the cable running between your legs, take the handle in both hands with an overhand grip, and raise your arms straight in front of you to shoulder height. The front deltoids are the target with the traps and upper back assisting, and the cable holds tension steady across the range instead of falling away at the bottom as a dumbbell does. The shoulder flexion path is simple enough that the movement suits beginners.

For a library this is the constant-tension member of the front raise family. It belongs in cable equipment filters, shoulder accessory blocks, and content comparing cable, dumbbell and plate front raises.",posters/cable-front-raise.webp,cable-front-raise.mp4
cable-high-to-low-fly,,Cable High-to-Low Fly,Chest,Shoulders; Triceps,Cable Machine,Isolation; Push,beginner,7.23,chest; cable fly; cable machine; isolation; lower chest; adduction,"Holds tension on the pectorals through the full arc, including the shortened position.; Emphasizes the lower chest through a downward adduction path that flat pressing does not reproduce.; Needs no spotter and no bar to unrack, so it programs safely at the end of a session.",Chest accessory slots in push and upper-body app workouts; Cable machine equipment filters in a gym exercise library; Lower-chest emphasis content for hypertrophy program builders; Technique clips for cable-machine onboarding flows,"1. Set both cable pulleys to their highest position and select a light load on each side. ; 2. Take one handle in each hand with a neutral grip and step forward into a split stance. ; 3. Brace your abdominals, hold your torso upright, and keep a slight bend in both elbows. ; 4. Sweep both hands down and together in a wide arc until they meet in front of your hips. ; 5. Hold the squeeze for a beat without letting the two handles touch. ; 6. Let your arms open back out under control until you feel a stretch across the chest, then repeat.","Bending and extending the elbows turns the fly into a press, so the triceps take load the chest should carry.; Leaning the torso forward over the front foot increases shoulder joint stress and usually means the load is too heavy.; Banging the handles together at the bottom lets the pecs unload at the point of peak contraction.; Squeezing the handles hard pulls the forearms and biceps in first and blunts the chest contraction.",Standing cable fly that sweeps both handles down and together from high pulleys to load the lower chest.,"The cable high-to-low fly is a single-joint chest movement performed between two pulleys set at their highest position. You keep the elbows fixed and slightly bent, moving only at the shoulder until both hands meet in front of the hips. That downward adduction path emphasizes the lower, sternal region of the pectoralis major, with the front deltoid and triceps assisting.

Because the resistance pulls from above, tension stays on the chest across the whole arc instead of dropping off near the top the way a dumbbell fly does.

As an asset this is the default lower-chest isolation clip: it fills cable equipment filters, chest accessory slots and push-day builders that need a fly angle distinct from the flat and low-to-high versions.",posters/cable-high-to-low-fly.webp,cable-high-to-low-fly.mp4
cable-hip-abduction,,Cable Hip Abduction,Glutes,Core,Cable Machine,Hip Abduction; Isolation,beginner,8.8,cable hip abduction; hip abduction; glutes; gluteus medius; cable machine; isolation,Isolates the gluteus medius and minimus without a compound lift masking them.; Trains the pelvic stability that single leg movement and running depend on.; Loads hip abduction smoothly through the whole range with cable tension.,Gluteus medius accessory work inside lower body hypertrophy plans.; Prehab blocks for runners who need lateral hip strength.; Paired media alongside band and machine abduction variants.; Isolation slot in glute templates that already cover thrusts and bridges.,"1. Attach an ankle strap to the lowest setting on a cable pulley. ; 2. Fasten the strap to the ankle furthest from the machine and stand side on. ; 3. Hold the frame for balance with your feet about shoulder width apart. ; 4. Brace your abdominals and keep the working knee straight. ; 5. Sweep the strapped leg away from the midline with the heel leading the path. ; 6. Pause briefly, lower under control against the cable and repeat.","Swinging the leg with momentum, which removes tension from the gluteus medius.; Leaning the torso away from the machine, so the trunk moves instead of the hip.; Turning the toe upward, which recruits the hip flexors instead of the abductors.; Lifting past the point of strong contraction, which shifts work to the lower back.","A standing cable exercise that lifts one straight leg out to the side, isolating the hip abductors.","Cable hip abduction isolates the muscles that move the leg away from the midline. An ankle strap on a low pulley loads the outside leg, and you lift it sideways with the knee straight, leading with the heel so the gluteus medius and minimus do the work rather than the hip flexors. Those muscles hold the pelvis level during single leg movements such as walking, running and stair climbing, which is why they are trained deliberately. The standing leg and the abdominals stabilize the trunk against the pull of the cable.

For a library this is the cleanest demonstration of hip abduction available and pairs with band and machine versions of the same pattern. It fits cable machine filters, glute accessory blocks, and prehab or running specific content where lateral hip strength is the point.",posters/cable-hip-abduction.webp,cable-hip-abduction.mp4
cable-incline-bench-press,,Cable Incline Bench Press,Chest,Triceps,Cable Machine,Push,beginner,8,cable incline bench press; upper chest; push day; cable; incline press; upper body,"Builds the upper chest with constant cable tension.; Develops the upper-chest shelf for a fuller, more balanced chest.; Removes the lockout dead spot found in barbell incline pressing.",Upper-chest hypertrophy blocks in coaching platforms; Push-day variations in strength training apps; Physique-focused programs in aesthetic training tracks; Cable-machine programs for commercial-gym users,1. Set an incline bench to about 30 to 45 degrees between two cable stations with low pulleys and single handles. ; 2. Sit back into the bench and press both handles up so the arms are extended over the upper chest. ; 3. Lower the handles to upper-chest level with the elbows tracking at about 60 to 75 degrees from your torso. ; 4. Pause at the bottom with a deep stretch across the upper chest and a tight upper back. ; 5. Press the handles back up in a slight arc until they meet above the upper chest at full arm extension. ; 6. Squeeze the upper chest at the top and repeat for 8 to 12 controlled reps.,"Setting the bench too steep, which turns the press into a shoulder-dominant lift.; Letting the elbows flare wide, straining the front shoulders and reducing upper-chest engagement.; Pressing too fast and skipping the stretch, missing the highest-tension portion of the rep.; Lifting the hips off the bench for leverage, which destabilizes the press.",An incline cable press that targets the upper chest and triceps with constant tension through every inch of the press.,"The cable incline bench press is an upper-chest pressing exercise performed on an incline bench between two low cable pulleys. The incline angle shifts the press onto the upper portion of the chest, and the cables keep tension steady from deep stretch to lockout. It's one of the most reliable ways to build the upper-chest shelf that gives a chest its full, finished look.

For app and content use, this clip is a high-impact addition to any hypertrophy chest block or aesthetic-driven push-day program. It's especially valuable in physique-focused training tracks where upper-chest development drives the look. Coaches running long programs will reach for this as a reliable variation to keep chest training fresh and progressive.",posters/cable-incline-bench-press.webp,cable-incline-bench-press.mp4
cable-kickback,,Cable Kickback,Glutes,Hamstrings,Cable Machine,Isolation,beginner,4.8,cable kickback; glute kickback; hip extension; glutes; isolation; cable machine,"Isolates hip extension so the glutes work without the quads sharing the load.; Cable tension stays constant through the range, unlike a bodyweight kickback.; Trains one side at a time, which exposes side to side strength differences.",Glute-focused program blocks that need isolation rather than another squat.; Accessory slot where cable tension has to stay on through the whole rep.; Single leg symmetry drills in rehab oriented content.; Low-pulley and ankle-cuff filtering in a cable station library.,"1. Attach an ankle cuff to a low pulley and fasten it around one ankle. ; 2. Face the stack and hold the frame with both hands for balance. ; 3. Step back until the cable is taut and shift your weight onto the standing leg. ; 4. Brace your abs and keep a small bend in the standing knee. ; 5. Drive the working leg back and up by squeezing the glute, keeping the hips square. ; 6. Return the leg forward under control, finish the set, then swap sides.","Arching the lower back to gain range, which moves the work from the glute to the spine.; Rotating the hips open each rep, so the leg travels further without more glute work.; Swinging the leg with momentum, which removes tension from the glute at the top.; Loading too heavy, so the torso leans forward and the standing leg does the stabilizing.",Standing single leg hip extension against a low cable that isolates the glutes through a controlled range.,"The cable kickback fastens an ankle cuff to a low pulley and drives one leg back behind you while the torso stays still. Because the cable pulls forward from floor level, the gluteus maximus has to finish hip extension against tension that never drops off. The hamstrings assist at the hip and the abs brace so the range comes from the hip rather than the lower back. Quadruped hip extension ranks among the highest gluteus maximus activation patterns tested, and this is the standing, cable-loaded form of that same joint action.

In a library this is the glute isolation clip for cable equipped gyms. It fits glute focused program blocks, accessory work after squats or hinges, and single leg symmetry work in rehab oriented app content.",posters/cable-kickback.webp,cable-kickback.mp4
cable-low-single-arm-lateral-raise,,Cable Low Single Arm Lateral Raise,Shoulders,Trapezius; Core,Cable Machine,Isolation,beginner,8.8,cable lateral raise; single arm; cable machine; shoulders; lateral raise; side delts,Working one arm at a time exposes side-to-side differences the two-arm version hides.; The low pulley keeps the side of the deltoid loaded at the bottom of the range.; Trial evidence puts cable lateral raises on a par with dumbbells for lateral deltoid growth.,Cable machine filter in commercial gym program libraries.; Unilateral shoulder accessory slot in hypertrophy templates.; Side-by-side content comparing cable and dumbbell lateral raises.; Low-load shoulder volume blocks where control matters more than weight.,"1. Set a cable pulley to its lowest position and attach a single handle. ; 2. Stand side-on to the stack so the working arm is the one furthest from the pulley. ; 3. Reach across your body and take the handle with a neutral grip, keeping the chest tall and hips level. ; 4. Brace your abs and press both feet into the floor. ; 5. Raise the working arm out to the side with a slight elbow bend until it is level with the floor. ; 6. Hold for a second, lower slowly back across your body, then finish the set and switch arms.","Swinging the torso away from the stack, which replaces deltoid work with a body swing.; Shrugging as the arm rises, which moves the load up into the upper traps.; Letting the handle drop back fast, which wastes the loaded stretch the low pulley creates.; Raising past shoulder height, which shifts the work off the side of the deltoid.","A one-arm lateral raise from a low cable pulley, with the cable crossing the body to load the side of the shoulder.","This is a lateral raise fed from a pulley set at or near the floor, worked one arm at a time. You stand side-on to the stack with the working arm furthest from it, reach across your body for the handle, then raise the arm out to the side until it is level with the floor. The single-arm cable version stays beginner-level as long as the chest is tall and the hips stay level, and the cable holds constant tension through the arc. A trial comparing dumbbell and cable lateral raises over eight weeks found both grew the lateral deltoid by a similar amount.

In a catalog this covers unilateral side-delt work on a cable stack, which most libraries carry only as a two-arm dumbbell raise. Use it in cable filters, unilateral accessory blocks, and resistance-profile comparison content.",posters/cable-low-single-arm-lateral-raise.webp,cable-low-single-arm-lateral-raise.mp4
cable-low-to-high-fly,,Cable Low-to-High Fly,Chest,Shoulders; Triceps,Cable Machine,Isolation; Push,intermediate,7.73,chest; cable fly; cable machine; isolation; upper chest; adduction,"Loads the upper chest without an incline bench, which is useful in cable-only gym setups.; Keeps constant cable tension through an arc that ends in full pectoral shortening.; Trains trunk bracing alongside the chest because the stance must resist a forward pull.",Upper-chest accessory blocks in push-day app programming; Cable machine filters in a browsable exercise library; Progression pairs shown next to the high-to-low fly in program builders; Coaching content on chest fly angles and shoulder-safe range,"1. Set both pulleys to their lowest position and select a light load on each side. ; 2. Grip a handle in each hand with palms turned slightly upward and step forward into a staggered stance. ; 3. Stand tall, brace your abdominals, and keep a soft bend in both elbows. ; 4. Drive both hands up and inward on a forty-five degree line until they meet at chest or face height. ; 5. Pause briefly at the top and hold the chest contraction without clashing the handles. ; 6. Lower your arms back down and out under control, then repeat for the prescribed reps.","Leaning back to help the hands travel upward turns the lift into a shoulder raise and takes the chest out of it.; Letting the elbows flex and extend converts the fly into an incline press and moves load to the triceps.; Driving too high with a heavy stack overloads the front of the shoulder joint and provokes pain there.; Losing the abdominal brace lets the lower back arch, which shortens the working range and stresses the spine.",Standing cable fly driven upward and inward from low pulleys so the upper chest does the adduction work.,"The cable low-to-high fly starts with both pulleys at their lowest setting and finishes with the hands together at or above face height. Elbows stay slightly bent and fixed, so the only joint working is the shoulder, and the upward arc shifts emphasis toward the upper, clavicular region of the pectoralis major. The front deltoid assists more here than in a downward fly.

Trunk control decides whether the work stays in the chest. A staggered stance and braced abdominals stop the movement turning into a leaning shoulder raise.

In a catalog this clip is the upper-chest cable asset that pairs with the high-to-low version, giving app and program builders a complete cable fly set for chest filters and accessory blocks.",posters/cable-low-to-high-fly.webp,cable-low-to-high-fly.mp4
cable-overhead-press,,Cable Overhead Press,Shoulders,Triceps,Cable Machine,Push,beginner,9.6,cable overhead press; shoulder exercise; push day; cable; vertical press; upper body,Builds the front and side shoulders with constant cable tension.; Strengthens the core to brace against vertical overhead load.; Trains a standing pressing pattern that transfers to sport and daily life.,Push-day flows in strength training apps; Shoulder-day programming for coaching platforms; Athletic-prep modules for overhead-sport athletes; Standing-press variation assets for hypertrophy tracks,"1. Set both cable pulleys to the lowest position and grip a single handle in each hand with an overhand grip. ; 2. Step into the cables with a staggered stance, brace your core, and bring the handles to shoulder height. ; 3. Start with the elbows tucked roughly 30 degrees in front of the torso and forearms vertical. ; 4. Press both handles straight up overhead until the arms lock out with the handles meeting above your head. ; 5. Squeeze the shoulders at the top, then lower the handles slowly back to shoulder height over 2 seconds. ; 6. Repeat for 8 to 12 controlled reps without leaning back or pressing the hips forward.","Leaning back hard to push the handles up, which turns the lift into a standing incline press and risks back strain.; Letting the elbows flare straight out to the sides, which strains the front shoulders.; Cutting the lockout short and missing the strongest contraction at the top.; Pressing too fast on the descent and losing tension before the next rep.",A standing cable press overhead that builds the front and side shoulders with smooth constant tension top to bottom.,"The cable overhead press is a standing vertical pressing exercise performed from two low cable pulleys. By pressing the handles from shoulder height to full lockout overhead, it trains the front and side shoulders along with the triceps under constant cable tension. The standing setup also forces the core and glutes to brace hard against the load, making it as much a full-body lift as a shoulder lift.

For app and content use, this clip fits cleanly into push-day programs, dedicated shoulder days, and strength-focused training blocks. It's also a strong fit for athletic-prep tracks where standing overhead pressing patterns transfer to throwing, blocking, and overhead sport movements. Pair with face-pull clips for a complete shoulder-day module.",posters/cable-overhead-press.webp,cable-overhead-press.mp4
cable-pec-fly,,Cable Pec Fly,Chest,,Cable Machine,Isolation,beginner,6.93,cable pec fly; chest exercise; push day; cable; isolation; upper body,Isolates the chest with constant cable tension.; Develops the inner-chest squeeze that pressing alone misses.; Loads the chest in deep stretch for stronger hypertrophy stimulus.,Hypertrophy chest blocks in coaching platforms; Push-day finishers in fitness apps; Mind-muscle education modules for beginners; Quick accessory clips for trainer Reels and TikToks,"1. Set both cable pulleys to chest height and grip a single handle in each hand with a slight elbow bend. ; 2. Step forward into a staggered stance and lean slightly forward at the hips with a tall chest. ; 3. Start with the arms stretched out wide in line with your chest, palms facing forward. ; 4. Bring both handles together in a wide arc by squeezing the chest, finishing with hands meeting in front of you. ; 5. Pause at the top with a hard chest squeeze, keeping the elbow bend locked the whole way. ; 6. Open the arms back out slowly over 2 to 3 seconds and repeat for 12 to 15 reps.","Bending the elbows mid-rep, which turns the fly into a sloppy press and loses the chest focus.; Letting the hands drop too far behind the body, overstretching the front shoulders.; Rushing the opening phase, throwing away the slow return where most of the chest tension lives.; Using the torso to swing the handles together instead of squeezing with the chest.",A standing cable fly that isolates the chest with constant tension from a deep stretch to a hard squeeze.,"The cable pec fly is a standing single-joint chest exercise performed between two chest-height cable pulleys. By hugging the arms together in a wide arc, it isolates the chest and removes the help that triceps and front shoulders give during pressing lifts. The cable keeps tension constant — there's no rest at the top, and the deep stretch at the bottom is one of the strongest hypertrophy positions you can train.

For app and content use, this clip is a clean fit for hypertrophy chest blocks, push-day finishers, and aesthetic-driven training programs. It's also a strong teaching piece for showing the chest contracting in isolation, which makes it valuable in mind-muscle education modules and trainer-led short-form content.",posters/cable-pec-fly.webp,cable-pec-fly.mp4
cable-pull-through,,Cable Pull Through,Glutes,Hamstrings; Core,Cable Machine,Hinge,beginner,3.2,cable pull through; hip hinge; glutes; hamstrings; cable machine; posterior chain,"Loads the glutes and hamstrings without placing compressive load on the spine.; Teaches the hip hinge pattern that deadlifts and kettlebell swings depend on.; Keeps tension constant through the range, which suits higher rep volume work.",Hinge pattern teaching sequences in training app programs.; Glute focused accessory blocks and posterior chain collections.; Cable machine equipment pages and filtered library browsing.; Low back friendly substitutions inside programming decision trees.,"1. Attach a rope to the lowest setting on a cable stack and face away from the machine. ; 2. Straddle the cable, reach between your legs and take one rope end in each hand. ; 3. Walk forward until the cable is taut, then set your feet about shoulder width apart. ; 4. Push your hips back and hinge forward with a flat back until the rope passes behind your legs. ; 5. Drive the hips forward and squeeze the glutes to stand tall, keeping the arms straight. ; 6. Control the return as the cable pulls you back into the hinge, then repeat.","Bending the knees into a squat, which shifts the work from the glutes to the quadriceps.; Standing too close to the stack, which leaves no tension at the stretched position.; Pulling the rope with the arms, which turns a hip hinge into a row.; Arching the lower back at lockout instead of finishing with the glutes.","A cable-loaded hip hinge that pulls resistance forward from between the legs, driving the glutes with little spinal load.","The cable pull through is a hip hinge where the resistance comes from behind rather than from a bar on the back. A rope on the lowest pulley is held between the legs, and the lifter hinges until the torso is close to parallel before driving the hips forward to stand. Because the load line runs horizontally, the spine carries very little compressive force while the glutes and hamstrings still work through a full range. That combination makes it a common teaching tool for the hinge pattern and a high-volume glute exercise when heavier hinging is fatiguing.

As an asset this clip is worth its place in any glute or posterior chain collection. It supports hinge-teaching sequences in app programs, cable machine equipment pages, and low back friendly alternatives inside programming decision trees.",posters/cable-pull-through.webp,cable-pull-through.mp4
cable-rope-hammer-curl,,Cable Rope Hammer Curl,Biceps,Forearms,Cable Machine,Isolation,beginner,6.93,cable hammer curl; rope curl; neutral grip; biceps; brachialis; forearms,"Trains the biceps, brachialis and brachioradialis in one neutral grip movement.; Keeps cable tension at the bottom of the rep where dumbbells unload.; Neutral wrists usually feel easier on the elbow than a supinated curl.",Arm day accessory blocks in a training app.; Forearm and grip focused program tracks.; Comparison content on grip position and elbow flexors.; Gym floor walkthroughs showing rope attachment setup at the low pulley.,"1. Attach a rope to the low pulley and select a light weight. ; 2. Stand facing the stack with your feet about shoulder width apart. ; 3. Take one end of the rope in each hand with your palms facing each other. ; 4. Tuck your elbows against your sides and brace your abs. ; 5. Curl the rope up toward your shoulders, keeping the wrists neutral. ; 6. Squeeze at the top, then lower until the arms are almost straight.","Letting the elbows drift forward, which turns the curl into a front raise for the shoulders.; Leaning back to start the rep, which uses the hips instead of the elbow flexors.; Rolling the wrists into a palms up position, which drops the brachioradialis out of the movement.; Stopping short at the bottom, so the arm never reaches the loaded stretch the cable provides.","Standing cable curl on a rope with a neutral grip that loads the biceps, brachialis and forearms together.","The cable rope hammer curl keeps the palms facing each other on a rope attached to a low pulley, so the elbow flexes with the forearm in a neutral position. That grip splits the work between the biceps brachii, the brachialis underneath it and the brachioradialis along the top of the forearm, which is why the forearms fatigue faster here than in a palms up curl. The cable keeps tension on the arm at the bottom of the rep, where a dumbbell hammer curl unloads completely, and the elbows stay pinned to your sides so the shoulders cannot swing the weight up.

For a library this is the neutral grip arm clip that pairs with a supinated cable curl. It works in arm day accessory blocks, grip and forearm focused programming, and side by side content explaining how grip changes elbow flexor recruitment.",posters/cable-rope-hammer-curl.webp,cable-rope-hammer-curl.mp4
cable-rope-kneeling-face-pull,,Cable Rope Kneeling Face Pull,Shoulders,Trapezius,Cable Machine,Pull,beginner,8.53,cable rope face pull; rear delts; pull day; cable; shoulder health; upper body,Isolates the rear delts and mid-back without bodyweight cheating.; Reinforces healthy shoulder posture for desk workers and lifters.; Strengthens the small stabilizers around the shoulder blade for joint health.,Shoulder-health modules in coaching platforms; Postural-correction content for office-worker programs; Pull-day accessories in strength training apps; Warm-up flows before heavy pressing in athletic prep,"1. Set the pulley above head height and attach a rope, then kneel facing the cable stack on both knees. ; 2. Grip the rope with palms facing each other and arms extended forward at eye level with cable tension. ; 3. Pull the rope toward your forehead with the elbows flaring wide and high, leading with the upper arms. ; 4. Separate the rope ends as you pull, finishing with hands by your ears and elbows in line with your shoulders. ; 5. Squeeze the rear delts and mid-back hard at the end of the pull, keeping the chest tall. ; 6. Slowly let the rope travel back to the start over 2 seconds and repeat for 12 to 20 reps.","Pulling the rope toward the chin or chest, which turns the lift into a row and loses the rear-delt focus.; Letting the elbows drop, swapping rear-delt work for biceps engagement.; Rocking back on the knees to use bodyweight as a counterweight.; Loading too heavy and shrugging the traps up, hiding the rear delts under upper-trap dominance.",A kneeling rope face pull that locks out body english and isolates the rear delts and mid-back.,"The cable rope kneeling face pull is a high-pulley pulling exercise performed in a kneeling stance with a rope attachment. Kneeling removes the ability to lean back or use bodyweight, which forces the rear delts and mid-back to do all the work. The rope lets the hands separate at the end of the pull, which deepens the rear-delt contraction beyond what a straight bar allows.

For app and content use, this clip is a strong fit for shoulder-health modules, postural-correction programs, and pull-day accessory blocks. It's especially valuable in office-mobility and desk-worker tracks where rear-delt strength directly supports better posture. Coaches will reach for it as a clean teaching piece for users who cheat their face pulls with momentum.",posters/cable-rope-kneeling-face-pull.webp,cable-rope-kneeling-face-pull.mp4
cable-rope-overhead-tricep-extension,,Cable Rope Overhead Tricep Extension,Triceps,Core,Cable Machine,Isolation,beginner,4.53,overhead tricep extension; rope extension; triceps; long head; cable machine; isolation,Loads the triceps long head in a stretched position that pushdowns do not reach.; Constant cable tension through the whole elbow extension range.; Carries over to lockout strength in bench and overhead pressing.,Arm accessory blocks in a hypertrophy app.; Bench press support work in strength program templates.; Teaching content on shoulder position and triceps heads.; Stretch position triceps volume in specialization phases that already run pushdowns.,"1. Attach a rope to a high pulley and select a moderate weight. ; 2. Grip both ends with a neutral grip and turn away from the stack. ; 3. Take a split stance and bring the rope behind your head with the elbows bent. ; 4. Hinge slightly forward at the hips and brace your abs. ; 5. Extend your elbows to drive the rope forward and slightly apart. ; 6. Stop just short of lockout, then lower back into the stretch under control.","Letting the elbows flare and travel, which turns the extension into a press.; Arching the lower back as the cable pulls, which loads the spine instead of the triceps.; Locking out hard at the top, which hands the tension to the elbow joint.; Choosing a weight that pulls you backwards, so the stance rather than the arms controls the rep.",Overhead rope extension from a high pulley that stretches the triceps long head before every elbow extension.,"The cable rope overhead tricep extension attaches a rope high on the stack, then has you turn away, hold both ends behind your head and hinge slightly forward in a split stance. With the shoulder flexed, the long head of the triceps is already lengthened, which is why overhead variations bias that head more than a pushdown does. You extend the elbows and squeeze without locking out hard, keeping the upper arms still so the movement stays at the elbow. The abs work through the set to stop the cable pulling the lower back into an arch.

As an asset this is the long head biased triceps clip that complements a pushdown in the same library. It fits arm accessory blocks, bench press support work in strength programs, and teaching content on how shoulder position changes triceps emphasis.",posters/cable-rope-overhead-tricep-extension.webp,cable-rope-overhead-tricep-extension.mp4
cable-rope-pullover,,Cable Rope Pullover,Back,Core; Shoulders; Triceps,Cable Machine,Pull,beginner,9.87,back; lats; cable machine; pullover; straight arm; pull,"Trains the lats through pure shoulder extension with no elbow flexion to steal the work.; Keeps cable tension on the back in the stretched overhead position where free weights go slack.; Teaches shoulder blade depression, which transfers directly to pulldowns and rows.",Back accessory work in pull-day app programming; Cable machine filters in a searchable exercise library; Activation or warm-up sequences before heavy pulling; Coaching content contrasting straight-arm and bent-arm pulling,"1. Attach a rope to a high cable pulley and select a moderate load. ; 2. Take one rope end in each hand with a neutral grip and step back until the cable is taut. ; 3. Hinge slightly at the hips, brace your abdominals, and set your arms overhead with elbows nearly straight. ; 4. Depress your shoulder blades, then pull the rope down in an arc toward your thighs. ; 5. Finish with the hands beside your hips and hold the lat contraction for a beat. ; 6. Let the rope travel back overhead under control until you feel the lats lengthen, then repeat.","Bending the elbows turns the pullover into a triceps pushdown and removes the lats from the movement.; Letting the lower back arch as the arms go overhead shifts the load onto the spine instead of the lats.; Standing too close to the stack cuts the overhead range short, so the lats never reach a stretched position.; Gripping the rope hard and leading with the arms lets the biceps dominate a movement meant for the back.",Straight-arm cable pullover with a rope that extends the shoulders and drives the lats through a long range.,"The cable rope pullover is a straight-arm shoulder extension performed against a high cable with a rope attachment. The elbows stay almost locked, so the latissimus dorsi pulls the upper arms from overhead down to the thighs rather than the biceps bending the arm. Rear deltoid, the long head of the triceps and the abdominal wall assist.

Shoulder position matters more than load. Latissimus activity is highest at lower shoulder elevation angles, so the useful work happens between overhead and hip level with depressed shoulder blades.

For product catalogs this clip covers the lat-isolation gap between rows and pulldowns. It suits back accessory blocks, cable-only equipment filters and warm-up content that shows pulling without elbow flexion.",posters/cable-rope-pullover.webp,cable-rope-pullover.mp4
cable-rope-pushdown,,Cable Rope Pushdown,Triceps,,Cable Machine,Isolation,beginner,7.73,cable rope pushdown; triceps exercise; push day; cable; isolation; upper body,Builds triceps size with a deep contraction at lockout.; Targets the long head of the triceps more than a straight bar pushdown.; Reinforces stable elbow mechanics for stronger pressing lifts.,Push-day finishers in strength training apps; Arm-day program assets for hypertrophy tracks; Trainer Reels and TikToks where the contraction reads on camera; Beginner triceps isolation modules in coaching platforms,"1. Set the pulley to the highest position and attach a rope, then grip both ends with palms facing each other. ; 2. Step close to the stack and tuck your elbows tight against your ribs with forearms parallel to the floor. ; 3. Press both ends of the rope straight down by extending your elbows until your arms are fully locked out. ; 4. Pull the rope ends apart at the bottom and rotate the palms down for an extra triceps squeeze. ; 5. Let the rope travel back up slowly over 2 seconds, stopping when forearms are parallel to the floor. ; 6. Repeat for 10 to 15 reps without leaning forward or letting the elbows drift away from the ribs.","Letting the elbows flare forward, turning the lift into a chest-driven press.; Leaning the torso forward to push down with bodyweight, stealing load from the triceps.; Skipping the hand separation at the bottom, missing the deeper long-head contraction.; Bouncing the weight up at the top instead of controlling the return.",A standing triceps pushdown using a rope attachment that lets the hands separate for a deeper triceps squeeze.,"The cable rope pushdown is a standing single-joint triceps exercise performed from a high pulley with a rope attachment. Unlike a straight bar, the rope lets the hands separate and rotate at the bottom, which deepens the triceps contraction and trains the long head more directly. With elbows pinned to the ribs, the triceps do all the work without any chest or shoulder involvement.

For app and content use, this clip is a recognizable inclusion in any push-day finisher or arm-focused training block. It pairs naturally with cable curl clips for a paired-set arm day in your library. The visual of the hands separating at the bottom also makes it a strong piece for trainer-led short-form content where the contraction reads clearly on camera.",posters/cable-rope-pushdown.webp,cable-rope-pushdown.mp4
cable-row-bar-standing-row,,Cable Row Bar Standing Row,Back,Biceps,Cable Machine,Pull,beginner,9.33,cable standing row; horizontal pull; back exercise; cable; lats; upper body,"Builds the lats, mid-back, and biceps in a horizontal pull pattern.; Trains the core to brace against horizontal load — useful for sport.; Reinforces the pull pattern that balances out heavy pressing work.",Pull-day flows in strength training apps; Back-focused hypertrophy blocks in coaching platforms; Functional-strength program assets for athletic prep; Standing-row variation modules for beginner pull tracks,"1. Set the cable pulley to chest height and attach a straight bar, then grip it overhand at shoulder width. ; 2. Step back until the cable has tension at full arm extension and stand with feet hip-width apart. ; 3. Brace your core and pull the bar toward your lower chest, keeping the elbows close to your sides. ; 4. Squeeze your shoulder blades together at the end of the pull, feeling the mid-back engage. ; 5. Slowly let the bar travel back to full arm extension over 2 to 3 seconds, fighting the cable tension. ; 6. Repeat for 10 to 15 reps, keeping the torso upright and avoiding any backward lean.","Leaning back hard to use bodyweight instead of pulling cleanly with the back.; Letting the elbows flare wide, which loads the rear delts and pulls focus off the lats.; Shrugging the shoulders up at the end of the pull, swapping mid-back work for trap engagement.; Snapping the bar back forward and skipping the slow return, where most of the muscle-building tension lives.","A standing horizontal cable row using a straight bar that builds the lats, mid-back, and biceps.","The cable bar standing row is a horizontal pulling exercise performed from a chest-height pulley with a straight bar attachment. By pulling the bar to the lower chest while standing tall, it trains the lats, mid-back, and biceps under constant cable tension. The standing setup also forces the core and lower body to brace against the pull, making it a more athletic alternative to a seated row.

For app and content use, this clip fits cleanly into pull-day programs, back-focused hypertrophy blocks, and functional-strength tracks. It's especially valuable in athletic-prep programs where standing pulling patterns transfer to sport. Pair it with face-pull clips for a complete back-and-rear-delt module in your library.",posters/cable-row-bar-standing-row.webp,cable-row-bar-standing-row.mp4
cable-seated-rope-face-pull,,Cable Seated Rope Face Pull,Shoulders,,Cable Machine,Pull,beginner,2.93,cable seated face pull; rear delts; pull day; cable; shoulder health; upper body,Isolates the rear delts in a locked-in seated position.; Reinforces healthy shoulder posture for desk workers and lifters.; Strengthens the small stabilizers around the shoulder blade for joint health.,Shoulder-health modules in coaching platforms; Postural-correction content for office-worker programs; Pull-day accessories in strength training apps; Beginner-friendly seated variations for training tracks,"1. Set the pulley above head height and attach a rope, then sit on a bench facing the cable stack. ; 2. Grip the rope with palms facing each other and arms extended forward at eye level with cable tension. ; 3. Sit tall with feet planted, brace your core, and start with no slack in the cable. ; 4. Pull the rope toward your forehead with elbows flaring wide and high, leading with the upper arms. ; 5. Separate the rope ends and squeeze the rear delts and upper back hard at the end of the pull. ; 6. Slowly let the rope travel back to the start over 2 seconds and repeat for 12 to 20 reps.","Pulling the rope toward the chin or chest, which turns the lift into a row.; Letting the elbows drop, swapping rear-delt work for biceps engagement.; Rounding the upper back as you pull, hiding the mid-back contraction.; Loading too heavy and shrugging the traps up, hiding the rear delts under upper-trap dominance.",A seated rope face pull that removes body english and isolates the rear delts and upper back.,"The cable seated rope face pull is a high-pulley pulling exercise performed sitting on a bench with a rope attachment. The seated position locks out the lower body and prevents users from leaning or rocking, which forces the rear delts and upper back to do all the work. The rope lets the hands separate at the end of the pull for a deeper contraction than a straight bar allows.

For app and content use, this clip is a clean inclusion in any shoulder-health module, postural-correction program, or pull-day accessory block. It's a strong choice for desk-worker and office-mobility tracks where rear-delt strength supports better daily posture. Coaches will use it as a clean teaching piece for beginners who can't hold a stable kneeling face pull yet.",posters/cable-seated-rope-face-pull.webp,cable-seated-rope-face-pull.mp4
cable-side-bend,,Cable Side Bend,Core,,Cable Machine,Core,beginner,7.73,cable side bend; oblique exercise; core day; cable; isolation; midsection,"Builds the obliques with constant cable tension.; Strengthens lateral core control for sport, rotation, and bracing.; Trains each side of the core independently to fix imbalances.",Core-day blocks in fitness apps; Ab-focused training tracks for hypertrophy programs; Athletic-prep modules for rotation-heavy sports; Foundational core education modules for beginners,"1. Set the pulley to the lowest position and attach a single handle, then stand sideways to the cable stack. ; 2. Grip the handle with the hand closest to the stack and stand tall with feet hip-width apart. ; 3. Place your non-working hand on your hip and let the cable pull you slightly toward the stack at the start. ; 4. Bend sideways away from the stack by contracting the obliques on the far side of your body. ; 5. Pause at the end of the bend with a hard oblique squeeze, keeping the hips square and chest tall. ; 6. Return slowly to the start over 2 seconds, then repeat for 12 to 15 reps before switching sides.","Bending forward or backward instead of straight to the side, taking the obliques out of the lift.; Using the arm to pull the cable up, which turns the lift into a one-arm shrug.; Letting the hips shift sideways, which steals load from the obliques.; Rushing the rep and bouncing at the bottom instead of controlling the return phase.","A standing cable side bend that loads the obliques against constant tension for a stronger, more defined waist.","The cable side bend is a standing core exercise performed at a low pulley with a single handle. By bending sideways at the waist against the cable, it loads the obliques directly with constant tension — something a bodyweight side bend can't match. Done one side at a time, it lets each side of the core be trained equally without one dominating.

For app and content use, this clip is a strong fit for core-day blocks, ab-focused training programs, and athletic-prep tracks where lateral core strength supports rotation and bracing. It's also a clean teaching piece for beginners learning to load the obliques in isolation, which makes it useful in foundational core education modules.",posters/cable-side-bend.webp,cable-side-bend.mp4
cable-single-arm-neutral-grip-row,,Cable Single Arm Neutral Grip Row,Back,Biceps,Cable Machine,Pull,beginner,9.33,cable single arm row; horizontal pull; back exercise; cable; lats; upper body,Builds the lats and biceps one side at a time to fix imbalances.; Trains a joint-friendly neutral grip that protects wrists and shoulders.; Reinforces the horizontal pull pattern that balances pressing work.,Pull-day flows in strength training apps; Unilateral training modules for rehab-adjacent programs; Back-focused hypertrophy blocks in coaching platforms; Beginner row-pattern education in fitness apps,"1. Set the cable pulley to chest height and attach a single neutral-grip handle, then grip it with one hand. ; 2. Step back until the cable has tension at full arm extension and stand in a staggered stance. ; 3. Brace your core and place your non-working hand on your hip or a stable surface for support. ; 4. Pull the handle toward your lower ribs, keeping the elbow close to your side and leading with the elbow. ; 5. Squeeze your shoulder blade back and down at the end of the pull, feeling the lat engage. ; 6. Slowly let the handle travel back to full arm extension over 2 to 3 seconds, then repeat for 10 to 15 reps per side.","Rotating the torso to throw the elbow back, which steals load from the lat.; Letting the elbow flare wide, which loads the rear delt instead of the lat.; Shrugging the shoulder up at the end of the pull, swapping lat work for trap engagement.; Snapping the handle back forward and skipping the slow return, where most of the growth lives.",A single-arm cable row with a neutral-grip handle that builds the lats and biceps one side at a time.,"The cable single arm neutral grip row is a unilateral horizontal pulling exercise performed from a chest-height pulley with a single neutral-grip handle. Working one arm at a time exposes side-to-side imbalances that two-handed rows hide, and the neutral grip keeps the wrists and shoulders in a comfortable, joint-friendly position. The non-working hand stays available to brace the body or rest on the hip.

For app and content use, this clip is a strong fit for pull-day programs, back-focused hypertrophy blocks, and rehab-adjacent training tracks where one-sided work is needed to fix asymmetries. It's also a clean teaching piece for beginners learning the row pattern, since the lighter unilateral load makes the contraction easier to feel and control.",posters/cable-single-arm-neutral-grip-row.webp,cable-single-arm-neutral-grip-row.mp4
cable-single-arm-rope-pushdown,,Cable Single Arm Rope Pushdown,Triceps,,Cable Machine,Isolation,beginner,5.07,cable single arm pushdown; triceps exercise; arm day; cable; isolation; upper body,Builds triceps size one side at a time to fix imbalances.; Trains a deeper contraction than a two-handed pushdown allows.; Reinforces stable elbow mechanics for stronger pressing lifts.,Arm-day finishers in strength training apps; Unilateral training modules for rehab-adjacent programs; Trainer Reels and TikToks for clear contraction visuals; Push-day accessory blocks in coaching platforms,"1. Set the pulley to the highest position and attach a rope, then grip one end with one hand using a neutral grip. ; 2. Step close to the stack and tuck your working elbow tight against your ribs with the forearm parallel to the floor. ; 3. Place your non-working hand on your hip and brace your core to keep the torso square to the cable. ; 4. Press the rope end straight down by extending the elbow until the arm is fully locked out. ; 5. Rotate the palm down at the bottom for an extra triceps squeeze, then pause briefly at lockout. ; 6. Let the rope travel back up slowly over 2 seconds and repeat for 10 to 15 reps per side.","Letting the elbow flare forward, turning the lift into a chest-driven press.; Twisting the torso to muscle the rope down, which steals load from the triceps.; Cutting the lockout short, missing the strongest contraction at the bottom.; Bouncing the weight up at the top instead of controlling the return.",A one-arm rope pushdown that isolates each triceps independently for a deeper squeeze and better symmetry.,"The cable single arm rope pushdown is a unilateral triceps isolation exercise performed from a high pulley with a rope attachment. Working one arm at a time lets each triceps be trained through a fuller range of motion than a two-handed pushdown, and the rotation at the bottom of the rep deepens the contraction. It also exposes side-to-side imbalances that two-handed pushdowns hide.

For app and content use, this clip slots cleanly into arm-day finishers, push-day accessory blocks, and rehab-adjacent programs where one-sided work is needed. It's also a sharp visual piece for trainer Reels and TikToks where the isolated contraction reads clearly on camera. Pair with one-arm curl clips for a paired-set unilateral arm-day module.",posters/cable-single-arm-rope-pushdown.webp,cable-single-arm-rope-pushdown.mp4
cable-single-arm-underhand-grip-row,,Cable Single Arm Underhand Grip Row,Back,Biceps,Cable Machine,Pull,beginner,8.8,cable underhand row; lat exercise; pull day; cable; horizontal pull; upper body,Builds the lats with a stronger lower-lat bias from the underhand grip.; Trains one side at a time to expose and fix imbalances.; Engages the biceps more directly for added pull-day arm work.,Pull-day flows in strength training apps; Back-focused hypertrophy blocks in coaching platforms; Lat-development modules for physique training tracks; Unilateral training assets for rehab-adjacent programs,"1. Set the cable pulley to chest height and attach a single handle, then grip it underhand with one hand. ; 2. Step back until the cable has tension at full arm extension and stand in a staggered stance. ; 3. Brace your core and place your non-working hand on your hip or a stable surface for support. ; 4. Pull the handle toward your lower ribs with the elbow tucked tight to your side, palm facing up. ; 5. Squeeze the lat hard at the end of the pull, keeping the chest tall and the shoulder packed down. ; 6. Slowly let the handle travel back to full arm extension over 2 to 3 seconds, then repeat for 10 to 15 reps per side.","Rotating the torso to throw the elbow back, stealing load from the lat.; Letting the elbow flare out wide, which kills the lower-lat focus the underhand grip is meant to create.; Curling the handle toward the shoulder instead of rowing toward the ribs, turning the lift into a biceps curl.; Snapping the handle back forward and skipping the slow return, where most of the growth lives.",A single-arm cable row with an underhand grip that bias the lats and lower lats with deeper biceps engagement.,"The cable single arm underhand grip row is a unilateral horizontal pulling exercise performed from a chest-height pulley with a supinated grip. The underhand grip tucks the elbow tight to the body and biases the lower lats more than a neutral or overhand row. Working one arm at a time exposes side-to-side imbalances that two-handed rows hide.

For app and content use, this clip fits cleanly into pull-day programs, back-focused hypertrophy blocks, and lat-development tracks. It's especially useful in physique-driven programs where developing the lower-lat sweep is a priority. Coaches will reach for it as a unilateral variation to keep back training fresh across long programs.",posters/cable-single-arm-underhand-grip-row.webp,cable-single-arm-underhand-grip-row.mp4
cable-single-leg-laying-leg-curl,,Cable Single Leg Laying Leg Curl,Hamstrings,Calves,Cable Machine,Isolation,beginner,5.6,single leg curl; cable hamstring curl; hamstrings; unilateral; isolation; knee flexion,Trains one hamstring at a time so the stronger leg cannot compensate.; Cable tension stays on the hamstring at full knee flexion.; Useful for spotting and closing side to side strength gaps.,Return to running and post injury program blocks.; Accessory work after deadlift or hinge sessions.; Single leg symmetry testing content in a coaching app.; Hamstring options for facilities that have a cable stack but no dedicated leg curl station.,"1. Attach an ankle cuff to a low pulley and fasten it to one ankle. ; 2. Lie face down on a bench set in front of the stack with your knees at the edge. ; 3. Extend both legs and grip the bench for stability. ; 4. Brace your abs and press your hips into the bench. ; 5. Curl the working heel toward your glutes by bending only at the knee. ; 6. Pause at the top, lower under control, then finish the set and swap legs.","Lifting the hips off the bench, which adds hip flexion and hides a short range.; Letting the cuffed leg drop back down, which throws away the eccentric.; Loading heavy enough to twist the pelvis, so the trunk rotates instead of the knee bending.; Setting the pulley too high, which drags the cuff up the shin and changes the line of pull.",Prone single leg curl with an ankle cuff on a low cable that isolates one hamstring at a time.,"The cable single leg laying leg curl runs an ankle cuff from a low pulley to one ankle while you lie face down with your knees at the edge of a bench. Working one leg at a time stops the stronger side taking over, and the cable keeps pulling the heel away from the glutes through the whole range instead of letting the load fade at the top. The thigh stays flat and only the knee bends, so the hamstrings do the work with the calf assisting at the ankle. Keeping the abs braced stops the hips lifting, which is the usual way a short range gets disguised.

In a library this is the unilateral hamstring clip for cable equipped gyms. It suits return to running and post injury symmetry work, accessory blocks after hinges, and single leg audits inside app-delivered lower body sessions.",posters/cable-single-leg-laying-leg-curl.webp,cable-single-leg-laying-leg-curl.mp4
cable-standing-low-to-high-wood-chopper,,Cable Standing Low To High Wood Chopper,Core,,Cable Machine,Rotation,intermediate,7.2,cable wood chopper; rotational core; core day; cable; obliques; athletic,"Builds rotational power through the obliques and full midsection.; Trains hip-to-shoulder energy transfer used in throwing and striking sports.; Strengthens the core in a standing, sport-relevant pattern.","Athletic-prep modules for rotation-heavy sports; Core-day blocks in strength training apps; Sport-specific programs for golf, baseball, and combat training; Advanced core education modules for coaching platforms","1. Set the pulley to the lowest position and attach a single handle, then stand sideways to the cable stack. ; 2. Grip the handle with both hands and stand with feet shoulder-width apart, knees slightly bent. ; 3. Brace your core and start with the handle near the hip closest to the stack, arms extended. ; 4. Rotate your torso and pull the handle up and across your body to overhead on the opposite side. ; 5. Pivot the back foot and let the hips follow the rotation, finishing with arms extended overhead. ; 6. Reverse the path slowly back to the starting position over 2 to 3 seconds, then repeat for 10 reps per side.","Pulling with the arms instead of rotating from the core, which kills the oblique engagement.; Keeping the feet locked flat, which blocks the hips and forces the lower back to take over the rotation.; Rushing the descent and letting the cable yank the handle back instead of controlling the return.; Loading too heavy and rounding the lower back at the top, which risks spinal strain.",A standing low-to-high cable chop that builds rotational power through the obliques and full midsection.,"The cable standing low-to-high wood chopper is a rotational core exercise performed at a low pulley with a single handle. By driving the cable from hip height up across the body to overhead on the opposite side, it trains the obliques and abs through a powerful diagonal rotation. The pattern mirrors the rotational drive used in throwing, swinging, and striking sports, which makes it a key clip for athletic training.

For app and content use, this clip is a high-impact addition to athletic-prep programs, rotational-sport training tracks, and core-day blocks for general strength apps. It's especially valuable in golf, baseball, hockey, and combat-sport content where rotational power directly transfers to performance. It also works well in advanced core modules for lifters who've outgrown crunches and planks.",posters/cable-standing-low-to-high-wood-chopper.webp,cable-standing-low-to-high-wood-chopper.mp4
cable-standing-single-arm-chest-press,,Cable Standing Single Arm Chest Press,Chest,Shoulders; Triceps,Cable Machine,Push,beginner,6.4,cable single arm chest press; chest exercise; push day; cables; unilateral training; upper body,"Builds unilateral chest, front-shoulder, and triceps strength.; Trains core anti-rotation strength under a real pressing load.; Surfaces and corrects left-right pressing imbalances.",Unilateral push-day blocks in strength apps; Cable and functional training program tracks; Athletic prep modules for rotational sports; Accessory work for hypertrophy coaching platforms,"1. Set the cable pulley to chest height and grip the handle with one hand, palm facing down. ; 2. Step forward into a split stance with the working side back, then square your shoulders and hips to the front. ; 3. Brace your core hard so the cable can't pull your torso into rotation as you start the press. ; 4. Press the handle straight forward until your arm is fully extended, keeping your shoulder pulled back. ; 5. Pause for a beat at full extension, feeling the chest and triceps under tension before reversing. ; 6. Return the handle slowly to your chest under control, then repeat for reps before switching sides.","Letting the torso rotate toward the cable, which dumps the load into the obliques and out of the chest.; Pressing across the body instead of straight forward, shortening the range and reducing chest work.; Standing too close to the stack so the cable goes slack at the start of the rep, killing tension.; Shrugging the shoulder up at full extension instead of keeping the shoulder blade pinned down.","A standing one-arm cable press that trains the chest, front delts, and triceps while exposing side-to-side strength gaps.","The cable standing single-arm chest press is a unilateral pressing variation that loads the chest, front shoulder, and triceps while forcing the core to resist rotation. Working one side at a time exposes left-right strength differences and trains the trunk to stay square against an off-center load.

For app builders, this is a strong accessory pick to round out cable and functional-training tracks. Drop it into push-day workouts that already cover the bench press, into anti-rotation core blocks, or into athletic prep programs where unilateral pressing carries directly into sport. It teaches bracing in a way bilateral presses never will.",posters/cable-standing-single-arm-chest-press.webp,cable-standing-single-arm-chest-press.mp4
cable-supinating-row,,Cable Supinating Row,Back,Shoulders,Cable Machine,Pull,beginner,9.87,cable supinating row; back exercise; pull day; cables; lats; upper body,Builds the lats and biceps together with a strong end-range squeeze.; Adds detail and volume to horizontal pulling work in any back program.; Trains the rotated-grip pattern that mirrors chin-up and curl positions.,Pull-day and back-detail blocks in hypertrophy apps; Intermediate strength training tracks for coaching platforms; Cable-machine workout modules in gym-equipment programs; Educational content on row variations for trainers,"1. Attach two single-handle attachments to a low cable pulley and grip them with palms facing each other. ; 2. Step back until the cables have full tension and stand tall with a slight knee bend and braced trunk. ; 3. Pull both handles toward your ribs while rotating your wrists so your palms finish facing up at the top. ; 4. Squeeze your shoulder blades together at the end of the pull, feeling the lats and biceps light up. ; 5. Pause briefly with the elbows behind your torso, then begin reversing under control. ; 6. Rotate the palms back to neutral as your arms straighten, fighting the cable the whole way out.","Skipping the wrist rotation and rowing with a fixed grip, which loses the extra biceps and lat finish.; Leaning back to use bodyweight instead of pulling cleanly with the back muscles.; Letting the elbows drift wide so the rear delts take over and the lats stop working.; Snapping back to the start position and skipping the slow return where most growth tension lives.",A horizontal cable row that rotates the palms up at the finish to load the lats and biceps in the same pull.,"The cable supinating row is a horizontal pull where the hands rotate from a neutral or overhand grip into palms-up at the end of the row. That twist deepens the lat contraction and pulls the biceps into the lift, blending a back row and a curl-style finish in one rep.

It's a useful inclusion for hypertrophy-focused programs and intermediate pull-day tracks where users want more from each set. Coaches and creators can use the clip to teach the supination cue cleanly — the rotation reads better in 3D than it does in a still photo, which makes it a strong asset for back-detail content.",posters/cable-supinating-row.webp,cable-supinating-row.mp4
cable-wood-chopper,,Cable Wood Chopper,Core,,Cable Machine,Rotation,beginner,8,cable wood chopper; obliques; core exercise; cables; rotational power; athletic training,"Builds rotational power through the obliques and trunk.; Trains the core to transfer force between hips and shoulders.; Carries directly into golf, tennis, throwing, and striking sports.","Rotational core blocks in strength training apps; Athletic prep programs for golf, tennis, and combat sports; Functional fitness modules in coaching platforms; Core and conditioning content for trainers and creators","1. Anchor the cable at the highest pulley setting and grip the handle with both hands above one shoulder. ; 2. Step out into a wide, athletic stance with feet planted and your knees softly bent. ; 3. Brace your core, then pull the handle down and across your body toward the opposite hip. ; 4. Drive the rotation with your trunk, letting your back foot pivot naturally as your hips turn. ; 5. Pause for a beat at the bottom with arms straight and core locked, feeling the obliques under load. ; 6. Return the handle slowly back to the start position above your shoulder, then repeat for reps.","Pulling with the arms instead of rotating through the trunk, which removes the obliques from the lift.; Letting the hips stay locked so all the motion happens at the lower back, risking strain.; Using too much weight and yanking the cable, which trades clean rotation for momentum.; Standing too close to the stack so the cable loses tension at the top of every rep.",A diagonal cable rotation that trains the obliques to drive force from a high anchor down across the body.,"The cable wood chopper is the go-to rotational core exercise. With the cable anchored high and the handle pulled down across the body, the obliques generate the rotation while the rest of the trunk stays braced. It mirrors the swing, throw, and chop patterns athletes use in real sports.

For any app or platform with an athletic-prep, golf, tennis, or combat-sport audience, this clip is a must. It also fits cleanly into rotational core blocks inside general strength programs and into mobility-meets-strength tracks where users are trying to wake up the trunk. Easy to teach, hard to fake — a clean 3D angle helps both.",posters/cable-wood-chopper.webp,cable-wood-chopper.mp4
cable-wrist-curl,,Cable Wrist Curl,Forearms,,Cable Machine,Isolation,beginner,8.53,cable wrist curl; wrist curl; forearms; grip strength; wrist flexion; isolation,"Isolates wrist flexion, which most pulling exercises never train directly.; Builds the forearm flexors that close the grip on bars and handles.; Cable tension stays even across a very short range of motion.","Grip and forearm accessory blocks in a training app.; Climbing, racket sport and combat sport program tracks.; Elbow and wrist rehab content in coaching platforms.; Forearm filtered library entries in an exercise browser.","1. Attach a straight bar to a low pulley and set a light weight. ; 2. Sit on a bench facing the stack with your feet about shoulder width apart. ; 3. Grip the bar underhand at shoulder width and rest your elbows on your inner thighs. ; 4. Let the bar drop by bending only at the wrists, allowing it to roll toward your fingers. ; 5. Close your grip and curl your wrists upward, squeezing the forearms at the top. ; 6. Pause briefly, then lower under control and repeat for reps.","Loading too heavy, which turns the rep into an elbow curl and hides the wrist range.; Lifting the elbows off the thighs, so the forearms move and the wrists stay locked.; Skipping the roll to the fingers, which leaves out the grip closing part of the movement.; Bouncing at the bottom, which loads the wrist joint rather than the flexors.",Seated cable wrist curl with the forearms braced that isolates wrist flexion and builds grip strength.,"The cable wrist curl braces the forearms against the thighs or a bench with a bar held underhand from a low pulley, so the only joint that moves is the wrist. Letting the bar roll toward the fingertips at the bottom and then closing the hand and flexing the wrist trains the forearm flexors that both bend the wrist and shut the grip. The cable holds a steady pull at every point in that short travel, which matters because the range itself is only a few inches. Light weight and a deliberate pause at the top do far more here than heavy loading.

For a library this is the dedicated forearm clip most catalogs skip. It fits grip and forearm accessory blocks, climbing and racket sport programs, and elbow rehab content where controlled wrist flexion is the whole point.",posters/cable-wrist-curl.webp,cable-wrist-curl.mp4
captains-chair-knee-raise,,Captain's Chair Knee Raise,Core,,Bodyweight,Core,beginner,8.8,knee raise; captains chair; abs; core; hanging; gym station,"Ranked first for oblique activation and second for rectus abdominis activation in electromyography testing across thirteen abdominal movements.; Supports the back and forearms, so grip strength does not limit the set the way it does when hanging from a bar.; Progresses simply by moving from bent knees to straight legs without changing the setup.",Gym-floor core option in app builders that can assume station access.; Power tower and captain's chair station onboarding content.; Evidence-led editorial comparing abdominal exercise effectiveness.; Progression ladders that lead from knee raises to straight leg raises.,"1. Step into a captain's chair station and place your forearms on the pads with your back against the rest. ; 2. Grip the handles, let your legs hang straight down and take the weight off your feet. ; 3. Brace your abdominals and press your lower back lightly into the pad. ; 4. Raise both knees toward your chest, finishing the rep by curling the pelvis upward. ; 5. Pause at the top with the abdominals fully shortened. ; 6. Lower the legs slowly back to a straight hang and repeat without swinging.","Swinging the legs up with momentum, which lets the hip flexors do the work the abdominals should do.; Stopping at hip height without tilting the pelvis, which leaves the rectus abdominis barely loaded.; Dropping the legs at the end of the rep, which throws away the eccentric and stresses the low back.; Shrugging into the shoulder pads, which loads the neck and traps instead of the trunk.","A supported hanging knee raise from a captain's chair station, curling the pelvis to load the abdominals directly.","The captain's chair knee raise is performed in a padded upright station with the forearms on the pads and the back against the rest, so the trunk is supported and the legs hang free. Raising the knees toward the chest flexes the hips, and finishing the rep by curling the pelvis is what shifts the work from the hip flexors onto the abdominals. Electromyography testing across thirteen abdominal exercises ranked the captain's chair first for oblique activation and second for rectus abdominis activation.

For a product catalog this clip covers a gym-floor movement that home-only libraries miss. It fits abdominal blocks in app programs, power tower onboarding content, and editorial comparing abdominal exercises.",posters/captains-chair-knee-raise.webp,captains-chair-knee-raise.mp4
chest-supported-dumbbell-row,,Chest-Supported Dumbbell Row,Back; Trapezius,Biceps; Shoulders,Dumbbell,Pull,beginner,7.2,dumbbell row; chest supported; back; upper back; incline bench; horizontal pull,Rows heavy loads without stressing the lower back.; Chest support removes momentum so each rep stays strict.; Neutral grip is comfortable for shoulders and wrists.,Back hypertrophy blocks that need high rep volume without spinal fatigue.; Lower back friendly swap when a bent over row is off the table.; Paired pulling clip for incline press supersets.; Beginner rowing option that stays safe to coach remotely.,1. Set an adjustable bench to roughly 45 degrees and pick up two dumbbells. ; 2. Lie face down on the pad with your chest supported and your arms hanging. ; 3. Hold the dumbbells with palms facing each other and neutral wrists. ; 4. Retract your shoulder blades and pull your elbows behind your body. ; 5. Stop when your elbows reach or just pass the line of your torso. ; 6. Lower the dumbbells slowly to full arm extension and repeat.,"Peeling the chest off the pad to add range, which reintroduces the back extension you removed.; Swinging the dumbbells up, so the pull comes from momentum rather than muscle.; Shrugging the shoulders toward the ears instead of retracting the blades.; Squeezing the handles hard with a full grip, which lets the biceps take over the pull.",A prone incline dumbbell row that removes the hinge so the mid back and lats work without lower back load.,"Lying face down on a bench set near 45 degrees takes the hip hinge and the spinal bracing out of a dumbbell row. From a neutral grip with the dumbbells hanging, you retract the shoulder blades and drive the elbows behind the torso until they reach or just pass the midline. Because the chest is fixed against the pad, momentum is hard to generate, so the mid trapezius, rhomboids and lats absorb the load while the biceps and rear delts assist.

This clip is useful anywhere lower back load is a constraint: rehab-adjacent programs, high-volume hypertrophy blocks, and beginner flows where a free bent over row is still too demanding to coach remotely. It also fits dumbbell-only equipment filters, and it works well as the paired row in an incline press superset inside an app.",posters/chest-supported-dumbbell-row.webp,chest-supported-dumbbell-row.mp4
chest-supported-t-bar-row,,Chest-Supported T-Bar Row,Back; Trapezius,Biceps; Shoulders,Machine,Pull,beginner,9.33,t-bar row; chest supported; machine row; back; upper back; horizontal pull,Strict heavy rowing with no hinge or bracing requirement.; Fixed path keeps the elbow line consistent rep to rep.; Neutral and overhand grips both train the mid back.,Machine filter for commercial gyms that own a chest-supported row station.; Heavy row slot in back day templates.; Exercise swap list for members avoiding spinal loading.; Form-cue overlay content on elbow path and scapular retraction.,1. Load plates onto the T-bar row post and set the chest pad height. ; 2. Lie chest down on the pad with your feet flat on the platform. ; 3. Take the handles with a neutral or overhand grip and straighten your arms. ; 4. Brace your abdominals and pull your shoulder blades together. ; 5. Row the handles back until your elbows pass the line of your torso. ; 6. Lower the load under control to a full stretch and repeat.,"Pushing the chest off the pad to finish the rep, which loads the lumbar spine.; Cutting the range short at the bottom, so the lats never reach full stretch.; Leading with the hands instead of the elbows, which shifts work to the biceps.; Choosing a load that forces jerky partial reps, which trains momentum not the back.","A plate-loaded T-bar row taken from a prone chest pad, so the mid back and lats pull without a free hinge.","The chest supported T-bar row fixes your torso against an angled pad while the loading arm travels on a single pivot. You take a neutral or pronated grip, retract the shoulder blades and drive the elbows behind the body until they reach or pass the torso line, then lower to full extension. The pad removes the isometric hinge demand of a free-standing T-bar row, so here the latissimus dorsi, mid trapezius and rhomboids handle the load with the biceps and rear delts assisting.

For an asset library this is the machine counterpart to the chest supported dumbbell row and it covers a station most commercial gyms have. It fits machine equipment filters, back day templates that need one strict heavy row, and swap lists for members who should not load a hinge.",posters/chest-supported-t-bar-row.webp,chest-supported-t-bar-row.mp4
chin-ups,,Chin Ups,Back,Biceps,Bodyweight,Pull,intermediate,5.87,chin ups; vertical pull; back exercise; biceps; bodyweight; pull day,"Builds the lats, biceps, and grip with one bodyweight movement.; Develops relative strength that transfers to climbing, sport, and lifting.; Trains the vertical pull pattern that balances out pressing work.","Pull-day workout flows in strength training apps; Calisthenics and bodyweight program tracks; Beginner-to-advanced upper-body progression modules; Hero clips for back, biceps, and pull-up content","1. Reach up and grip the bar with palms facing you, hands about shoulder-width apart. ; 2. Hang at full arm extension with the shoulders pulled down away from the ears and the core braced. ; 3. Pull yourself up by driving the elbows down toward your ribs, leading with the chest. ; 4. Continue the pull until your chin clears the bar and your upper chest is close to the bar. ; 5. Pause for a beat at the top, squeezing the back and biceps without swinging. ; 6. Lower yourself slowly to a full hang over 2 to 3 seconds, then repeat for reps.","Kipping or swinging the legs to generate momentum instead of pulling cleanly with the back and arms.; Cutting the range short by stopping before the chin clears the bar or skipping the full hang at the bottom.; Shrugging the shoulders up at the start so the traps take over and the lats never engage.; Dropping fast at the bottom and skipping the slow lowering phase, where most of the strength gains happen.","A vertical bodyweight pull with palms facing you that builds the lats, biceps, and grip in one of the most honest strength tests there is.","The chin up is the benchmark vertical pulling exercise. With an underhand grip, you pull your full bodyweight up until your chin clears the bar — loading the lats heavily while bringing the biceps in as a major mover. It's one of the cleanest tests of relative upper-body strength in any program.

This clip earns a permanent spot in any strength app's core library. It's the natural pair to the bench press on any push-and-pull split, and it shows up in calisthenics, beginner-strength, and athletic-prep programs alike. App builders and creators can use it as a hero clip for back content where a generic lat pulldown wouldn't carry the same weight.",posters/chin-ups.webp,chin-ups.mp4
close-grip-barbell-curl,,Close-Grip Barbell Curl,Biceps,Forearms,Barbell,Isolation,beginner,6.13,close grip barbell curl; barbell curl; biceps; forearms; isolation; grip width,"Trains elbow flexion with a fixed grip width that is easy to repeat session to session.; The narrow grip shifts emphasis toward the outer part of the biceps.; A bar allows small load jumps, so progression is simple to track.",Arm day templates in a strength training app.; Barbell-only program tracks for home gyms.; Grip width comparison content for coaches.; Barbell filtered library entries in an exercise browser.,"1. Load a straight barbell and stand with your feet about hip width apart. ; 2. Take an underhand grip with your hands inside shoulder width. ; 3. Stand tall with the bar at arms length and your elbows at your sides. ; 4. Brace your abs and curl the bar toward your shoulders. ; 5. Squeeze the biceps at the top without letting the elbows travel forward. ; 6. Lower under control, stopping just short of a locked elbow, then repeat.","Swinging the hips to start the bar moving, which takes load off the biceps.; Letting the elbows drift back behind the torso, which shortens the working range.; Gripping so narrow that the wrists ache, which limits load before the biceps are trained.; Dropping the bar quickly, which skips the eccentric where much of the stimulus sits.","Standing barbell curl with the hands set inside shoulder width, shifting emphasis toward the outer biceps.","The close-grip barbell curl loads a straight bar with the hands narrower than shoulder width and the palms facing up. Narrowing the grip rotates the upper arms slightly outward, and the standard coaching claim is that it biases the outer or long head of the biceps compared with a wide grip. Both heads still work, so treat the difference as a shift in emphasis rather than a separate exercise. Keep the elbows pinned at your sides, stop the chest and hips helping, and hold a small bend at the bottom so tension never fully leaves the arm.

As an asset this covers the grip width variation of the barbell curl that libraries usually reduce to a single clip. It fits arm day templates, progressive overload tracks built around a bar, and side by side content on how grip width changes a curl.",posters/close-grip-barbell-curl.webp,close-grip-barbell-curl.mp4
cossack-squat,,Cossack Squat,Quadriceps; Adductors,Glutes; Hamstrings; Core,Bodyweight,Squat; Mobility,intermediate,9.87,cossack squat; lateral squat; adductors; hip mobility; bodyweight; frontal plane,"Trains strength in the frontal plane that forward facing leg work misses.; Loads the adductors and hamstrings of the extended leg through a long stretch.; Builds hip, knee and ankle range that carries over to every squat pattern.",Bodyweight and mobility programs in a fitness app.; Warm up flows before heavy squat and lunge sessions.; Athletic preparation content for lateral movement sports.; Frontal plane filter examples in a movement pattern browser.,"1. Stand with your feet well outside shoulder width and toes pointing forward. ; 2. Brace your abdominals and lift your chest tall. ; 3. Shift your weight over one leg and bend that knee, sitting the hips back and down. ; 4. Keep the other leg straight and let its foot roll onto the heel with the toes up. ; 5. Descend only as far as your hips and ankles allow with the loaded heel flat. ; 6. Push through the bent leg to return to center, then repeat on the other side.","Arching the lower back to reach depth, which loads the lumbar spine instead of the hips.; Letting the heel of the squatting leg lift, which is an ankle mobility limit, not a strength one.; Bending the extended leg, which removes the adductor and hamstring stretch.; Rushing the transition between sides, which loses control at the deepest position.","A deep sideways squat on one leg with the other leg extended straight, worked in the frontal plane.","The Cossack squat takes a wide stance and shifts the whole body over one leg. That leg goes into deep hip, knee and ankle flexion while the other stays straight with the foot rolled onto its heel, which puts the inner thigh and hamstring of the extended leg under a long stretch. Because the movement runs side to side rather than front to back, it trains the frontal plane that most leg exercises leave alone. It demands real hip, knee and ankle range, so depth should follow available mobility rather than being forced.

For a library this is the frontal plane strength and mobility clip that squats and lunges do not cover. It fits bodyweight programs, warm up and mobility flows, and athletic prep content where lateral hip range and adductor strength are the goal.",posters/cossack-squat.webp,cossack-squat.mp4
cross-body-hammer-curl,,Cross-Body Hammer Curl,Biceps,Forearms,Dumbbell,Isolation,beginner,8.53,cross body hammer curl; pinwheel curl; dumbbell curl; biceps; brachialis; forearms,"Neutral grip loads the brachialis and brachioradialis alongside the biceps.; One arm at a time makes side to side rep and load matching simple.; Needs only a pair of dumbbells, so it fits home and hotel gym programs.",Dumbbell-only program tracks in a training app.; Forearm and elbow flexor accessory blocks.; Short form demo content for home workout apps.; Brachialis emphasis in arm phases that rotate curl angles from week to week.,"1. Hold a dumbbell in each hand at your sides with your palms facing your body. ; 2. Stand tall with your feet hip width apart and your abs braced. ; 3. Keep a small bend in the elbows and set your shoulders back and down. ; 4. Curl one dumbbell diagonally across your chest toward the opposite shoulder. ; 5. Squeeze at the top without letting the dumbbell touch your body. ; 6. Lower under control to your side, then repeat with the other arm.","Resting the dumbbell against the chest at the top, which unloads the arm mid rep.; Rotating the torso to meet the dumbbell, which shortens the range the arm actually works.; Letting the elbow swing forward, so the front of the shoulder lifts the weight.; Shrugging the shoulder up as the dumbbell rises, which moves work to the traps.","Dumbbell hammer curl swept diagonally across the torso, loading the biceps, brachialis and forearms.","The cross-body hammer curl, also called the pinwheel curl, holds a dumbbell with a neutral grip and curls it diagonally across the body toward the opposite shoulder. The neutral wrist keeps the brachialis and brachioradialis heavily involved alongside the biceps brachii, and the diagonal path keeps the dumbbell off the torso so the arm controls the weight instead of resting it. You work one arm at a time, which slows the set down and makes matching reps side to side straightforward. Keep the elbow close to your ribs and the shoulder still so the arm does the moving.

In a library this is the neutral grip dumbbell clip that pairs with a standard hammer curl. It works in dumbbell-only program tracks, forearm and elbow flexor accessory blocks, and short demo content for home training apps.",posters/cross-body-hammer-curl.webp,cross-body-hammer-curl.mp4
cuban-press,,Cuban Press,Shoulders,Trapezius; Triceps,Dumbbell,Push,intermediate,7.2,cuban press; dumbbell; rotator cuff; shoulders; external rotation; prehab,"Loads the rotator cuff in a rotated overhead position that most pressing movements do not reach.; Combines mobility and strength work in a single rep, which saves warm-up time.; Exposes shoulder mobility restrictions early, before heavier pressing is loaded.","Shoulder prehab and warm-up blocks in dumbbell training programs.; Rotator cuff education content for coaching platforms.; Advanced shoulder accessory slots in app program builders.; Overhead athlete preparation content for swimming, throwing and racket sport programs.","1. Stand tall with a light dumbbell in each hand, palms facing your thighs. ; 2. Set your shoulder blades down and back and brace your trunk. ; 3. Pull the dumbbells up the front of your body until the upper arms are parallel to the floor. ; 4. Holding the elbows at that height, rotate the forearms up and back into a goalpost position. ; 5. Press the dumbbells overhead until the arms are almost straight. ; 6. Reverse the three phases in order and return to the start under control.","Loading it like a shoulder press, which makes the rotation phase impossible to control.; Letting the elbows drop during the rotation, which removes the external rotation the exercise exists for.; Arching the lower back to finish the press, which hides limited overhead mobility.; Rushing the sequence, which blends the three phases and loses the cuff work entirely.","A three-phase dumbbell drill that links an upright row, an external rotation and an overhead press in one rep.","The Cuban press chains three movements together. Light dumbbells are pulled up the front of the body into an upright row, the forearms then rotate up and back into a goalpost position, and the press finishes overhead. The rotation phase is the point of the exercise: it loads the external rotators of the cuff in a position most pressing does not reach, which is why it is normally trained with light loads. Deltoids and traps carry the row and the press, and the triceps finish the lockout.

For an asset library this clip covers a shoulder health movement that is hard to teach from a static image because the sequence matters more than any single position. It fits shoulder prehab blocks, warm-up sequences in dumbbell programs, and educational content on rotator cuff loading.",posters/cuban-press.webp,cuban-press.mp4
cycling-cooldown,,Cycling Cooldown,Quadriceps,Hamstrings; Calves; Back,Bodyweight,Stretch,beginner,9.33,cycling; cooldown; stretch; adductors; flexibility; recovery,"Restores inner-thigh and hamstring range after repetitive hip flexion on the bike.; Needs no equipment, so it fits any post-ride setting.; Gives a clear, timed hold that is easy to program and coach.",Post-ride cool-down blocks in a cycling app.; Static-hold entries carrying a timed fifteen to thirty second prescription.; Recovery-day sequences for riders after long saddle time.; Adductor and hamstring flexibility content for coaches.,"1. Sit upright on the floor and open your legs into a comfortable wide straddle. ; 2. Extend both knees and point your toes toward the ceiling. ; 3. Brace your abdominal muscles to stabilize your spine and exhale slowly. ; 4. Hinge forward from the hips, reaching your hands ahead and keeping a flat back. ; 5. Stop at the point of tension and hold for fifteen to thirty seconds without bouncing. ; 6. Return to upright, rest briefly, then repeat the hold two to four times.","Rounding the lower back to reach further, which shifts strain onto the spine.; Bouncing into the stretch instead of holding it, which triggers a protective contraction.; Letting the knees roll in and the toes drop, which takes tension off the adductors.; Pushing to pain rather than tension, which is how groin strains are aggravated.","Seated wide-leg forward stretch used after riding, opening the inner thighs with the hamstrings and calves along for it.","This clip shows a seated straddle stretch, the static hold most riders use once they are off the bike. You sit with the legs wide, knees extended and toes pointing up, brace the trunk, then hinge forward from the hips with a flat back until you feel tension through the inner thighs. The stretch also reaches the hamstrings, calves and back. Guidance is to hold fifteen to thirty seconds and repeat two to four times, moving from the hips rather than rounding the lower back, and never bouncing into range.

For a catalog this is a cool-down and flexibility asset rather than a cardio one. Use it in post-ride recovery blocks, mobility screens for cyclists, and adductor-focused stretching sequences.",posters/cycling-cooldown.webp,cycling-cooldown.mp4
cycling-intervals,,Cycling Intervals,Quadriceps,Glutes; Hamstrings; Calves,Bicycle,Cardio,intermediate,9.87,cycling; intervals; cardio; quads; endurance; bike,Improves ventilatory threshold within a small number of sessions.; Keeps a low-impact pattern while intensity climbs.; Uses a repeatable structure that is easy to prescribe and track.,Interval timer screens in a cycling or endurance app.; Structured indoor training plans built around effort blocks.; Program builders that need a repeatable cardio unit.; Progress content comparing effort levels on the same clip.,"1. Set saddle height so your knee stays slightly bent at the bottom of the stroke. ; 2. Ride easy for several minutes until your breathing and cadence settle. ; 3. Hold a stable seated position with relaxed shoulders and a light grip. ; 4. Lift effort to the target for the work interval without changing your position. ; 5. Drop back to easy pedalling for the full recovery before the next effort. ; 6. Repeat the work and recovery pattern, then ride easy to finish.","Starting the first effort too hard, so the last intervals collapse.; Cutting recovery short, which turns the session into one long moderate ride.; Rocking the hips at high effort instead of driving through the pedals.; Raising cadence without resistance, so effort never reaches the target.","Seated cycling run as repeated hard efforts with recoveries between them, holding a stable position throughout.","Interval riding keeps the pedalling pattern constant and varies only the effort. The quadriceps are the muscles that separate hard riding from easy riding: EMG work across eight lower-limb muscles found the vastus medialis, vastus lateralis and rectus femoris responding most to changes in pedalling demand, with glutes, hamstrings and calves supporting the stroke. A standard laboratory protocol is four thirty-second efforts against a fixed load with four minutes of recovery, repeated six times over two weeks, which is enough to move ventilatory threshold by roughly fifteen percent.

For a catalog this clip is the workhorse of structured cycling content. Use it in interval timer screens, indoor training plans, and program builders that need a repeatable effort block.",posters/cycling-intervals.webp,cycling-intervals.mp4
cycling-sprint,,Cycling Sprint,Quadriceps,Glutes; Hamstrings; Calves,Bicycle,Cardio,intermediate,9.87,cycling; sprint; cardio; quads; hiit; bike,"Raises ventilatory threshold in as few as six sessions.; Delivers maximal intensity without impact on the joints.; Produces a clean, measurable output for testing and pacing.",Sprint interval timer screens in an endurance app.; Fitness testing flows built on repeatable maximal efforts.; Conditioning blocks that need a maximal low-impact option.; Coaching content contrasting sprint and steady riding.,1. Warm up with several minutes of easy riding before attempting any sprint. ; 2. Select a resistance heavy enough that cadence cannot run away from you. ; 3. Settle into a stable seated position with a firm grip on the bars. ; 4. Accelerate to maximum effort within the first few pedal strokes. ; 5. Hold peak output for the full sprint window without shifting position. ; 6. Spin easy for several minutes of recovery before the next sprint.,"Sprinting against too little resistance, so cadence spikes and force stays low.; Building up gradually, which wastes most of a thirty-second window.; Shortening recovery, which caps the output of every subsequent sprint.; Sprinting cold, which is when hamstring and knee complaints appear.",Maximal short cycling efforts where output peaks in seconds and the quads carry the load through every pedal stroke.,"A cycling sprint is an all-out effort measured in seconds rather than minutes. The reference protocol is thirty seconds against a load set to seven and a half percent of bodyweight, with four minutes of recovery between repeats. Six such sessions across two weeks raised ventilatory threshold by around fifteen percent without changing peak oxygen uptake, so sprints buy threshold and anaerobic capacity rather than aerobic ceiling. Mechanically nothing changes from steady riding except force: the quadriceps group drives the stroke while glutes, hamstrings and calves support it.

For a catalog this clip is the high-intensity end of the cycling set. Use it in sprint interval timers, testing screens, and conditioning blocks that need a maximal low-impact option.",posters/cycling-sprint.webp,cycling-sprint.mp4
cycling-warmup,,Cycling Warmup,Quadriceps,Calves; Glutes; Core,Bodyweight,Mobility,beginner,5.04,cycling; warmup; mobility; dynamic; hip; movement prep,"Takes the hip through a range that pedalling never reaches.; Raises tissue temperature, which improves rapid force production.; Needs no equipment and fits in a few minutes before a session.",Pre-ride warm-up sequences in a cycling app.; Movement prep libraries for coaches and class instructors.; Mobility screens paired with the post-ride stretch clip.; Onboarding flows that teach a warm-up habit.,"1. Stand tall with your feet hip width apart and your weight balanced. ; 2. Brace your trunk lightly and let your arms swing naturally. ; 3. Drive one knee up toward hip height without letting your torso lean back. ; 4. Lower that foot under control and immediately raise the opposite knee. ; 5. Keep the standing leg long and the hips level as you alternate sides. ; 6. Continue for the prescribed time, then move straight onto the bike.","Leaning the torso back to lift the knee higher, which shifts work into the lower back.; Rushing the tempo, so the hip never travels through a full range.; Holding static stretches here instead of moving, which misses the point of the drill.; Skipping the warm-up before hard efforts, when rapid force production matters most.","Standing dynamic warm-up drill performed before a ride, raising one knee at a time through a controlled full range.","Cycling happens in one plane through a small range, so a warm-up that only repeats the pedal stroke leaves most of the hip untouched. This clip shows the alternative: a standing dynamic drill where each knee is driven up in turn while the standing leg stays tall and stable, taking the hip through a range the bike never reaches. Warming muscle tissue raises rate of force development by roughly three and a half percent per degree, which is why a few minutes of movement before hard efforts is worth the time.

For a catalog this clip belongs in warm-up and movement-prep libraries rather than the cardio set. Use it in pre-ride sequences, class intros, and mobility screens for riders.",posters/cycling-warmup.webp,cycling-warmup.mp4
dead-bug,,Dead Bug,Core,,Bodyweight,Core,beginner,7.23,dead bug; core stability; anti-extension; supine; bodyweight; warm up,"Trains anti-extension core control in a position that keeps load off the spine.; Needs nothing but a mat, so it fits home, travel and rehab adjacent programming.; Scales in both directions by changing limb range or adding light external load.",Warm-up and activation blocks in mobile training apps.; Beginner core onboarding flows that need a low-risk starting movement.; Low back conditioning modules in coaching and rehab adjacent platforms.; Bodyweight-only program collections and equipment-filtered library pages.,"1. Lie on your back on a mat with your arms reaching straight toward the ceiling. ; 2. Lift your feet so your hips and knees are both bent to ninety degrees. ; 3. Press your lower back gently into the floor and brace your abdominals. ; 4. Exhale and lower one arm overhead while extending the opposite leg toward the floor. ; 5. Stop just short of the floor while the lower back stays flat, then inhale and return. ; 6. Repeat with the opposite arm and leg, alternating for the prescribed reps.","Letting the lower back arch off the floor, which means the core has stopped resisting extension.; Moving faster than you can breathe, which turns a control drill into a flailing exercise.; Reaching further than you can hold position, which trades range for the stability being trained.; Holding the breath throughout, which reduces the bracing the movement is meant to teach.",A supine anti-extension core drill that lowers one arm and the opposite leg while the lower back stays pinned down.,"The dead bug starts lying on the back with the arms reaching up and the hips and knees bent to ninety degrees. From there one arm lowers overhead while the opposite leg extends toward the floor, and the whole job of the trunk is to stop the lower back lifting away from the ground. The rectus abdominis and transverse abdominis resist that extension, while the obliques control the diagonal loading created by using opposite limbs. Range is determined entirely by control, so reps stop the moment the back starts to arch.

As catalog inventory the dead bug is one of the highest demand core clips because it appears in warm-ups, beginner onboarding and low back programs. Its floor-level camera angle makes the lumbar contact point visible, which is the detail app users most often get wrong.",posters/dead-bug.webp,dead-bug.mp4
dead-hang,,Dead Hang,Forearms,Back; Shoulders; Core,Bodyweight,Isolation; Stretch,beginner,6.93,dead hang; grip strength; forearms; pull up bar; isometric; bodyweight,"Builds grip and forearm endurance that carries into deadlifts, rows and pull-ups.; Lengthens the shoulders and upper back under bodyweight without any active effort.; Requires only a bar, and progress is measured in seconds rather than reps.","Timed hold sections in workout builders that count seconds, not reps.; Grip endurance work supporting deadlift and pull up progressions.; Shoulder decompression steps in recovery focused sequences.; First rung of a calisthenics pull up ladder for beginners.","1. Set a bench or box under a secure pull-up bar so you can reach it without jumping. ; 2. Take an overhand grip slightly wider than shoulder width with the thumbs wrapped around the bar. ; 3. Step off the support and let your body hang with the arms straight. ; 4. Keep the neck long and let the shoulders relax toward the ears in a passive hang. ; 5. Squeeze the glutes lightly and hold the legs still so the body does not swing. ; 6. Hold for the prescribed time, then step back onto the support before releasing the bar.","Jumping to the bar and dropping off it, which loads cold shoulders and wrists at speed.; Gripping without wrapping the thumb, which ends the hang well before the forearms are trained.; Holding the arms slightly bent, which fatigues the biceps and hides the grip work.; Letting the body swing, which spreads the load unevenly across the shoulders.",An isometric hang from an overhead bar that loads the grip and forearm flexors while the upper body decompresses.,"The dead hang is a timed isometric hold rather than a rep-based exercise. Hanging from an overhead bar with straight arms puts the whole bodyweight through the hands, so the finger and wrist flexors of the forearm are the limiting tissue and the set usually ends when grip fails. Above that, the lats, scapular stabilizers and shoulders are loaded passively while the spine lengthens under gravity. Keeping the legs still and the trunk lightly braced stops the body swinging and keeps the load even across both shoulders.

For a product catalog the dead hang is a useful clip because duration-based holds are underrepresented in most libraries. It fits grip training blocks, pull-up progression ladders, mobility and decompression sequences, and any app flow that needs a timed rather than counted movement.",posters/dead-hang.webp,dead-hang.mp4
decline-barbell-bench-press,,Decline Barbell Bench Press,Chest,Triceps; Shoulders,Barbell,Push,intermediate,7.73,chest; barbell; bench press; decline; push; compound,"Shortens the pressing range compared with a flat bench, which some lifters tolerate better at the shoulder.; Keeps triceps involvement high, so it doubles as elbow extension volume on a chest day.; Completes the bench-angle set, giving a third loading position for the pectorals.",Chest day templates in a strength training app; Barbell equipment filters in a browsable exercise library; Bench-angle comparison content for coaches and program builders; Progression paths that move from flat to incline and decline pressing,"1. Set a decline bench, load the bar, and hook your feet securely under the leg pad. ; 2. Lie back with your eyes under the bar and grip it just outside shoulder width. ; 3. Pinch your shoulder blades together and drive them into the pad, then take the lift-off with a spotter. ; 4. Inhale and lower the bar in a straight line to the base of your sternum until it touches your chest. ; 5. Press the bar back up by driving your upper back into the bench and extending your elbows. ; 6. Stop just short of full lockout to keep tension, then repeat for the prescribed reps.",Bouncing the bar off the chest replaces muscular work with momentum and puts a shock load on the shoulders.; Letting the shoulder blades come unset during the press hands the load to the front of the shoulder joint.; Unracking a heavy bar without a spotter in the decline position leaves no safe way out of a failed rep.; Letting the wrists roll back into extension puts the bar behind the forearm and strains the wrist joint.,"Barbell press performed head-down on a decline bench, driving from just below the sternum to full extension.","The decline barbell bench press puts the torso head-down with the feet hooked under a pad, which lowers the pressing angle and shortens the bar path. The pectoralis major is the prime mover, the triceps extend the elbows, and the front deltoid contributes less than on an incline. EMG comparison of flat, inclined and declined benching found similar pectoral activity in all three positions.

Setup carries most of the risk. Shoulder blades stay pinned to the pad, a spotter helps with the lift-off, and the bar descends under control to the sternum rather than bouncing.

As an asset the decline press completes a barbell chest set alongside flat and incline pressing, so it earns a place in barbell equipment filters, chest day templates and bench-angle progressions.",posters/decline-barbell-bench-press.webp,decline-barbell-bench-press.mp4
decline-crunch,,Decline Crunch,Core,,Bodyweight,Core,beginner,6.67,decline crunch; abs; core; decline bench; trunk flexion; bodyweight,"Increases abdominal loading over a floor crunch without adding any external weight.; Keeps the range short and the lower back supported, which suits high rep finisher work.; Progresses by bench angle alone, so one station covers several difficulty levels.","Abdominal finisher blocks in mobile app workout builders.; Core work that gets harder from bench angle alone, with no plate to add.; Comparison content explaining crunch versus sit-up range of motion.; Progression ladders that lead from floor crunches to weighted decline work.","1. Set a decline bench to a moderate angle and hook your feet under the roller pads. ; 2. Lie back with your knees bent and your lower back resting on the bench. ; 3. Cross your arms over your chest or rest your fingertips beside your ears without pulling on the neck. ; 4. Exhale and curl your shoulder blades off the bench by shortening the abdominals. ; 5. Stop once the upper back has left the pad, keeping the lower back in contact. ; 6. Inhale and lower slowly to the start without resting at the bottom.","Pulling on the head with the hands, which strains the neck and hides how little the abdominals moved.; Curling all the way up into a sit-up, which hands the work to the hip flexors.; Setting the decline too steep too soon, which usually turns into a swinging half rep.; Dropping back to the bench between reps, which discards the eccentric and the tension with it.",A partial-range trunk curl on a decline bench that keeps the lower back down and loads the abdominals against gravity.,"The decline crunch is a crunch performed head-down on an angled bench with the feet secured. Only the shoulder blades leave the pad; the lower back stays in contact throughout, which keeps the movement in trunk flexion rather than hip flexion. Declining the bench increases the resistance gravity applies at the start of the range, so the abdominals work harder than they would on the floor for the same rep count. Steeper angles make it harder, which gives a simple progression without adding external load.

In a product catalog the decline crunch sits alongside the decline sit-up as the shorter-range option of the pair. It fits abdominal finishers in app programs, bench-equipment collections, and comparison content explaining the difference between a crunch and a sit-up.",posters/decline-crunch.webp,decline-crunch.mp4
decline-machine-chest-press,,Decline Machine Chest Press,Chest,Triceps; Shoulders,Machine,Push,beginner,9.87,chest; machine; chest press; decline; push; lower chest,Delivers a decline pressing angle without an inverted setup or a spotter.; Fixed path lets a beginner load the chest heavily with minimal balance demand.; Independent handles on iso-lateral machines let each side work through its own range.,Machine-only workout plans for commercial gym members; Machine equipment filters in an exercise library; Beginner chest progressions inside an onboarding program; Lower-chest emphasis content for gym-floor coaching screens,"1. Set the seat height so the handles line up with your lower chest and load the machine. ; 2. Sit back with your whole spine against the pad and fasten the seat belt if the machine has one. ; 3. Take a handle in each hand with an overhand grip and set your shoulder blades back and down. ; 4. Press the handles down and away from your chest until your elbows are almost straight. ; 5. Stop just short of locking out and hold the chest contraction briefly. ; 6. Return the handles slowly until you feel a stretch across the chest, then repeat.",Setting the seat too high turns the movement into a flat or incline press and removes the downward angle.; Letting the shoulders roll forward off the pad at the finish transfers load onto the shoulder joint.; Slamming into full lockout hands the work to the joints and drops tension off the chest.; Letting the stack pull the handles back quickly wastes the eccentric and risks a jolt at the shoulder.,Seated machine press on a downward path that loads the lower chest without a decline bench or a spotter.,"The decline machine chest press reproduces a decline pressing angle while the lifter stays upright in a seat. The handles travel down and forward on a fixed path, so the pectoralis major does the pressing with the triceps extending the elbows and the front deltoid assisting. Manufacturer specifications place the primary target on the lower pectoralis major, with the triceps and anterior deltoids engaged in support.

The guided arc is the point. There is no bar to balance and no lift-off, so a novice can load the lower chest without a training partner.

For a catalog this clip covers the machine chest filter and the beginner path into decline pressing, and it pairs naturally with the incline machine press in gym-equipment program builders.",posters/decline-machine-chest-press.webp,decline-machine-chest-press.mp4
decline-push-up,,Decline Push Up,Chest,Triceps,Bodyweight,Push,beginner,5.33,decline push up; upper chest; push day; bodyweight; home workout; calisthenics,Biases the upper chest and front shoulders without barbell incline work.; Builds bodyweight pressing strength using only a step or bench.; Bridges the gap between standard push ups and harder pressing variations.,Home and travel push-day workouts in fitness apps; Calisthenics and bodyweight progression tracks; Hotel and bodyweight blocks for corporate wellness programs; Push-up progression education for trainers and creators,"1. Place your feet on a sturdy bench, step, or low platform and lower your hands to the floor. ; 2. Set your hands slightly wider than shoulder width with arms straight and your body in a long line. ; 3. Brace your core and squeeze your glutes so your hips don't sag or pike during the rep. ; 4. Lower your chest toward the floor under control, keeping the elbows tracked at about 45 degrees. ; 5. Pause briefly when your chest is just above the floor, holding tension through the upper body. ; 6. Press back up to full arm extension by driving through the chest and triceps, then repeat.","Letting the hips sag toward the floor, which kills the line and shifts strain into the lower back.; Flaring the elbows out to 90 degrees, which strains the front shoulders and reduces chest work.; Bouncing at the bottom instead of pausing briefly to control the lift through the full range.; Cutting the range short by stopping a long way above the floor and skipping the deep stretch.","A push up with feet elevated on a bench or step that biases the upper chest, front delts, and triceps without any equipment.","The decline push up takes the standard push up and elevates the feet, which shifts the load toward the upper chest and front shoulders. It's one of the simplest ways to make a push up harder and target a region most home trainees never touch — without needing a barbell or incline bench.

For home, travel, and calisthenics-focused apps, this is a strong upper-chest answer that doesn't need any gear beyond a couch or step. It also fits beginner-to-intermediate strength tracks as a stepping stone toward harder push-up variations and dips. A clean 3D angle helps users see exactly how high to elevate the feet.",posters/decline-push-up.webp,decline-push-up.mp4
decline-sit-up,,Decline Sit-Up,Core,Quadriceps,Bodyweight,Core,beginner,9.07,decline sit up; abs; core; decline bench; trunk flexion; bodyweight,"Trains the full trunk flexion range with more resistance than a floor sit-up.; Adjusts difficulty by bench angle, so one station serves several ability levels.; Loads easily with a plate or dumbbell held across the chest when bodyweight stops challenging.",Abdominal training blocks in mobile app program builders.; Trunk flexion and hip flexor volume inside athlete conditioning circuits.; Weighted progression ladders from bodyweight to loaded sit-ups.; Comparison content explaining sit-up versus crunch mechanics.,1. Set a decline bench and secure both feet under the padded roller. ; 2. Lie back with your knees bent and your arms crossed over your chest. ; 3. Tuck your chin lightly toward your chest to protect the neck. ; 4. Exhale and curl your torso up until your chest travels toward your thighs. ; 5. Pause briefly at the top with the abdominals fully shortened. ; 6. Lower yourself back to the bench under control and repeat.,"Yanking on the head or neck to start the rep, which strains the cervical spine.; Letting the hip flexors pull the torso up first, which leaves the abdominals barely loaded.; Dropping back onto the bench at speed, which discards the eccentric and jars the spine.; Choosing a steep decline before the movement is controlled, which forces momentum-driven reps.","A full-range sit-up on a decline bench, bringing the chest toward the thighs against a steeper gravity angle.","The decline sit-up is performed head-down on an angled bench with the feet locked under a padded roller. Unlike a crunch, the torso travels all the way up until the chest approaches the thighs, so the movement combines trunk flexion from the abdominals with hip flexion driven by the hip flexors and rectus femoris. The decline angle adds resistance at the bottom of the range where the abdominals are longest, and steeper settings make the exercise harder without any added weight. Tucking the chin protects the neck through the top of the rep.

As an asset this clip is the full-range counterpart to the decline crunch, and libraries usually want both. It fits abdominal blocks in app programs, bench equipment collections, and weighted progression ladders where a plate or dumbbell is added later.",posters/decline-sit-up.webp,decline-sit-up.mp4
deficit-deadlift,,Deficit Deadlift,Glutes; Hamstrings; Quadriceps,Core; Back; Trapezius; Forearms,Barbell,Hinge,advanced,8.27,deficit deadlift; deadlift; hamstrings; glutes; barbell; posterior chain,Adds range at the hardest part of the pull to build strength off the floor.; Increases the leg drive demand compared with a deadlift from the floor.; May improve the hamstring to quadriceps strength balance.,Barbell filter entry for lifters who already own the floor deadlift.; Powerlifting and accessory blocks for advanced users.; Weak point diagnosis content for coaching platforms.; Advanced tier of a deadlift progression built on range rather than load.,1. Stand on a stable platform roughly four to eight inches high with the bar over your midfoot. ; 2. Set your feet hip width apart and grip the bar just outside your shins. ; 3. Drop your hips until your shoulders sit over the bar with the shins near vertical. ; 4. Brace your abdominals hard and pull the slack out of the bar. ; 5. Drive through the whole foot and extend the hips and knees together to lockout. ; 6. Lower the bar under control back to the platform and reset before the next rep.,"Rounding the lower back to reach the bar, which the added range makes far more likely.; Letting the bar drift forward off the midfoot, which lengthens the lever on the spine.; Standing on a platform that is too high for your current hip and ankle range.; Keeping the same load as a floor pull, which forces the hips to shoot up first.","A conventional deadlift pulled while standing on a raised platform, adding range at the bottom of the lift.","The deficit deadlift is a conventional pull performed from a platform roughly four to eight inches high, so the bar starts lower relative to the shins. The extra range forces a deeper hip and knee position off the floor and increases the leg drive needed to break the bar away. The glutes, hamstrings and quadriceps produce the lift while the erectors, lats, traps and grip hold the bar path.

In a library this is the advanced deadlift variation that separates a serious barbell collection from a basic one. It fits barbell filters, powerlifting accessory blocks, and coaching content explaining how to fix a weak position off the floor.",posters/deficit-deadlift.webp,deficit-deadlift.mp4
deficit-dumbbell-romanian-deadlift,,Deficit Dumbbell Romanian Deadlift,Hamstrings; Glutes,Core; Trapezius; Calves; Adductors,Dumbbell,Hinge,intermediate,9.87,deficit romanian deadlift; dumbbell rdl; hamstrings; hip hinge; dumbbell; posterior chain,"Extends the eccentric range of the hinge without adding load.; Keeps continuous tension on the hamstrings and glutes across the set.; Uses dumbbells, so it scales in small steps and needs no rack.",Range-focused hinge option in a dumbbell-only strength app.; Hamstring hypertrophy blocks built on range rather than load.; Progression content pairing standard and deficit hinge clips.; Home gym programs with limited loading options.,"1. Stand on a low stable platform with your feet hip width apart. ; 2. Hold a dumbbell in each hand at your sides with a neutral grip. ; 3. Set your shoulders back and down and brace your abdominals. ; 4. Push your hips backward and lower the dumbbells past the edge of the platform. ; 5. Stop when the hamstrings reach the end of their stretch with the back still flat. ; 6. Drive your hips forward to stand, stopping just short of full extension.","Chasing depth past your available range, which rounds the lower back.; Bending the knees further as you descend, which turns the hinge into a squat.; Letting the dumbbells swing away from the legs, which strains the lower back.; Using a platform so high that the heels have nowhere to settle at the bottom.",A dumbbell Romanian deadlift performed from a raised platform so the hamstrings work through a longer range.,"This is the dumbbell Romanian deadlift with the feet raised on a low platform. Standing higher lets the dumbbells travel past the point where the floor would normally stop them, so the hamstrings hold tension through a longer stretch. Everything else matches the standard version: hip width feet, a neutral grip, a slight and unchanging knee bend, and a hinge driven by pushing the hips backward. The hamstrings are the prime mover with the glutes assisting hip extension, while the erectors and traps hold posture and the calves stabilize the stance.

For a library this is the range extended hinge that sits one step above the standard dumbbell Romanian deadlift. It fits dumbbell filters, hamstring hypertrophy blocks, and progression content that shows how to add stimulus without adding weight.",posters/deficit-dumbbell-romanian-deadlift.webp,deficit-dumbbell-romanian-deadlift.mp4
diamond-push-ups,,Diamond Push Ups,Triceps,,Bodyweight,Push,beginner,6.13,diamond push ups; triceps; push day; bodyweight; home workout; arm exercise,"Builds triceps size and strength with only bodyweight.; Develops a stronger lockout that carries into pressing lifts.; Trains a tight, elbow-tucked press pattern that protects the shoulders.",Bodyweight arm finishers in push-day app workouts; Home and travel program tracks for fitness apps; No-equipment fat-loss and conditioning circuits; Beginner triceps education in coaching platforms,"1. Get into a high plank with your hands directly under your chest, thumbs and index fingers touching. ; 2. Set your feet about hip-width apart and lock your body into a long line from head to heels. ; 3. Brace your core and squeeze the glutes so the hips stay in line throughout the rep. ; 4. Lower your chest toward your hands while keeping the elbows tucked close to your ribs. ; 5. Pause briefly when the chest is just above your hands, feeling the triceps fully loaded. ; 6. Press back up to full arm extension by driving through the triceps, then repeat for reps.","Flaring the elbows out wide, which turns the lift back into a chest push up and removes the triceps focus.; Letting the hips sag or pike, which breaks the plank line and shifts strain into the lower back.; Not bringing the hands close enough so the diamond shape disappears and the lift loses its triceps bias.; Cutting the range short by stopping high above the hands instead of touching down for full triceps stretch.",A close-hand push up where the thumbs and index fingers form a diamond — turning a chest move into a triceps builder.,"The diamond push up brings the hands together under the chest to form a diamond shape, which narrows the press path and shifts the load almost entirely onto the triceps. The chest still helps, but the long range of elbow extension is what makes this variation a serious arm builder without weights.

It's a clean fit for bodyweight, home, and travel programs that need real triceps work without a bench or dumbbell. App builders can drop it into push-day finishers, beginner-friendly arm blocks, or no-equipment fat-loss circuits. A 3D angle makes the close hand position obvious — something static photos consistently underplay.",posters/diamond-push-ups.webp,diamond-push-ups.mp4
dumbbell-alternating-forward-lunge,,Dumbbell Alternating Forward Lunge,Glutes; Quadriceps,,Dumbbell,Lunge,intermediate,9.87,dumbbell forward lunge; leg exercise; leg day; dumbbells; unilateral training; quads and glutes,Builds single-leg strength in the quads and glutes.; Improves balance and coordination under load.; Surfaces and corrects left-right leg strength imbalances.,Leg-day workout flows in strength training apps; Hypertrophy and athletic prep program tracks; Beginner lunge progression modules for coaching platforms; Lower-body content thumbnails for trainers and creators,"1. Hold a dumbbell in each hand at your sides with arms relaxed and shoulders pulled down and back. ; 2. Stand tall with your feet hip-width apart and brace your core to set a stable starting position. ; 3. Step forward with one leg into a long lunge, lowering your back knee toward the floor. ; 4. Stop when your back knee is an inch above the floor and your front thigh is parallel to the ground. ; 5. Drive through the heel of your front foot to push back to a tall standing position. ; 6. Repeat the lunge with the opposite leg and continue alternating for the prescribed reps.","Taking too short a step forward, which puts the front knee far past the toes and strains the joint.; Letting the front knee cave inward, which loads the inside of the joint and weakens the lift.; Leaning the torso forward over the front leg instead of staying tall and stacked through the trunk.; Pushing off the back foot to stand instead of driving through the front-leg heel and glute.","A loaded forward lunge that alternates legs each rep — training the quads, glutes, and balance one side at a time.","The dumbbell alternating forward lunge loads each leg in turn through a long forward step. The front leg drives back to standing through the quads and glutes while the rear leg controls the descent. Switching sides every rep keeps the cadence flowing and builds balance under fatigue.

For leg-day programming in any strength app, this is a workhorse lunge variation. It carries hypertrophy programs, athletic prep tracks, and beginner-friendly leg education modules. The alternating pattern reads especially well in motion, which makes the 3D clip a strong choice for thumbnails and program covers in lower-body content.",posters/dumbbell-alternating-forward-lunge.webp,dumbbell-alternating-forward-lunge.mp4
dumbbell-back-extension,,Dumbbell Back Extension,Lower Back,Glutes; Hamstrings,Dumbbell,Hinge,intermediate,9.87,back extension; dumbbell; hip hinge; erector spinae; glutes; posterior chain,Adds progressive resistance to the hinge without putting a bar on the back.; Bridges the gap between bodyweight extensions and loaded barbell hinging.; Trains the erectors to hold a neutral spine while external load is present.,Hinge accessory for gyms with no glute ham developer or reverse hyper station.; Warm-up sets ahead of deadlift sessions in coaching platform templates.; Progression ladders from bodyweight to loaded back extensions.; Low back conditioning modules that need a loaded option.,"1. Set the hip pad of a 45-degree bench just below your pelvis and lock your ankles under the roller. ; 2. Take a single dumbbell and hold it against your chest with both hands. ; 3. Brace your abdominals and set your head, spine and hips in one straight line. ; 4. Hinge at the hips and lower your torso until you feel the hamstrings lengthen. ; 5. Drive the hips into the pad and extend until your body forms a straight line. ; 6. Pause at the top, lower under control, and repeat for the prescribed reps.","Adding load before bodyweight reps are controlled, which rounds the back under the extra lever arm.; Letting the dumbbell drift away from the chest, which increases spinal load without training anything extra.; Extending past a straight line at the top, which compresses the lumbar spine under load.; Using momentum out of the bottom, which removes tension from the glutes and hamstrings.","A loaded back extension on a 45-degree bench, holding a dumbbell at the chest to add resistance to the hip hinge.","The dumbbell back extension is the loaded version of the standard 45-degree bench extension. A single dumbbell held against the chest sits well above the hip joint, which lengthens the lever arm and increases the demand on both the spinal erectors holding position and the glutes and hamstrings producing hip extension. Because the load sits high on the torso, technique degrades quickly if the weight is too heavy, so progression is usually made in small increments once bodyweight reps are controlled and pain free.

For an asset library this clip is the progression step that catalogs often skip, leaving a gap between bodyweight extensions and barbell hinging. It fits posterior chain accessory blocks, dumbbell equipment collections, and progression ladders inside app program builders.",posters/dumbbell-back-extension.webp,dumbbell-back-extension.mp4
dumbbell-bench-press,,Dumbbell Bench Press,Chest,Triceps,Dumbbell,Push,beginner,9.6,dumbbell bench press; chest exercise; push day; dumbbells; compound lift; upper body,"Builds chest size, triceps, and front-delt strength with a deeper range than a barbell.; Trains both sides independently so neither arm cheats the lift.; Spares the shoulders compared to a fixed barbell pressing path.",Push-day workout flows in strength training apps; Hypertrophy program assets for coaching platforms; Home and small-gym workout tracks for fitness apps; Chest and pressing content for trainers and creators,"1. Sit on a flat bench with a dumbbell on each thigh, then lie back as you kick the weights up to your chest. ; 2. Plant your feet flat on the floor and pull your shoulder blades back and down into the bench. ; 3. Press the dumbbells up until your arms are fully extended, with the weights stacked over your shoulders. ; 4. Lower the dumbbells slowly to chest level with the elbows tracked at about 45 to 60 degrees. ; 5. Pause briefly when the dumbbells reach the side of your chest, keeping full upper-back tension. ; 6. Press the dumbbells back up explosively by driving through the chest and triceps to the top.","Letting the elbows flare wide to 90 degrees, which strains the front shoulders and weakens the chest drive.; Pressing the dumbbells together at the top so they clack — wasted range and no extra chest work.; Losing the upper-back squeeze mid-set, causing the shoulders to roll forward under load.; Cutting the range short and pressing only the top half, missing the deepest stretch on the chest.",The dumbbell version of the classic bench press — a deeper-range chest builder with friendlier shoulders than a barbell.,"The dumbbell bench press is the dumbbell counterpart to the barbell bench press. Each arm presses an independent load, which deepens the available range, allows a more natural shoulder path, and forces both sides to do their share of the work. It's a chest, triceps, and front-shoulder builder that usually feels better on the shoulders than a barbell.

For strength and hypertrophy apps, this is a core push-day asset and a natural pair to the barbell version in any program. It's also the right call for home gyms with limited equipment and for beginner programs where teaching a barbell press first is overkill. A clean clip with both arms moving in sync helps users dial in the pressing path.",posters/dumbbell-bench-press.webp,dumbbell-bench-press.mp4
dumbbell-bulgarian-split-squat,,Dumbbell Bulgarian Split Squat,Glutes; Quadriceps,,Dumbbell,Squat,intermediate,5.87,dumbbell bulgarian split squat; single leg squat; leg day; dumbbells; quads and glutes; lower body,"Builds serious single-leg strength in the quads and glutes.; Improves hip mobility, balance, and ankle stability under load.; Surfaces left-right strength gaps a barbell squat can hide.",Leg-day blocks in hypertrophy and strength apps; Athletic prep and sport-specific programs; Minimalist and dumbbell-only workout tracks; Single-leg strength education for coaching platforms,"1. Hold a dumbbell in each hand and stand a long stride in front of a knee-high bench. ; 2. Place the top of your back foot on the bench and set your front foot far enough forward to keep the knee stacked. ; 3. Brace your core and stand tall, with shoulders pulled back and chest up. ; 4. Lower yourself by bending the front knee until your back knee is just above the floor. ; 5. Pause briefly at the bottom with the front thigh roughly parallel to the floor and the torso upright. ; 6. Drive through the front-foot heel to stand back up to the starting position, then repeat for reps.","Setting the front foot too close to the bench so the knee tracks far past the toes and gets overloaded.; Letting the front knee cave inward, which loads the joint and weakens the glute drive.; Pushing off the back foot to stand instead of driving through the front-leg heel.; Leaning too far forward so the lift becomes a hip hinge and pulls work out of the front quad.",A rear-foot-elevated split squat loaded with dumbbells — one of the highest-return single-leg exercises for quads and glutes.,"The dumbbell Bulgarian split squat puts the rear foot up on a bench and loads the front leg with dumbbells. The elevated rear foot removes most of the back-leg help, which forces the front quad and glute to carry the lift on their own. It's one of the highest-return single-leg exercises in any leg-day plan.

For app builders, this clip belongs in any serious lower-body track — hypertrophy, athletic prep, sport-specific, or general strength. It also fits home and minimalist programs where a barbell back squat isn't realistic. The 3D angle helps users see foot placement, knee path, and torso angle in one frame, which photos rarely capture clearly.",posters/dumbbell-bulgarian-split-squat.webp,dumbbell-bulgarian-split-squat.mp4
dumbbell-chest-fly,,Dumbbell Chest Fly,Chest,,Dumbbell,Isolation,beginner,9.87,dumbbell chest fly; chest exercise; push day; dumbbells; isolation; upper body,Isolates the chest through a deep stretch and strong squeeze.; Adds focused chest volume without loading the triceps.; Trains the chest's stretch position that pressing alone can't fully reach.,Chest accessory blocks in hypertrophy app workouts; Push-day finishers in strength training programs; Home and small-gym chest tracks in fitness apps; Chest isolation education content for trainers,"1. Sit on a flat bench with a dumbbell on each thigh, then lie back as you bring the weights up to your chest. ; 2. Press the dumbbells up over your chest with palms facing each other and a soft bend in the elbows. ; 3. Lower the dumbbells out to the sides in a wide arc, keeping that elbow bend locked the whole time. ; 4. Stop when you feel a deep stretch across the chest and the elbows are roughly level with the bench. ; 5. Pause briefly at the bottom of the stretch without dropping deeper or losing the elbow angle. ; 6. Squeeze the chest to bring the dumbbells back together over your chest in the same wide arc.","Bending the elbows mid-rep so the lift turns into a sloppy press and pulls the triceps in.; Going too heavy and dropping into a deep stretch fast, which strains the front shoulders.; Clanking the dumbbells together at the top instead of stopping just short and squeezing the chest.; Cutting the range short by stopping high so the chest never gets the stretch the fly is meant for.",A wide-arc dumbbell fly that isolates the chest through a long stretch and tight squeeze at the top.,"The dumbbell chest fly is the classic chest isolation exercise. With a slight bend in the elbows held throughout, the arms sweep wide to stretch the chest, then squeeze back together at the top. Removing the triceps from the lift puts the chest under full tension across a long range of motion.

For hypertrophy programs in fitness apps, this is a core chest-detail asset that pairs naturally with any pressing movement. It also suits beginner-friendly chest education, where the wide arc makes the chest's job obvious. App builders can ship this clip alongside the bench press as a clean accessory option in their push-day library.",posters/dumbbell-chest-fly.webp,dumbbell-chest-fly.mp4
dumbbell-concentration-curl,,Dumbbell Concentration Curl,Biceps,,Dumbbell,Isolation,beginner,9.87,dumbbell concentration curl; biceps; arm day; dumbbells; isolation; upper body,Isolates the biceps with zero body english.; Builds peak shape and end-range biceps detail.; Trains a strict curl pattern that carries over to all other curl variations.,Arm-day finishers in hypertrophy app workouts; Pull-day accessory blocks in strength training apps; Biceps isolation education for coaching platforms; Arm-day content for trainer Reels and TikToks,"1. Sit on the edge of a bench with your feet planted wide and a dumbbell in one hand. ; 2. Lean forward slightly and brace the back of your working arm against the inside of your thigh. ; 3. Let the dumbbell hang at full arm extension with the palm facing the opposite leg. ; 4. Curl the dumbbell up toward your shoulder by bending only at the elbow, keeping the upper arm pinned. ; 5. Squeeze the biceps hard at the top with the dumbbell close to your shoulder for a one-second hold. ; 6. Lower the dumbbell slowly to full extension over 2 to 3 seconds, then repeat before switching arms.","Lifting the elbow off the thigh mid-rep, which lets the shoulder swing and steals work from the biceps.; Using too heavy a dumbbell so the body sways forward and back to lift it.; Cutting the range short by stopping before the arm fully extends at the bottom of each rep.; Dropping the weight quickly on the way down, skipping the slow descent where most growth happens.","A seated single-arm curl with the elbow braced against the inner thigh — pure biceps, no body english.","The dumbbell concentration curl is the most isolated curl variation in any program. Sitting down with the elbow braced against the inner thigh removes every cheat and forces the biceps to do all the work. It's the go-to move when the goal is detail, peak shape, and a strong end-range squeeze.

For hypertrophy programs and arm-focused content, this is a clean accessory pick that drops easily into pull-day finishers or dedicated arm blocks. App builders can use it in beginner education on what real biceps isolation feels like, and creators get a clip that visually screams arm day for thumbnails and shorts.",posters/dumbbell-concentration-curl.webp,dumbbell-concentration-curl.mp4
dumbbell-cossack-squat,,Dumbbell Cossack Squat,Quadriceps; Adductors,Glutes; Hamstrings; Core,Dumbbell,Squat; Mobility,intermediate,9.87,dumbbell cossack squat; cossack squat; adductors; hip mobility; dumbbell; lateral squat,Adds load to a frontal plane pattern that most leg exercises never train.; The front held dumbbell counterbalances the body and allows more depth.; Builds adductor strength and hip range at the same time.,Frontal-plane leg slot in dumbbell-based strength programs.; Athletic preparation blocks for lateral movement sports.; Loaded mobility content in a coaching platform.; Progression pairing with the bodyweight Cossack squat clip.,"1. Hold one dumbbell at chest height with both hands under the top plate. ; 2. Stand with your feet well outside shoulder width and toes pointing forward. ; 3. Brace your abdominals and keep your ribs pulled down. ; 4. Shift your weight over one leg and sit the hips back and down over that foot. ; 5. Keep the other leg straight with the foot rolled onto its heel and the toes up. ; 6. Push through the bent leg to return to center, then repeat on the other side.","Letting the dumbbell pull the chest down, which rounds the upper back at depth.; Arching the lower back to reach depth instead of respecting available hip range.; Lifting the heel of the squatting leg, which signals an ankle mobility limit.; Bending the extended leg, which removes the adductor and hamstring stretch.",A deep sideways squat on one leg holding a dumbbell at the chest as a counterbalance and a load.,"The dumbbell Cossack squat is the loaded version of the wide stance lateral squat. Holding a dumbbell at chest height adds resistance and acts as a counterweight that lets you sit further back into the hip without falling backward. One leg takes deep hip, knee and ankle flexion while the other stays straight with the foot rolled onto its heel, loading the inner thigh and hamstring of the extended side. The abdominals hold the ribs down so the extra front load does not pull the lower back into extension.

For an asset library this is the loaded frontal plane clip that pairs with the bodyweight Cossack squat as its progression. It fits dumbbell filters, athletic prep and mobility blocks, and content showing how a counterbalance improves depth in a lateral squat.",posters/dumbbell-cossack-squat.webp,dumbbell-cossack-squat.mp4
dumbbell-cross-body-romanian-deadlift,,Dumbbell Cross Body Romanian Deadlift,Glutes; Hamstrings,Core,Dumbbell,Hinge,intermediate,7.2,dumbbell romanian deadlift; single leg rdl; glutes and hamstrings; dumbbells; hinge; lower body,"Builds single-leg glute and hamstring strength with a long, loaded stretch.; Trains balance and anti-rotation through the trunk under real load.; Surfaces and corrects left-right strength gaps in the posterior chain.",Posterior-chain blocks in strength training apps; Athletic prep tracks for runners and field-sport athletes; Movement-quality and rehab-adjacent content for coaching platforms; Glute and hamstring detail content for trainers and creators,"1. Hold a single dumbbell in one hand and stand on the leg opposite that hand with a soft knee bend. ; 2. Brace your core and pull your shoulder blades down so the working side stays square as you start. ; 3. Hinge at the hips, sending the free leg straight back as the dumbbell tracks across toward the planted foot. ; 4. Lower until your torso is roughly parallel to the floor and you feel a strong stretch in the working hamstring. ; 5. Pause at the bottom, keeping hips level and the back flat without letting the working hip open up. ; 6. Drive the working heel into the floor and stand tall, squeezing the glute hard at the top of the rep.","Letting the hip of the free leg open up, which turns the lift into a rotation instead of a clean hinge.; Rounding the lower back at the bottom because the hamstrings can't reach the dumbbell yet.; Bending the standing knee too much, which turns the lift into a single-leg squat instead of a hinge.; Standing the dumbbell up with the lower back instead of driving the floor away through the working glute.",A single-leg Romanian deadlift where the dumbbell tracks across the body — biasing the working glute and hamstring through a long hinge.,"The dumbbell cross-body Romanian deadlift is a single-leg hinge where the dumbbell is held in the opposite hand from the working leg and travels across the body during the descent. The cross-body load drives a stronger reach into the working glute and hamstring while the trunk has to fight rotation the whole way down.

This is a high-value clip for hypertrophy and athletic-prep apps that want serious glute and hamstring work without a barbell. It also suits rehab-adjacent and movement-quality content where users are rebuilding single-leg control. The cross-body element is hard to picture from a still image, so a 3D angle does real teaching work here.",posters/dumbbell-cross-body-romanian-deadlift.webp,dumbbell-cross-body-romanian-deadlift.mp4
dumbbell-curl,,Dumbbell Curl,Biceps,,Dumbbell,Isolation,beginner,6.4,dumbbell curl; biceps; arm day; dumbbells; isolation; upper body,"Builds biceps size and arm strength with a simple, scalable lift.; Trains both arms independently to prevent left-right strength gaps.; Works at any level with any pair of dumbbells, anywhere.",Arm-day blocks in strength training apps; Pull-day accessory work in coaching platforms; Home and travel arm tracks in fitness apps; Beginner biceps onboarding modules,"1. Stand tall with a dumbbell in each hand at your sides, palms facing forward. ; 2. Set your feet shoulder-width apart, brace your core, and pull your shoulders back and down. ; 3. Curl both dumbbells up toward your shoulders by bending at the elbows, keeping the upper arms pinned to your sides. ; 4. Squeeze the biceps hard at the top with the dumbbells close to your shoulders for a brief pause. ; 5. Lower the dumbbells slowly to full arm extension over 2 to 3 seconds. ; 6. Reset at the bottom with the arms straight and the shoulders set, then repeat for reps.","Swinging the torso back to throw the dumbbells up, which removes the biceps from the lift.; Letting the elbows drift forward on the way up, turning the curl into a partial front raise.; Cutting the range short at the bottom by never fully straightening the arms between reps.; Dropping the dumbbells fast on the way down and skipping the slow lowering phase where most growth lives.","The standard standing dumbbell biceps curl — the most-used arm exercise in any program, anywhere.","The dumbbell curl is the default biceps exercise in nearly every program ever written. Standing tall with a dumbbell in each hand, the elbows stay pinned to the sides while the forearms sweep up to bring the dumbbells to the shoulders. Simple, scalable, and effective at any level.

For any strength app's core library, this is the most reached-for biceps clip you can ship. It belongs in arm-day blocks, in pull-day finishers, in beginner onboarding, and in home and travel programs. App builders should treat it as default inventory the same way they treat the bench press and squat — users expect to see it when they tap into arm content.",posters/dumbbell-curl.webp,dumbbell-curl.mp4
dumbbell-deadlift,,Dumbbell Deadlift,Hamstrings; Glutes,Quadriceps; Core; Trapezius; Forearms; Lower Back,Dumbbell,Hinge,beginner,4.27,dumbbell deadlift; deadlift; hamstrings; glutes; hip hinge; dumbbell,"Teaches the hip hinge with a load that is easy to scale and easy to drop.; Trains hamstrings and glutes without needing a rack or a barbell.; Loads each side independently, so weak sides cannot hide.",Deload weeks that keep the pattern in place while absolute load drops.; Foundational lower body blocks for new lifters.; Home and hotel gym programs with limited equipment.; Hinge pattern teaching sequences in coaching content.,"1. Take a dumbbell in each hand and set your feet about hip width apart. ; 2. Set your chest up, shoulders back and abdominals braced. ; 3. Keep a slight bend in your knees and push your hips backward. ; 4. Let the weights track close along your thighs and shins while your back stays flat. ; 5. Stop when you feel the stretch in your hamstrings, keeping the weights close. ; 6. Push through your heels and drive your hips forward to stand tall.","Squatting the weights down instead of pushing the hips back, which unloads the hamstrings.; Letting the dumbbells drift away from the legs, which strains the lower back.; Rounding the upper back so the shoulders roll forward under the load.; Driving up through the toes instead of the heels, which pitches the weight forward.","A hip driven pull with a dumbbell in each hand, lowered down the front of the legs and driven back up.","The dumbbell deadlift trains the same hinge as a barbell pull with a far lower barrier to entry. You stand hip width apart with a dumbbell in each hand, keep a slight knee bend, and push the hips back so the weights travel down the front of the legs until the hamstrings stretch. Driving the heels into the floor and pushing the hips forward returns you to standing. Because each hand carries its own load, the weights can pass beside the legs instead of stopping at the shins, and the grip and upper back work harder to hold position.

In a library this is the hinge clip that home and beginner programs actually use, and the natural stand in wherever a barbell is not available. It fits dumbbell filters, foundational strength blocks, and teaching content that introduces the hinge before loading it heavily.",posters/dumbbell-deadlift.webp,dumbbell-deadlift.mp4
dumbbell-decline-bench-press,,Dumbbell Decline Bench Press,Chest,Triceps,Dumbbell,Push,beginner,8.8,dumbbell decline bench press; lower chest; push day; dumbbells; compound lift; upper body,Builds lower-chest size and pressing strength with a deep dumbbell range.; Spares the shoulders compared to a fixed-bar pressing path.; Adds variety and detail to a complete chest hypertrophy program.,Lower-chest blocks in hypertrophy app workouts; Push-day variety days in strength training apps; Chest specialization tracks in coaching platforms; Chest-detail content for trainers and creators,"1. Set the bench to a slight decline and lock your feet under the foot pads at the bottom. ; 2. Lie back with a dumbbell in each hand resting on your thighs, then kick them up over your chest. ; 3. Press the dumbbells up until the arms are fully extended and the weights are stacked over your shoulders. ; 4. Lower the dumbbells slowly to chest level with the elbows tracked at about 45 to 60 degrees. ; 5. Pause briefly when the dumbbells reach the side of your lower chest, holding upper-back tension. ; 6. Press the dumbbells back up explosively by driving through the chest and triceps to full extension.","Letting the elbows flare to 90 degrees, which strains the front shoulders and weakens the chest drive.; Pressing the dumbbells together so they clack at the top — wasted range and no extra chest work.; Setting up too steep a decline so the lift turns into a strange overhead press instead of a chest move.; Cutting the range short and pressing only the top half, missing the deepest stretch on the chest.",A decline-bench dumbbell press that biases the lower chest while still working the triceps and front shoulders.,"The dumbbell decline bench press tilts the bench head-down so the press path biases the lower chest. Dumbbells let each arm move independently and reach a deeper bottom position than a barbell would, while the decline angle pulls more of the work into the lower chest fibers.

For hypertrophy programs in fitness apps, this clip rounds out a complete chest library alongside flat and incline pressing. It fits chest-specialization blocks, push-day variety days, and intermediate-to-advanced strength tracks where users are chasing lower-chest detail. A clean 3D angle helps users get the bench setup and elbow path right.",posters/dumbbell-decline-bench-press.webp,dumbbell-decline-bench-press.mp4
dumbbell-decline-chest-fly,,Dumbbell Decline Chest Fly,Chest,,Dumbbell,Isolation,beginner,9.87,dumbbell decline chest fly; lower chest; push day; dumbbells; isolation; upper body,Isolates the lower chest with a deep stretch and strong squeeze.; Adds focused detail volume without loading the triceps.; Rounds out a complete chest library alongside flat and incline work.,Lower-chest detail blocks in hypertrophy app workouts; Push-day finishers in strength training programs; Chest specialization tracks in coaching platforms; Chest isolation content for trainer Reels and TikToks,"1. Set the bench to a slight decline and lock your feet under the foot pads to anchor your position. ; 2. Lie back with a dumbbell in each hand resting on your thighs, then kick them up over your chest. ; 3. Press the dumbbells up with palms facing each other and a soft bend held in the elbows. ; 4. Lower the dumbbells out to the sides in a wide arc, keeping the elbow bend locked the whole way. ; 5. Stop when you feel a deep stretch across the lower chest and the elbows are roughly level with the bench. ; 6. Squeeze the chest to bring the dumbbells back together over your chest in the same wide arc.","Bending the elbows mid-rep so the fly turns into a sloppy press and brings the triceps in.; Going too heavy and dropping fast into the stretch, which strains the front shoulders.; Clanking the dumbbells together at the top instead of squeezing the chest just short of contact.; Skipping the bottom of the range so the chest never gets the stretch the fly is meant for.",A decline-bench dumbbell fly that isolates the lower chest through a long stretch and a tight top-end squeeze.,"The dumbbell decline chest fly takes the classic fly pattern and pairs it with a decline bench so the arc tracks across the lower chest fibers. With a soft bend held in the elbows, the arms sweep wide for a deep chest stretch and squeeze back together at the top.

This is a hypertrophy-focused accessory clip that earns a spot in any complete chest library. It fits chest-detail blocks, push-day finishers, and intermediate-to-advanced programs where users are chasing lower-chest separation. App builders can pair it with the decline press to round out a full lower-chest section in their lower-body library.",posters/dumbbell-decline-chest-fly.webp,dumbbell-decline-chest-fly.mp4
dumbbell-decline-skullcrusher,,Dumbbell Decline Skullcrusher,Triceps,,Dumbbell,Isolation,beginner,9.87,dumbbell decline skullcrusher; triceps; arm day; dumbbells; isolation; upper body,Builds triceps size with a deep long-head stretch.; Adds focused arm volume without loading the chest or shoulders.; Trains the elbow extension pattern that drives lockout in pressing lifts.,Triceps detail blocks in hypertrophy app workouts; Arm-day and push-day finishers in strength training apps; Long-head triceps education for coaching platforms; Arm-day content for trainer Reels and TikToks,"1. Set the bench to a slight decline and lock your feet under the foot pads. ; 2. Lie back with a dumbbell in each hand and press them up over your chest with palms facing each other. ; 3. Tilt your upper arms slightly back toward your head so the dumbbells sit just past vertical. ; 4. Bend at the elbows to lower the dumbbells slowly toward the sides of your head. ; 5. Stop when you feel a strong stretch across the back of the upper arms, with the elbows still pointed up. ; 6. Extend the arms back to the start by driving through the triceps, keeping the upper arms in place.","Letting the upper arms swing forward on the way up so the lift turns into a press.; Flaring the elbows out wide, which trades triceps work for shoulder strain.; Cutting the range short at the bottom and skipping the deep stretch where the long head loads up.; Going too heavy and crashing the dumbbells toward the head instead of lowering under control.","A decline-bench dumbbell triceps extension that biases the long head through a deep, stretched range.","The dumbbell decline skullcrusher is a triceps extension performed on a decline bench with the upper arms angled back over the head. That angle puts the long head of the triceps under a deep stretch at the bottom of every rep, which is one of the strongest drivers of triceps growth.

For hypertrophy programs in fitness apps, this clip is a high-value triceps accessory. It fits arm-day blocks and push-day finishers, and it gives intermediate users a long-head stretch that flat-bench skullcrushers can't quite hit. A 3D angle helps users see the bar path and elbow position, which photos consistently misrepresent.",posters/dumbbell-decline-skullcrusher.webp,dumbbell-decline-skullcrusher.mp4
dumbbell-feet-elevated-glute-bridge,,Dumbbell Feet Elevated Glute Bridge,Glutes,,Dumbbell,Hinge,beginner,9.87,dumbbell glute bridge; glutes; hip extension; dumbbells; lower body; home workout,"Builds glute size through a long, loaded hip extension range.; Trains a strong hip lockout that carries into squats and deadlifts.; Loads the glutes hard without needing a barbell or hip thrust setup.",Glute hypertrophy blocks in strength training apps; Posterior-chain accessory work in coaching platforms; Home and small-gym lower-body program tracks; Glute-specialization content for trainers and creators,"1. Sit on the floor in front of a bench with a dumbbell resting across your hips. ; 2. Place your heels on top of the bench with knees bent at roughly 90 degrees and arms holding the dumbbell. ; 3. Brace your core and tuck your ribs down so your lower back stays flat to start the rep. ; 4. Drive your heels into the bench and push your hips up until your body forms a straight line from knees to shoulders. ; 5. Squeeze the glutes hard at the top for a one-second hold without overarching the lower back. ; 6. Lower your hips slowly back to the floor under control, then repeat for reps.","Pushing through the toes instead of the heels, which pulls the work into the quads and out of the glutes.; Overextending the lower back at the top instead of holding a clean hip-up position.; Going too heavy and bouncing off the floor, which kills tension and risks back strain.; Cutting the range short by stopping before the hips fully lock out at the top.",A glute bridge with feet up on a bench and a dumbbell across the hips — a longer-range variation that hits the glutes harder.,"The dumbbell feet-elevated glute bridge raises the feet onto a bench and loads a dumbbell across the hips. Elevating the feet lengthens the hip extension range, and the load makes every rep meaningful. The result is a glute bridge that actually challenges trained users instead of being a warm-up.

This clip slots cleanly into glute-focused hypertrophy blocks, posterior-chain accessory work, and home or small-gym programs where a barbell hip thrust isn't an option. It's a smart inclusion for app builders targeting glute-specialization audiences and for creators making lower-body programs aimed at general lifters.",posters/dumbbell-feet-elevated-glute-bridge.webp,dumbbell-feet-elevated-glute-bridge.mp4
dumbbell-figure-four-heels-elevated-hip-thrust,,Dumbbell Figure Four Heels Elevated Hip Thrust,Glutes,,Dumbbell,Hinge,intermediate,6.4,figure four hip thrust; single leg glute; glutes; dumbbells; hip extension; lower body,"Isolates one glute through a long, loaded hip extension range.; Builds single-leg hip strength that carries into running and sprinting.; Surfaces and corrects left-right glute strength gaps.",Glute-specialization blocks in hypertrophy apps; Single-leg strength tracks for athletic prep programs; Runner and sprinter conditioning in coaching platforms; Glute-focused content for trainer Reels and TikToks,"1. Sit in front of a bench with a dumbbell on the floor and place your working heel on top of the bench. ; 2. Cross your free ankle over the working knee in a figure-four shape, then lift the dumbbell across your hips. ; 3. Lower your hips toward the floor while keeping the figure-four leg position locked in place. ; 4. Drive the working heel into the bench and push your hips up until they're in line with your shoulders. ; 5. Squeeze the working glute hard at the top with the hips fully extended for a one-second hold. ; 6. Lower under control to the start position, then complete all reps before switching legs.","Pushing through the toes instead of the working heel, which pulls work into the quad.; Letting the hips tilt sideways at the top, which lets the other side help and breaks the isolation.; Overextending the lower back at the top instead of holding a clean hip lockout.; Cutting the range short by stopping before the hips fully extend, missing the strongest part of the rep.",A single-leg hip thrust where the free leg crosses into a figure-four — isolating one glute through a deep range.,"The dumbbell figure-four heels-elevated hip thrust is a single-leg glute lift. The free leg crosses over the working knee in a figure-four shape, the working heel sits up on a bench, and a dumbbell loads the hips. The setup completely isolates one glute and forces it to drive every rep through a long range.

For app builders targeting glute-specialization audiences, this is a high-value single-leg variation. It fits intermediate-to-advanced glute blocks, athletic prep for runners and sprinters, and coach content focused on single-leg strength. The figure-four position is hard to teach from a photo, so a 3D angle does serious work for both creators and end users.",posters/dumbbell-figure-four-heels-elevated-hip-thrust.webp,dumbbell-figure-four-heels-elevated-hip-thrust.mp4
dumbbell-front-raise,,Dumbbell Front Raise,Shoulders,,Dumbbell,Isolation,beginner,5.6,dumbbell front raise; front shoulders; shoulder day; dumbbells; isolation; upper body,Isolates the front shoulders for focused hypertrophy work.; Adds detail volume that pressing alone often misses.; Trains a clean shoulder-flexion pattern with no body english.,Shoulder-day blocks in hypertrophy app workouts; Push-day accessory work in strength training apps; Shoulder-detail tracks in coaching platforms; Shoulder-day content for trainer Reels and TikToks,"1. Stand tall with a dumbbell in each hand resting on the front of your thighs, palms facing back. ; 2. Set your feet shoulder-width apart, brace your core, and pull your shoulders down and back. ; 3. Lift one or both dumbbells straight forward with a slight bend held in the elbows. ; 4. Stop the lift when the dumbbells reach shoulder height and the arms are roughly parallel to the floor. ; 5. Pause for a beat at the top with the dumbbells level, holding tension in the front delts. ; 6. Lower the dumbbells slowly back to the thighs over 2 to 3 seconds, then repeat for reps.","Swinging the torso back to throw the dumbbells up, which steals work from the front delts.; Lifting past shoulder height into the upper traps, which removes the front delt focus.; Bending the elbows heavily mid-rep, which turns the lift into a curl-and-press hybrid.; Going too heavy and shrugging the shoulders up at the top instead of keeping them pinned down.","A standing dumbbell raise to shoulder height that isolates the front delts in a clean, controlled arc.","The dumbbell front raise is a single-joint shoulder exercise that lifts a dumbbell straight up in front of the body to shoulder height. With the elbows held nearly straight, the front delts do almost all the work — making it one of the cleanest ways to add detail volume to the front of the shoulders.

This clip fits shoulder-day blocks, push-day accessory work, and shoulder-detail content where pressing alone won't build the look users want. App builders can ship it as a default shoulder isolation option in any hypertrophy program, and creators can use it in shoulder-day Reels where the lift's visual is instantly recognizable.",posters/dumbbell-front-raise.webp,dumbbell-front-raise.mp4
dumbbell-front-squat,,Dumbbell Front Squat,Quadriceps; Glutes,Core; Hamstrings; Shoulders; Trapezius,Dumbbell,Squat,beginner,4.27,dumbbell front squat; front squat; quads; squat; dumbbell; upright torso,Front loading enforces an upright torso and a more quad dominant squat.; Avoids the wrist and shoulder mobility a barbell front rack requires.; Trains the abdominals and upper back to resist flexion under load.,Alternate asset for users who cannot hold a barbell front rack position.; Foundational leg blocks for new and intermediate users.; Squat technique content using front load as a posture cue.; Home gym programs without a rack or barbell.,"1. Stand with your feet shoulder width apart and your toes turned out slightly. ; 2. Hold a dumbbell at each shoulder with the palms facing inward and elbows high. ; 3. Lift your chest, brace your abdominals and take a deep breath. ; 4. Push your hips back and bend your knees, keeping the dumbbells stable. ; 5. Lower until your thighs are at least parallel with the floor. ; 6. Press through your midfoot and drive your hips forward to stand tall.","Dropping the elbows, which pulls the dumbbells forward and rounds the upper back.; Letting the knees cave inward instead of tracking over the toes.; Rising onto the toes because of limited ankle range or an excessive forward lean.; Stopping short of parallel, which cuts the range the quads are being trained through.","A squat with a dumbbell held at each shoulder, front loading the body to keep the torso upright.","The dumbbell front squat puts the load in front of the body instead of on the back. Holding a dumbbell at each shoulder with the elbows high forces an upright torso, because letting the chest drop sends the weights forward and out of position. That upright posture shifts more of the work onto the quadriceps and asks the abdominals and upper back to resist flexion the whole way down. The gluteus maximus extends the hips out of the bottom while the hamstrings and adductors assist.

For a library this is the front loaded squat most people can actually perform, since it skips the wrist and shoulder mobility a barbell front rack demands. It fits dumbbell filters, foundational leg blocks, and squat technique content where the front load is used as a self correcting cue.",posters/dumbbell-front-squat.webp,dumbbell-front-squat.mp4
dumbbell-front-squat-tempo,,Dumbbell Front Squat (Tempo),Quadriceps; Glutes,Core; Hamstrings; Shoulders; Trapezius,Dumbbell,Squat,intermediate,9.6,tempo squat; dumbbell front squat; eccentric; time under tension; quads; dumbbell,"Increases time under tension without adding weight to the dumbbells.; Slower lowering phases favor hypertrophy in the quadriceps.; Removes momentum, so the legs reverse every repetition.",Hypertrophy blocks that prescribe an explicit tempo string.; Technique phases in a periodized program where speed is the variable.; Coaching media showing what a four second eccentric actually looks like.; Front loaded squat option for apps with dumbbells but no barbell.,"1. Hold a dumbbell at each shoulder with the palms facing inward and the elbows high. ; 2. Stand with your feet shoulder width apart and brace your abdominals. ; 3. Lower over a slow count of three to four seconds, pushing the hips back. ; 4. Reach a depth of at least parallel without letting the elbows drop. ; 5. Pause briefly at the bottom without bouncing or losing your brace. ; 6. Stand back up at a controlled speed and reset before the next repetition.","Speeding up the descent as the set gets hard, which removes the tempo stimulus entirely.; Bouncing out of the bottom, which is exactly what the prescribed pause exists to prevent.; Holding the breath through a long eccentric instead of bracing and breathing between reps.; Keeping the same load as a normal set, so form breaks down before the count is finished.","A dumbbell front squat performed to a prescribed slow tempo, with a deliberately long lowering phase.","The tempo dumbbell front squat is the same movement with the clock added. Holding a dumbbell at each shoulder keeps the torso upright and the quadriceps loaded, while a prescribed count controls how long each phase lasts. A controlled comparison of one second and four second lowering phases in the squat at matched loads found that the slower group accumulated far more time under tension and gained more size in specific quadriceps muscles. Slowing the descent also removes the bounce out of the bottom, so the legs reverse the rep.

For a library this is the clip that makes a tempo prescription legible on screen, which written instructions rarely do. It fits hypertrophy blocks, technique and control focused programs, and any app that displays a tempo string alongside the exercise.",posters/dumbbell-front-squat-tempo.webp,dumbbell-front-squat-tempo.mp4
dumbbell-goblet-alternating-curtsy-lunge,,Dumbbell Goblet Alternating Curtsy Lunge,Glutes,Quadriceps,Dumbbell,Lunge,intermediate,9.87,dumbbell curtsy lunge; glutes; leg day; dumbbells; unilateral training; lower body,Builds the glutes through a long cross-body range of motion.; Trains hip stability and balance under load on each side.; Adds variety to a lunge library beyond straight-line front and reverse lunges.,Glute-detail blocks in hypertrophy app workouts; Hip-stability tracks for athletic prep programs; Lower-body conditioning circuits in fitness apps; Lunge-variation content for trainer Reels and TikToks,"1. Hold a single dumbbell vertically at chest height with both hands cupping the top in goblet position. ; 2. Stand tall with feet hip-width apart, shoulders back, and core braced. ; 3. Step one foot diagonally behind and across the other, lowering into a curtsy lunge. ; 4. Drop your back knee toward the floor while keeping your front foot flat and front knee tracking out. ; 5. Drive through the front-foot heel to push back to a tall standing position. ; 6. Repeat the lunge with the opposite leg crossing behind, alternating sides for the prescribed reps.","Letting the front knee cave inward, which loads the inside of the joint and weakens the glute drive.; Crossing the back foot too far so the hips twist and the lower back takes the load.; Leaning the torso forward over the front leg instead of staying upright through the trunk.; Pushing off the back foot to stand instead of driving through the front-leg heel and glute.",A loaded curtsy lunge held in goblet position — alternating sides each rep to train the glutes through a cross-body angle.,"The dumbbell goblet alternating curtsy lunge holds a single dumbbell at chest height in goblet position while stepping one foot diagonally behind the other into a curtsy. The crossover angle pulls the working glute through a longer range and challenges hip stability the way a straight-line lunge can't.

This clip is a strong fit for glute-detail blocks in hypertrophy apps, hip-stability work in athletic prep, and lower-body conditioning circuits. It also reads cleanly as content for trainer Reels and TikToks because the cross-body step is visually distinct. App builders looking to round out their lunge variation library should treat this as a near-default inclusion.",posters/dumbbell-goblet-alternating-curtsy-lunge.webp,dumbbell-goblet-alternating-curtsy-lunge.mp4
dumbbell-goblet-bulgarian-split-squat,,Dumbbell Goblet Bulgarian Split Squat,Glutes; Quadriceps,,Dumbbell,Lunge,intermediate,8.8,dumbbell bulgarian split squat; single leg exercise; leg day; dumbbells; quad exercise; lower body,Builds quad and glute size on each leg independently.; Exposes and corrects left-right strength imbalances.; Improves single-leg balance and ankle and hip control.,Unilateral leg-day blocks in strength training apps; Athletic prep programs for runners and field sports; Home and minimal-equipment program tracks; Hypertrophy accessory modules for coaching platforms,"1. Stand a stride length in front of a bench and place the top of one foot on the pad behind you. ; 2. Hold a single dumbbell vertically at chest height, cupping the top head with both hands close to your sternum. ; 3. Set the front foot flat with the knee tracking over the middle toes and your torso slightly forward. ; 4. Lower straight down by bending the front knee until the back knee hovers just above the floor. ; 5. Pause briefly at the bottom with the front foot planted and the chest tall, no collapsing forward. ; 6. Drive through the front heel and mid-foot to stand back up, keeping the back leg relaxed and along for the ride.","Standing too close to the bench, which jams the front knee forward and pulls work away from the glutes.; Letting the front knee cave inward on the way up, which stresses the joint and reduces glute drive.; Pushing off the back foot for help instead of loading the front leg cleanly through the rep.; Rushing the lower portion and bouncing out of the bottom, missing the hardest part of the lift.","A rear-foot-elevated split squat loaded at the chest — the go-to single-leg builder for quads, glutes, and balance.","The dumbbell goblet Bulgarian split squat is a single-leg squat with the back foot elevated on a bench, holding a single dumbbell at chest height. It hammers the front-leg quads and glutes through a deep range of motion while exposing every left-right imbalance a lifter has been hiding behind bilateral lifts.

For app builders, this is a workhorse accessory in any serious lower-body program. Drop it into hypertrophy blocks, athletic prep tracks for runners and field-sport athletes, or home-gym programs where a bench and one dumbbell are all the equipment a user owns. It pairs especially well alongside the regular split squat in a beginner-to-intermediate progression.",posters/dumbbell-goblet-bulgarian-split-squat.webp,dumbbell-goblet-bulgarian-split-squat.mp4
dumbbell-goblet-forward-lunge,,Dumbbell Goblet Forward Lunge,Glutes; Quadriceps,,Dumbbell,Lunge,beginner,6.13,dumbbell forward lunge; goblet lunge; leg day; dumbbells; single leg exercise; lower body,Builds quad and glute strength on each leg independently.; Trains stride mechanics and front-leg deceleration for sport and daily life.; Improves single-leg balance and ankle stability under load.,Beginner onboarding flows in fitness apps; Lower-body hypertrophy program assets for coaching platforms; Stride and gait education modules for run-coaching content; Home-gym leg-day tracks built around one or two dumbbells,"1. Hold a single dumbbell vertically at chest height with both hands cupping the top, elbows tucked in. ; 2. Stand tall with feet hip-width apart, ribs stacked over hips, and your gaze fixed straight ahead. ; 3. Take a long, controlled step forward with one leg, landing softly on the full foot. ; 4. Lower straight down by bending both knees until the back knee hovers just above the floor. ; 5. Pause briefly with the front shin near vertical and the chest still tall over the hips. ; 6. Push off the front heel to step back to the start position, then alternate legs for the next rep.","Stepping too short, which puts the front knee far past the toes and dumps the load onto the kneecap.; Letting the torso fall forward over the front thigh, shifting work off the glutes and onto the lower back.; Slamming the back knee into the floor instead of stopping just short of contact under control.; Pushing off the back foot to stand instead of loading the front leg through the full press up.","A stepping forward lunge with a dumbbell held at the chest — trains the quads, glutes, and stride mechanics in one move.","The dumbbell goblet forward lunge is a stepping single-leg exercise loaded with one dumbbell held vertically against the chest. The forward step loads the front quad and glute heavily while training the deceleration and stability that everyday walking and running both demand.

For app and content use, this is the most beginner-friendly loaded lunge variation — the goblet hold keeps the spine tall and naturally fixes the forward-pitched torso that wrecks lunge form. Use it as the introduction lunge in any beginner onboarding flow, then layer in reverse and Bulgarian variations as the user progresses through the program.",posters/dumbbell-goblet-forward-lunge.webp,dumbbell-goblet-forward-lunge.mp4
dumbbell-goblet-reverse-lunge,,Dumbbell Goblet Reverse Lunge,Glutes; Quadriceps,,Dumbbell,Lunge,beginner,6.13,dumbbell reverse lunge; goblet lunge; glute exercise; dumbbells; single leg exercise; lower body,Builds glute and quad size with less knee stress than forward lunges.; Improves single-leg balance and hip stability under load.; Reinforces upright posture through the goblet hold and tall torso.,Knee-friendly leg-day workouts in fitness apps; Glute-focused hypertrophy blocks for coaching platforms; Rehab-adjacent strength program assets; Women's strength training tracks and content modules,"1. Hold a single dumbbell vertically at the chest with both hands cupping the top head, elbows tucked. ; 2. Stand tall with feet hip-width apart, weight balanced through the mid-foot of both feet. ; 3. Step one leg straight back into a long stride, landing softly on the ball of the back foot. ; 4. Lower straight down until the back knee hovers just above the floor and the front shin is near vertical. ; 5. Pause briefly at the bottom, keeping the chest tall and the front foot fully planted into the floor. ; 6. Drive through the front heel to step the back foot forward to the start, then alternate legs.","Stepping too short, which forces the front knee forward and loads the joint instead of the glutes.; Letting the front knee cave inward as you stand, reducing glute drive and stressing the knee.; Crashing the back knee into the floor rather than stopping just short under control.; Leaning the torso forward over the front thigh, shifting tension off the glutes and onto the low back.",A back-stepping lunge with a goblet-held dumbbell — easier on the knees and more glute-dominant than the forward version.,"The dumbbell goblet reverse lunge steps backward instead of forward, which keeps the front shin close to vertical and shifts more of the work onto the glutes and hamstrings. Holding a single dumbbell at the chest keeps the torso upright and makes it one of the cleanest unilateral leg builders available.

For app builders, the reverse lunge is the lunge variation to ship for users with cranky knees or limited single-leg balance. It belongs in beginner programs, knee-friendly accessory blocks, rehab-adjacent strength tracks, and any women's strength program that prioritizes glute development. Pair it with the forward lunge to give users a full lunge progression in one library.",posters/dumbbell-goblet-reverse-lunge.webp,dumbbell-goblet-reverse-lunge.mp4
dumbbell-goblet-split-squat,,Dumbbell Goblet Split Squat,Glutes; Quadriceps,,Dumbbell,Lunge,beginner,7.73,dumbbell split squat; goblet split squat; leg day; dumbbells; single leg exercise; lower body,Builds quad and glute size on each leg without stepping.; Teaches the single-leg pattern before progressing to lunges.; Improves hip stability and ankle control under controlled load.,Beginner unilateral training in fitness apps; Single-leg progression assets for coaching platforms; Online course modules teaching the lunge pattern; Home and minimal-equipment leg-day flows,"1. Stand in a long split stance with one foot forward and the back foot up on its toes about three feet behind. ; 2. Hold a single dumbbell vertically at the chest, cupping the top head with both hands. ; 3. Set the front foot flat, knee tracking over the middle toes, and brace the core to stack the ribs over hips. ; 4. Lower straight down by bending both knees until the back knee hovers just above the floor. ; 5. Pause briefly at the bottom with the chest tall and the front heel planted firmly into the floor. ; 6. Drive through the front heel and mid-foot to stand back up, finishing each rep with the hips fully extended.","Standing too narrow, which forces the front knee far over the toes and loads the joint instead of the muscles.; Letting the front knee cave inward on the way up, reducing glute drive and stressing the knee.; Pushing off the back foot for help instead of loading the front leg cleanly through the rep.; Pitching the torso forward, which shifts work off the front-leg glute and onto the low back.","A static, both-feet-planted split stance loaded at the chest — the gateway single-leg exercise for quads and glutes.","The dumbbell goblet split squat is the static, both-feet-on-the-floor cousin of the lunge. The split stance stays fixed for the full set, which lets the lifter focus entirely on the up-and-down knee and hip mechanics without managing the step. The goblet hold keeps the torso upright and braced.

For app and content use, this is the foundation single-leg exercise — ship it before any lunge variation in a beginner track. It's also a clean teaching piece for online courses and trainer Reels because the static stance makes form cues land cleanly. Use it as the entry point in any unilateral progression that ends in Bulgarian split squats and pistol work.",posters/dumbbell-goblet-split-squat.webp,dumbbell-goblet-split-squat.mp4
dumbbell-goblet-squat,,Dumbbell Goblet Squat,Glutes; Quadriceps,,Dumbbell,Squat,beginner,9.6,dumbbell goblet squat; squat exercise; leg day; dumbbells; lower body; beginner squat,"Builds full lower-body strength in the quads, glutes, and core.; Teaches an upright, full-depth squat pattern in any beginner.; Trains bracing and trunk stability through the front-loaded hold.",Beginner onboarding squats in fitness apps; Foundational strength education for coaching platforms; Home-gym leg-day flows built around one dumbbell; Warm-up and movement-prep modules in athletic programs,"1. Stand with feet shoulder-width apart, toes turned slightly out, holding a dumbbell vertically at the chest. ; 2. Cup the top head of the dumbbell with both hands, elbows tucked down under the weight. ; 3. Brace the core, set the ribs stacked over the hips, and fix your eyes on a point straight ahead. ; 4. Sit back and down at the same time, pushing the knees out in line with your toes as you descend. ; 5. Reach the bottom with thighs at or below parallel, chest tall, and elbows tracking inside the knees. ; 6. Drive through the whole foot to stand back up, finishing tall with hips and knees fully extended.","Letting the heels lift off the floor at the bottom, which dumps the load forward onto the knees.; Letting the knees cave inward as you stand, reducing glute drive and stressing the joints.; Cutting the depth short above parallel, missing most of the glute and quad development.; Rounding the lower back at the bottom, which loads the spine instead of the working muscles.",A bodyweight-style squat loaded with one dumbbell at the chest — the cleanest way to teach the squat pattern.,"The dumbbell goblet squat loads a standard squat by holding a single dumbbell vertically at chest height. The front-loaded position counterbalances the squat naturally, which keeps the torso upright and lets even brand-new lifters reach a deep, full-depth position with clean form.

For app builders, this is the squat to ship first in any beginner onboarding flow — it's the single best teaching tool for the squat pattern, and it requires only one dumbbell. It also doubles as a warm-up movement in advanced barbell programs and as a safe heavy-day option in home-gym tracks where the user doesn't own a rack. A non-negotiable in any squat-pattern library.",posters/dumbbell-goblet-squat.webp,dumbbell-goblet-squat.mp4
dumbbell-hammer-curl,,Dumbbell Hammer Curl,Biceps,,Dumbbell,Isolation,beginner,8.8,dumbbell hammer curl; biceps exercise; arm day; dumbbells; neutral grip curl; upper body,Builds upper-arm thickness through the brachialis underneath the biceps.; Develops forearm size and grip strength through the neutral grip.; Wrist-friendly curl option for users who feel strain with palms-up curls.,Arm-day workout flows in strength training apps; Pull-day programming for hypertrophy coaching platforms; Beginner-friendly arm training in onboarding programs; Trainer Reels and TikToks teaching curl variations,"1. Stand tall with a dumbbell in each hand, arms at your sides, and palms facing your thighs. ; 2. Keep the elbows pinned to the ribs and the shoulders pulled back and down throughout the set. ; 3. Curl both dumbbells up by bending only at the elbow, keeping palms facing each other the whole time. ; 4. Squeeze hard at the top with the dumbbells just below shoulder height and the wrists locked straight. ; 5. Lower the weights under control over 2 to 3 seconds back to a fully straight-arm position. ; 6. Pause briefly at the bottom with the elbows extended, then curl back up for the next rep.","Swinging the torso to throw the weight up instead of curling cleanly with the arms.; Letting the elbows drift forward at the top, which turns the curl into a half front raise.; Rotating the wrists at the top and rushing the lower, missing the brachialis-building tension.; Using too heavy a weight, which forces partial reps and short-changes the muscle stretch.",A neutral-grip dumbbell curl that builds the brachialis and forearms — the arm-thickness curl every program needs.,"The dumbbell hammer curl is a curl performed with a neutral grip — palms facing each other the whole rep. That hand position shifts the work off the peak of the biceps and onto the brachialis underneath and the brachioradialis of the forearm, giving the upper arm visible thickness from the side.

For app and content use, this is the second curl every arm program should ship after the standard supinated curl. It belongs in pull-day flows, dedicated arm-day blocks, and any hypertrophy track that wants a complete biceps curriculum. It's also a wrist-friendly alternative for users who feel strain with palms-up curls, which makes it a popular pick in beginner and rehab-adjacent programs.",posters/dumbbell-hammer-curl.webp,dumbbell-hammer-curl.mp4
dumbbell-heels-elevated-hip-thrust,,Dumbbell Heels Elevated Hip Thrust,Glutes,,Dumbbell,Hinge,beginner,6.4,dumbbell hip thrust; glute exercise; heels elevated; dumbbells; hip thrust variation; lower body,"Builds glute size and strength through a deeper hip range.; Shifts work off the quads and onto the glutes through the heel position.; Trains hip extension power for sprinting, jumping, and lifting.",Glute-focused hypertrophy blocks in fitness apps; Women's strength training program assets; Home-gym glute workouts in coaching platforms; Trainer education content on glute exercise variations,"1. Sit on the floor with your upper back against a bench and a dumbbell ready to load across the hips. ; 2. Place both heels on a low plate or step about hip-width apart, with the toes lifted off the platform. ; 3. Roll the dumbbell into the hip crease and steady it with both hands throughout the set. ; 4. Drive through the heels to lift the hips up until the torso and thighs form one straight line at the top. ; 5. Squeeze the glutes hard at the top with the ribs down and the chin lightly tucked toward the chest. ; 6. Lower the hips under control until they hover just above the floor, then drive back up for the next rep.","Pushing through the toes instead of the heels, which shifts the work off the glutes onto the quads.; Hyperextending the lower back at the top instead of finishing with a clean glute squeeze.; Cutting the range short and never letting the hips fully extend at the top of the rep.; Letting the knees cave inward at lockout, which reduces glute drive and stresses the joints.",A hip thrust with the heels elevated and a dumbbell on the hips — biases the glutes and lengthens the working range.,"The dumbbell heels-elevated hip thrust is a hip thrust variation where the heels sit on a low platform and a dumbbell rests across the hips. Lifting the heels shifts the work further onto the glutes and away from the quads, while the elevated foot position lets the hips sink deeper before driving up.

For app builders, this is a glute-specialist accessory that fits cleanly into hypertrophy and aesthetic-focused programs. Ship it in glute-day blocks, women's strength tracks, and home-gym programs where a barbell hip thrust isn't realistic. It's also a clean educational piece for trainer content explaining how foot position changes muscle bias inside the same exercise.",posters/dumbbell-heels-elevated-hip-thrust.webp,dumbbell-heels-elevated-hip-thrust.mp4
dumbbell-incline-bench-press,,Dumbbell Incline Bench Press,Chest,Shoulders; Triceps,Dumbbell,Push,beginner,9.87,dumbbell incline bench press; upper chest; push day; dumbbells; chest exercise; upper body,"Builds upper-chest size and visible top-line definition.; Develops front-delt and triceps strength alongside the chest.; Trains each side independently, fixing left-right pressing imbalances.",Push-day workout flows in strength training apps; Upper-chest hypertrophy assets for coaching platforms; Home-gym chest training built around adjustable benches; Aesthetic-focused content modules and trainer Reels,"1. Set a bench to a 30 to 45 degree incline and sit with a dumbbell resting on each thigh. ; 2. Kick the dumbbells up to your shoulders one at a time, then lie back with the weights at chest height. ; 3. Pull your shoulder blades back and down into the bench with feet planted flat on the floor. ; 4. Press both dumbbells straight up until the arms are fully extended and the weights nearly touch overhead. ; 5. Lower under control to chest level with elbows tracked at about 45 to 60 degrees from the torso. ; 6. Pause briefly at the bottom, then press back up powerfully, finishing each rep with a strong lockout.","Letting the elbows flare straight out, which strains the front shoulders and shifts work off the chest.; Setting the bench too steep, which turns the press into a shoulder press and loses the upper-chest focus.; Bouncing the dumbbells at the bottom or stopping short, missing the productive stretch on the chest.; Pressing the dumbbells out wide rather than straight up, which destabilizes the lift and shortens the press.","An inclined dumbbell press that targets the upper chest, front delts, and triceps — the cornerstone upper-chest lift.","The dumbbell incline bench press loads the upper portion of the chest, the front shoulders, and the triceps through a press performed on a 30 to 45 degree incline bench. Using dumbbells instead of a barbell gives each side independent range of motion and lets the lifter find a comfortable wrist and elbow path under load.

For app and content use, this is the upper-chest exercise app builders should ship by default. It belongs in every push-day flow, every hypertrophy program, and any aesthetic-focused track that's trying to build the visible top of the chest. It also covers the unilateral and bilateral training need cleanly, which makes it strong inventory for both beginner and advanced strength libraries.",posters/dumbbell-incline-bench-press.webp,dumbbell-incline-bench-press.mp4
dumbbell-incline-chest-fly,,Dumbbell Incline Chest Fly,Chest,,Dumbbell,Isolation,beginner,9.87,dumbbell incline chest fly; upper chest; chest isolation; dumbbells; push day; upper body,Isolates and builds the upper chest with minimal triceps assistance.; Loads the chest through a deep stretch for hypertrophy stimulus.; Improves the mind-muscle connection on a press-dominant chest day.,Upper-chest accessory blocks in fitness apps; Hypertrophy push-day programming for coaching platforms; Aesthetic-focused content for chest-training Reels; Beginner isolation education modules in online courses,"1. Set a bench to a 30 to 45 degree incline and sit with a light dumbbell resting on each thigh. ; 2. Lie back with a dumbbell in each hand, palms facing each other, and arms pressed straight up over the chest. ; 3. Set a slight bend in the elbows and hold that bend fixed for the rest of the set. ; 4. Lower the dumbbells out to the sides in a wide arc until you feel a deep stretch across the upper chest. ; 5. Pause briefly at the bottom with the chest open and the shoulder blades pinned back into the bench. ; 6. Squeeze the chest to bring the dumbbells back together overhead, stopping just short of touching.","Bending the elbows mid-rep, which turns the fly into a sloppy press and loses the chest isolation.; Going too heavy, which forces the elbows to collapse and stresses the front shoulders.; Crashing the dumbbells together at the top instead of pausing for a controlled chest squeeze.; Pulling the shoulder blades off the bench, rolling the shoulders forward and risking shoulder strain.",An incline-bench dumbbell fly that isolates the upper chest through a deep stretch and clean squeeze at the top.,"The dumbbell incline chest fly isolates the upper portion of the chest through a wide arc instead of a press. By keeping the elbows soft and opening the arms out to the sides, the chest is loaded under deep stretch at the bottom and squeezed hard at the top — without the triceps and front shoulders taking over the way they do in a press.

For app builders, this is the textbook accessory after the incline press in any chest program. Ship it in upper-chest hypertrophy blocks, finisher slots in push-day flows, and aesthetic-focused programs that want to bias the harder-to-build upper chest. Its slow, controlled rhythm also makes it a strong visual for coaching content and trainer education on isolation form.",posters/dumbbell-incline-chest-fly.webp,dumbbell-incline-chest-fly.mp4
dumbbell-incline-curl,,Dumbbell Incline Curl,Biceps,,Dumbbell,Isolation,beginner,7.47,dumbbell incline curl; biceps exercise; arm day; dumbbells; biceps peak; upper body,"Builds the long head of the biceps for visible peak development.; Loads the biceps through a deep stretch for hypertrophy stimulus.; Removes momentum cheating through the seated, anchored position.",Arm-day hypertrophy blocks in fitness apps; Pull-day specialty assets for coaching platforms; Aesthetic-focused arm training in online courses; Trainer content explaining biceps long-head training,"1. Set a bench to about a 60 degree incline and sit back with a dumbbell hanging from each hand. ; 2. Let the arms fully extend straight down, palms facing forward, and pull the shoulder blades back into the bench. ; 3. Keep the elbows pinned at your sides and resist letting them swing forward as you start the rep. ; 4. Curl both dumbbells up by bending at the elbow only, squeezing the biceps as the weights rise. ; 5. Stop the curl just shy of the elbows traveling forward, then squeeze hard for a brief pause at the top. ; 6. Lower the dumbbells under control over 2 to 3 seconds back to the fully stretched bottom position.","Letting the elbows drift forward at the top, which removes the long-head stretch the lift is designed for.; Rolling the shoulders forward off the bench, swapping biceps work for front-shoulder strain.; Rushing the lower portion and skipping the stretched bottom where most of the growth comes from.; Going too heavy, which forces a swinging cheat curl and loses the strict isolation.",A seated curl on an incline bench that stretches the biceps long-head before each rep — the cleanest peak-builder.,"The dumbbell incline curl is a biceps curl performed seated on an inclined bench, with the arms hanging back behind the body. That position pre-stretches the long head of the biceps before the rep even starts, which makes it one of the most effective curls for adding the visible peak on top of the upper arm.

For app and content use, this is the specialist curl every serious arm program should ship after the standard standing curl. It belongs in dedicated arm-day blocks, hypertrophy pull-day flows, and aesthetic-focused tracks that want to develop the long head specifically. It's also a great teaching piece for explaining how arm position changes muscle bias inside the same biceps movement.",posters/dumbbell-incline-curl.webp,dumbbell-incline-curl.mp4
dumbbell-incline-front-raise,,Dumbbell Incline Front Raise,Shoulders,,Dumbbell,Isolation,beginner,8.27,dumbbell incline front raise; front delts; shoulder exercise; dumbbells; push day; upper body,Isolates the front shoulders through a fuller range than standing raises.; Removes momentum and torso swing through the chest-supported position.; Builds visible front-delt size for an aesthetic shoulder line.,Shoulder-day hypertrophy blocks in fitness apps; Push-day accessory assets for coaching platforms; Aesthetic-focused front-delt content for trainer Reels; Form-correction modules for users who cheat standing raises,"1. Set a bench to about a 45 degree incline and lie face-down on it with a dumbbell in each hand. ; 2. Let the arms hang straight toward the floor, palms facing each other, with a slight bend in the elbows. ; 3. Brace the core, plant the toes on the floor, and pull the shoulder blades back and down. ; 4. Raise both dumbbells out in front of you in a controlled arc until the arms reach about shoulder height. ; 5. Pause briefly at the top with the front delts engaged and the wrists in line with the forearms. ; 6. Lower the dumbbells under control over 2 to 3 seconds back to the hanging start position.","Lifting the dumbbells too high and letting the traps take over the lift.; Bending and straightening the elbows mid-rep, which sneaks the biceps into the work.; Rushing the lower portion and dropping the dumbbells back to the start, missing most of the muscle tension.; Going too heavy, which forces swinging and removes the isolation the bench is designed to enforce.",A front raise performed face-down on an incline bench — isolates the front shoulders through a fuller range than the standing version.,"The dumbbell incline front raise is a front raise done lying chest-down on an incline bench, with the arms hanging straight toward the floor. The bench takes momentum out of the lift and lets the front shoulders work through a longer range than a standing front raise, which makes it a stronger isolation for the front delt specifically.

For app builders, this is a clean specialty accessory for any shoulder hypertrophy program. Ship it in push-day flows, dedicated shoulder-day blocks, and aesthetic-focused tracks targeting front-delt development. The chest-supported position also makes it a great pick for users who tend to swing standing raises — the bench enforces strict form automatically.",posters/dumbbell-incline-front-raise.webp,dumbbell-incline-front-raise.mp4
dumbbell-incline-hammer-curl,,Dumbbell Incline Hammer Curl,Biceps,,Dumbbell,Isolation,beginner,9.33,dumbbell incline hammer curl; biceps exercise; arm day; dumbbells; neutral grip curl; upper body,"Builds upper-arm thickness through the brachialis under deep stretch.; Develops forearm size and grip strength through the neutral grip.; Removes momentum cheating through the seated, anchored position.",Hypertrophy arm-day blocks in fitness apps; Pull-day specialty assets for coaching platforms; Wrist-friendly curl substitutes in beginner programs; Trainer content on biceps and brachialis training,"1. Set a bench to about a 60 degree incline and sit back with a dumbbell hanging from each hand. ; 2. Let the arms fully extend straight down, palms facing each other, with the shoulder blades pinned to the bench. ; 3. Keep the elbows pinned at your sides and resist any urge to swing them forward as you curl. ; 4. Curl both dumbbells up by bending only at the elbow, palms staying in the neutral hammer position. ; 5. Stop the curl just before the elbows travel forward, squeezing hard for a brief pause at the top. ; 6. Lower the dumbbells under control over 2 to 3 seconds back to the fully stretched start position.","Letting the elbows drift forward at the top, which removes the brachialis stretch the lift is designed for.; Rolling the shoulders forward off the bench, swapping arm work for front-shoulder strain.; Rushing the lower portion and dropping out of the stretched bottom where the growth happens.; Loading too heavy, which forces a swinging cheat rep and ruins the isolation.",A neutral-grip curl done seated on an incline bench — combines the hammer grip with a deep biceps stretch for arm thickness.,"The dumbbell incline hammer curl is a hammer curl performed seated on an inclined bench, with the arms hanging back behind the body. The neutral grip biases the brachialis and forearm, while the inclined position pre-stretches the working muscles before each rep. The result is a curl that builds visible upper-arm thickness from a stretched start.

For app and content use, this is a specialist accessory for hypertrophy-focused arm programs. Ship it in pull-day flows, dedicated arm blocks, and aesthetic tracks that want both peak development and arm thickness from the same library. It's also a wrist-friendly alternative to the standard incline curl, which makes it an easy substitute in beginner-to-intermediate programs.",posters/dumbbell-incline-hammer-curl.webp,dumbbell-incline-hammer-curl.mp4
dumbbell-lateral-lunge,,Dumbbell Lateral Lunge,Quadriceps; Adductors,Glutes; Hamstrings; Calves; Core,Dumbbell,Lunge,beginner,9.33,dumbbell lateral lunge; side lunge; quads; adductors; dumbbell; frontal plane,Trains lower body strength in the frontal plane rather than front to back.; Loads one hip at a time while the other leg stretches through the inner thigh.; Builds the lateral hip stability that single leg movement depends on.,Dumbbell filter entry covering the frontal plane slot in a leg session.; Athletic preparation blocks for change of direction sports.; Multiplanar lunge sequences in coaching content.; Pairing media with forward and reverse lunge clips.,"1. Stand tall with a dumbbell in each hand and a slight bend in your knees. ; 2. Brace your abdominals and set your chest up with your head neutral. ; 3. Step wide to one side and plant that foot with the toes pointing forward. ; 4. Sit down and back into the stepping hip, keeping the other leg straight. ; 5. Stop before the knee travels out past the toes, holding an upright torso. ; 6. Drive through the heel of the stepping leg back to the start, then switch sides.","Letting the knee track out past the toes, which loads the joint instead of the hip.; Bending the trailing leg, which removes the inner thigh stretch that defines the movement.; Leaning the torso over the stepping leg instead of sitting the hips back.; Taking a step too narrow to reach a real hip angle, which turns it into a shallow squat.","A sideways lunge holding a dumbbell in each hand, loading one hip while the other leg stays straight.","The dumbbell lateral lunge trains the frontal plane, the direction most leg exercises never touch. With a dumbbell in each hand you step wide to one side and sit down into that hip, keeping the torso tall and the trailing leg straight. The stepping leg does knee and hip extension to push back to center while the inner thigh of the trailing leg is loaded through a stretch. The lateral subsystem of gluteus medius, tensor fascia latae, adductors and opposite quadratus lumborum is what holds the pelvis level during single leg work like this.

In a library this is the frontal plane lunge that most catalogs are missing, and it pairs naturally with forward and reverse lunge clips. It fits dumbbell filters, athletic prep blocks, and multiplanar training content for coaching platforms.",posters/dumbbell-lateral-lunge.webp,dumbbell-lateral-lunge.mp4
dumbbell-lateral-raise,,Dumbbell Lateral Raise,Shoulders,,Dumbbell,Isolation,beginner,8.53,dumbbell lateral raise; side delts; shoulder exercise; dumbbells; push day; upper body,"Builds side-delt size for shoulder width and the V-taper look.; Develops the capped, rounded shoulder appearance that defines aesthetic physiques.; Improves shoulder stability and control through a strict isolation pattern.",Shoulder-day workout flows in fitness apps; Push-day hypertrophy assets for coaching platforms; Aesthetic-focused shoulder content for trainer Reels; Beginner isolation education modules in online courses,"1. Stand tall with a dumbbell in each hand, arms at your sides, palms facing your thighs. ; 2. Set a slight bend in the elbows and lock that bend in place for the rest of the set. ; 3. Brace the core, pull the shoulders back and down, and resist any urge to swing the torso. ; 4. Raise both dumbbells out to the sides in a wide arc until the arms reach shoulder height. ; 5. Pause briefly at the top with the wrists, elbows, and shoulders all roughly in one straight line. ; 6. Lower the dumbbells under control over 2 to 3 seconds back to the start, fighting tension the whole way.","Swinging the torso to throw the dumbbells up, which lets the traps and momentum take over.; Lifting the dumbbells higher than shoulder height, which shifts work off the side delts onto the traps.; Letting the elbows straighten and bend mid-rep, sneaking the biceps and front delts into the work.; Going too heavy, which collapses form and removes the isolation the lift is designed for.",A standing dumbbell raise out to the sides — the foundational isolation for the side delts and shoulder width.,"The dumbbell lateral raise is the textbook isolation for the side deltoid — the muscle on the side of the shoulder that creates the wide, capped look. Raising the dumbbells out to the sides until the arms reach shoulder height places the load directly on the side delt with minimal help from other muscles.

For app builders, this is non-negotiable inventory in any shoulder library. Ship it in every push-day flow, every shoulder-day block, every hypertrophy program, and any aesthetic-focused track that wants to build the visible V-taper. It's also one of the most-requested exercises in trainer content, which makes it a strong hero clip for shoulder-training Reels and TikToks.",posters/dumbbell-lateral-raise.webp,dumbbell-lateral-raise.mp4
dumbbell-laying-reverse-fly,dumbbell-lying-reverse-fly,Dumbbell Laying Reverse Fly,Shoulders,,Dumbbell,Isolation,beginner,9.87,dumbbell laying reverse fly; rear delts; shoulder exercise; dumbbells; pull day; upper body,Isolates and builds the rear delts for balanced shoulder development.; Removes lower-back strain through the chest-supported position.; Improves posture by strengthening the upper-back muscles that pull shoulders open.,Pull-day rear-delt accessories in fitness apps; Posture-correction content for office-worker programs; Shoulder hypertrophy blocks for coaching platforms; Beginner isolation education in online courses,"1. Set a bench to about a 45 degree incline and lie face-down on it with a dumbbell in each hand. ; 2. Let the arms hang straight toward the floor, palms facing each other, with a slight bend in the elbows. ; 3. Brace the core, plant the toes on the floor, and lock the slight elbow bend for the set. ; 4. Open the arms out to the sides in a wide arc, leading with the elbows toward the ceiling. ; 5. Squeeze the rear delts and the middle of the back together at the top of the lift, pausing briefly. ; 6. Lower the dumbbells under control over 2 to 3 seconds back to the hanging start position.","Bending and straightening the elbows mid-rep, which sneaks the triceps and traps into the lift.; Pulling the dumbbells back like a row, swapping rear-delt isolation for mid-back rowing work.; Shrugging the shoulders up at the top, which trades rear-delt work for trap engagement.; Loading too heavy, which forces swinging form and removes the strict isolation the bench enforces.",A chest-down reverse fly on an incline bench that isolates the rear delts and upper back without lower-back strain.,"The dumbbell laying reverse fly is a reverse fly performed lying chest-down on an inclined bench. That position takes the lower back fully out of the lift and forces the rear delts and mid-back to do all the work as the arms open out to the sides — making it one of the cleanest rear-delt isolations available.

For app and content use, this is the rear-delt exercise to ship for users who get cranky lower backs from bent-over rear flies. It belongs in pull-day flows, posture-correction blocks, postural training for office-worker programs, and any hypertrophy track building a balanced shoulder. It's also a clean teaching piece because the bench enforces strict form automatically.",posters/dumbbell-laying-reverse-fly.webp,dumbbell-laying-reverse-fly.mp4
dumbbell-leg-curl,,Dumbbell Leg Curl,Hamstrings,,Dumbbell,Isolation,beginner,9.87,dumbbell leg curl; hamstring exercise; leg day; dumbbells; home workout; lower body,Builds hamstring size through direct knee-flexion isolation.; Balances out quad-dominant leg training with targeted hamstring work.; Trains the hamstrings without needing a leg curl machine.,Home-gym leg-day flows in fitness apps; Hamstring accessory assets for coaching platforms; Minimal-equipment program tracks for travel users; Beginner hamstring education modules in online courses,"1. Lie face-down on a bench or the floor with the legs straight and a dumbbell ready at the feet. ; 2. Have a partner place a dumbbell vertically between your feet, or set it carefully on your own. ; 3. Squeeze the feet together hard around the dumbbell to lock it in place for the full set. ; 4. Curl both heels up toward your glutes by bending only at the knees, keeping the hips pressed down. ; 5. Squeeze the hamstrings hard at the top with the lower legs near vertical, pausing briefly. ; 6. Lower the dumbbell under control over 2 to 3 seconds back to a fully straight-leg position.","Lifting the hips off the bench to use momentum instead of curling cleanly with the hamstrings.; Letting the dumbbell slip between the feet by relaxing the squeeze mid-rep.; Rushing the lower portion and dropping the weight back to the start, missing most of the muscle tension.; Loading too heavy, which forces broken form and risks dropping the dumbbell on the floor.",A prone leg curl performed by squeezing a dumbbell between the feet — the hamstring isolation that needs no machine.,"The dumbbell leg curl is a prone hamstring curl performed by lying face-down and squeezing a single dumbbell between the feet, then curling the heels toward the glutes. It directly trains the hamstrings through knee flexion — the same pattern as a machine leg curl — without requiring any specialized equipment.

For app builders, this is the hamstring isolation to ship for home-gym programs and any track designed around minimal equipment. It belongs in leg-day flows, glute-and-hamstring blocks, and any beginner program that wants to balance out the quad-dominant work. It's also a useful substitute clip for coaches who want to write hamstring isolation into a program without assuming the user has access to a leg curl machine.",posters/dumbbell-leg-curl.webp,dumbbell-leg-curl.mp4
dumbbell-overhead-squat,,Dumbbell Overhead Squat,Quadriceps; Glutes,Shoulders; Core; Hamstrings; Trapezius,Dumbbell,Squat,advanced,8.27,dumbbell overhead squat; overhead squat; quads; shoulder stability; dumbbell; squat,"Trains squat mechanics and overhead shoulder stability in one movement.; Exposes limits in shoulder, hip and ankle range that heavier squats hide.; Two independent dumbbells reveal left to right differences a bar can mask.",Overhead stability screen in a dumbbell-equipped training app.; Advanced tier of the squat progression in a program builder.; Movement assessment and mobility screening content.; Overhead athlete and functional fitness program blocks.,"1. Press a dumbbell overhead in each hand and lock the elbows straight. ; 2. Set your feet at about shoulder width with the toes turned out slightly. ; 3. Stack the dumbbells over your midfoot and brace your abdominals. ; 4. Push your hips back and bend your knees, keeping the weights overhead. ; 5. Lower until your thighs reach parallel with the floor without the chest dropping. ; 6. Drive through your whole foot to stand tall and repeat.","Letting the dumbbells drift forward, which pulls the torso down and stalls the squat.; Flaring the ribs to reach the overhead position, which extends the lower back under load.; Bending the elbows during the descent, which loses the lockout the lift depends on.; Loading it before shoulder range allows, which forces every other compensation on the list.","A full squat performed with dumbbells locked out overhead, demanding shoulder stability throughout.","The dumbbell overhead squat holds the load at the highest and least stable point available. You press the dumbbells overhead, lock the elbows, and squat while the weights stay stacked over the midfoot. Keeping them there forces an upright torso and shifts demand onto the quadriceps, with the glutes driving hip extension out of the bottom. The shoulders, upper back and abdominals work isometrically throughout, and an overhead loaded squat needs enough shoulder external rotation to hold the lockout before it is safe to load.

For a library this is a stability and mobility screen as much as a strength exercise, which is how coaching platforms tend to use it. It fits dumbbell filters, advanced difficulty tiers, and movement assessment or overhead athlete content.",posters/dumbbell-overhead-squat.webp,dumbbell-overhead-squat.mp4
dumbbell-preacher-curl,,Dumbbell Preacher Curl,Biceps,,Dumbbell,Isolation,beginner,6.67,dumbbell preacher curl; biceps exercise; arm day; dumbbells; biceps isolation; upper body,"Builds the lower portion of the biceps through strict elbow isolation.; Removes momentum and shoulder swing from the curl entirely.; Trains each arm independently, fixing left-right strength imbalances.",Arm-day hypertrophy blocks in fitness apps; Pull-day finisher assets for coaching platforms; Aesthetic-focused arm content in online courses; Beginner strict-form education for trainer Reels,"1. Set up at a preacher bench with a single dumbbell ready and the seat adjusted so the armpit sits at the top of the pad. ; 2. Sit down and press the back of the upper arm flat against the angled pad, gripping the dumbbell with the palm up. ; 3. Let the arm extend almost fully at the bottom but stop just shy of full lockout to keep tension on the biceps. ; 4. Curl the dumbbell up by bending only at the elbow, keeping the upper arm glued to the pad. ; 5. Squeeze the biceps hard at the top with the dumbbell near shoulder height, pausing briefly. ; 6. Lower the dumbbell under control over 2 to 3 seconds back to the near-extended start position.","Lifting the upper arm off the pad mid-rep, which kills the strict isolation the bench enforces.; Locking the elbow fully at the bottom under load, which strains the joint and removes muscle tension.; Dropping the dumbbell back down quickly, missing the lower-biceps stretch where most of the growth lives.; Loading too heavy, which forces the pad-arm to lift and turns the curl into a swinging cheat rep.",A single-arm curl with the upper arm fixed against a preacher pad — the strict isolation that builds the lower biceps.,"The dumbbell preacher curl is a single-arm biceps curl performed with the upper arm pressed flat against an angled preacher pad. The pad takes momentum and shoulder swing fully out of the lift, which makes it one of the strictest biceps isolations available — and it specifically biases the lower portion of the biceps near the elbow.

For app and content use, this is a hypertrophy specialist for any serious arm program. Ship it in dedicated arm-day blocks, pull-day finisher slots, and aesthetic-focused tracks that want a complete biceps curriculum. It's also a clean teaching piece for beginners learning what strict elbow isolation should feel like, since the pad does most of the form-enforcing work for the user.",posters/dumbbell-preacher-curl.webp,dumbbell-preacher-curl.mp4
dumbbell-push-press,,Dumbbell Push Press,Shoulders,Triceps; Quadriceps; Core,Dumbbell,Push,intermediate,9.6,push press; dumbbell; shoulders; overhead press; leg drive; power,"Allows heavier overhead loading than a strict press by adding leg drive.; Trains the transfer of force from the lower body through a braced trunk to the arms.; Loads each side independently, so side to side differences cannot hide.",Power and conditioning blocks in app workout builders.; Overhead volume for lifters whose shoulders tolerate a neutral grip better than a straight bar.; Technique comparison media contrasting strict press and push press.; Full body circuit templates that need one loaded overhead movement.,"1. Stand with feet hip-width apart and bring a dumbbell to each shoulder with the palms facing in. ; 2. Brace your abdominals and glutes and keep the torso vertical. ; 3. Dip a few inches by bending the knees while keeping the chest tall and the elbows up. ; 4. Reverse the dip explosively by extending the ankles, knees and hips. ; 5. Let the leg drive carry the dumbbells up, then finish the lockout with the shoulders and triceps. ; 6. Lower the dumbbells back to the shoulders and absorb the load with soft knees.","Dipping too deep, which turns the movement into a squat and kills the elastic drive.; Leaning the torso forward in the dip, which sends the dumbbells out in front of the shoulders.; Starting the press with the arms before the legs finish, which wastes the leg drive entirely.; Catching the dumbbells on locked legs, which sends the impact straight into the knees and spine.","An overhead dumbbell press driven by a short leg dip, letting the shoulders finish a load they could not strict press.","The dumbbell push press starts with the weights racked at the shoulders and adds a short, sharp dip and drive from the legs. That leg extension accelerates the dumbbells past the hardest part of the press, after which the deltoids and triceps finish the lockout overhead. Because each arm is loaded independently, the trunk has to resist side to side movement as well as the extension the overhead load creates. The dip is shallow and vertical; turning it into a squat removes the elastic drive the movement depends on.

For an asset library this is a power-biased pressing clip that pairs with the strict press to show the difference leg drive makes. It fits conditioning and power blocks in app programs, dumbbell equipment collections, and technique comparison media.",posters/dumbbell-push-press.webp,dumbbell-push-press.mp4
dumbbell-rear-delt-fly,,Dumbbell Rear Delt Fly,Shoulders,,Dumbbell,Isolation,beginner,4.53,dumbbell rear delt fly; rear delts; shoulder exercise; dumbbells; pull day; upper body,Builds the rear delts for balanced shoulder development.; Strengthens the muscles between the shoulder blades for better posture.; Counters the forward-shoulder pull from heavy pressing volume.,Pull-day rear-delt accessories in fitness apps; Postural training assets for coaching platforms; Shoulder hypertrophy blocks in online programs; Posture-correction content for office-worker tracks,"1. Stand tall with a dumbbell in each hand, then hinge at the hips until the torso is nearly parallel to the floor. ; 2. Let the arms hang straight down beneath the shoulders, palms facing each other, with a slight bend in the elbows. ; 3. Brace the core, set a flat back, and lock the slight elbow bend in place for the rest of the set. ; 4. Open the arms out to the sides in a wide arc, leading with the elbows toward the ceiling. ; 5. Squeeze the rear delts and the middle of the back together at the top of the lift, pausing briefly. ; 6. Lower the dumbbells under control over 2 to 3 seconds back to the hanging start position.","Standing too upright, which turns the lift into a half lateral raise and misses the rear delts.; Pulling the dumbbells back like a row, swapping rear-delt isolation for mid-back rowing work.; Shrugging the shoulders at the top, which trades rear-delt work for trap engagement.; Rounding the lower back at the hinge, which loads the spine instead of the working muscles.",A bent-over reverse fly with dumbbells — the classic rear-delt and upper-back isolation in any shoulder program.,"The dumbbell rear delt fly is the standing bent-over version of the reverse fly. Hinging at the hips and opening the arms wide loads the rear delts and the muscles between the shoulder blades, building the back-of-shoulder mass that balances out the front-delt work everyone already gets from pressing.

For app builders, this is a foundational rear-delt exercise that belongs in any complete shoulder library. Ship it in pull-day flows, postural training tracks, and hypertrophy programs that want symmetric shoulder development front-to-back. It's also a strong educational piece for trainer content explaining why most lifters' rear delts lag behind — and how to fix that with a single dumbbell exercise.",posters/dumbbell-rear-delt-fly.webp,dumbbell-rear-delt-fly.mp4
dumbbell-row-bilateral,,Dumbbell Row Bilateral,Trapezius; Back,Biceps,Dumbbell,Pull,beginner,4.8,dumbbell row bilateral; back exercise; pull day; dumbbells; bent over row; upper body,Builds back thickness through the lats and mid-back together.; Develops biceps strength alongside the rowing pattern.; Reinforces hinge bracing and core stability under load.,Pull-day workout flows in strength training apps; Back hypertrophy assets for coaching platforms; Full-body strength programming in beginner tracks; Hinge-and-row teaching modules in online courses,"1. Stand with a dumbbell in each hand, feet hip-width apart, and a slight bend in the knees. ; 2. Hinge at the hips until the torso is at about a 45 degree angle, keeping the back flat and the chest proud. ; 3. Let both dumbbells hang straight down beneath the shoulders, palms facing each other. ; 4. Pull both dumbbells up to the ribs at the same time, driving the elbows back toward the ceiling. ; 5. Squeeze the shoulder blades together at the top with the dumbbells touching the lower-rib line. ; 6. Lower both dumbbells under control over 2 to 3 seconds back to the fully extended hanging position.","Standing too upright, which turns the row into a high pull and removes the lat engagement.; Rounding the lower back at the hinge, which loads the spine instead of the working muscles.; Yanking the dumbbells up with momentum instead of pulling cleanly with the back.; Letting the elbows flare wide, which shifts work off the lats onto the rear delts only.","A bent-over two-dumbbell row that hammers the lats, mid-back, and biceps — the workhorse back-thickness builder.","The bilateral dumbbell row is a bent-over horizontal pull performed with a dumbbell in each hand. Pulling both weights to the ribs at the same time loads the lats, the mid-back, and the biceps, while the hinged position forces the lower back and core to brace hard for stability under load.

For app and content use, this is a workhorse pull-day exercise that belongs in every back library. Ship it in pull-day flows, full-body strength programs, and hypertrophy blocks that want symmetric back development. It's also a strong teaching clip for the bent-over row pattern in beginner programs — easier to learn than the barbell version because dumbbells let each side find its own range.",posters/dumbbell-row-bilateral.webp,dumbbell-row-bilateral.mp4
dumbbell-row-unilateral,,Dumbbell Row Unilateral,Trapezius; Back,Biceps,Dumbbell,Pull,beginner,6.4,dumbbell row unilateral; single arm row; back exercise; pull day; dumbbells; upper body,Builds back thickness through the lats and mid-back on each side independently.; Develops biceps strength alongside the rowing pattern.; Fixes left-right back imbalances and improves shoulder control.,Pull-day workout flows in strength training apps; Back hypertrophy assets for coaching platforms; Beginner pull pattern education in online courses; Hero rowing clips for back-training Reels and TikToks,"1. Place one knee and one hand on a flat bench, with the free foot planted out to the side for balance. ; 2. Set the back flat and parallel to the floor, with the hips and shoulders square to the bench. ; 3. Hold a dumbbell in the free hand with the arm hanging straight down and the palm facing the bench. ; 4. Pull the dumbbell up to the ribs by driving the elbow back toward the ceiling, keeping the elbow tucked. ; 5. Squeeze the shoulder blade in toward the spine at the top, with the dumbbell at the lower-rib line. ; 6. Lower the dumbbell under control over 2 to 3 seconds back to the fully extended hanging position.","Twisting the torso to throw the dumbbell up, which uses momentum instead of back muscle.; Letting the elbow flare wide away from the ribs, shifting work off the lats onto the rear delts only.; Cutting the bottom of the rep short, missing the lat stretch that drives back-thickness growth.; Letting the working shoulder roll forward at the bottom, risking front-shoulder strain under load.","A bench-supported single-arm dumbbell row — the classic back-thickness builder for the lats, mid-back, and biceps.","The unilateral dumbbell row is the textbook one-arm row performed with one knee and one hand braced on a bench. Removing the lower back from the equation lets the working side pull through a longer, cleaner range of motion than a bilateral row, which makes it one of the best lat- and mid-back builders available.

For app builders, this is non-negotiable inventory in any back library. Ship it in every pull-day flow, every back hypertrophy block, and any program that wants to fix left-right back imbalances. It's also one of the most-recognized rowing variations in fitness content, which makes it a strong hero clip for back-training Reels and beginner pull pattern education.",posters/dumbbell-row-unilateral.webp,dumbbell-row-unilateral.mp4
dumbbell-russian-twist,,Dumbbell Russian Twist,Core,,Dumbbell,Rotation,intermediate,9.87,dumbbell russian twist; oblique exercise; core exercise; dumbbells; rotational core; abs,Builds visible oblique definition through resisted rotation.; Develops rotational core strength for sport and daily movement.; Improves trunk stability and bracing under load.,Core-day workout flows in fitness apps; Sport-specific rotation training for coaching platforms; Hypertrophy core blocks in online programs; Beginner-to-loaded core progression modules,"1. Sit on the floor with the knees bent and hold a single dumbbell with both hands at the chest. ; 2. Lean the torso back to about a 45 degree angle and lift both feet a few inches off the floor. ; 3. Brace the core hard and stack the ribs over the hips, with the chest lifted and the back flat. ; 4. Rotate the dumbbell across the body to one side until it taps the floor next to your hip. ; 5. Pause briefly at the side with the obliques engaged, then rotate to the other side under control. ; 6. Continue alternating side to side for the full set, keeping the feet lifted and the core braced.","Rounding the lower back as you twist, which loads the spine instead of the obliques.; Moving only the arms side to side without rotating through the torso, missing the oblique work.; Putting the feet down between reps, which removes most of the core stability demand.; Loading too heavy, which forces a swinging cheat rep and loses the controlled rotation.",A seated rotational core exercise with a dumbbell — trains the obliques and abs through controlled twisting under load.,"The dumbbell Russian twist is a seated rotational core exercise performed by leaning back, lifting the feet off the floor, and rotating a single dumbbell side to side across the body. It directly trains the obliques and abs through resisted rotation, building the rotational strength that sport and daily life both demand.

For app and content use, this is the loaded core exercise to ship in any rotation-focused block. It belongs in core-day flows, sport-specific programs for golfers, fighters, and tennis players, and any hypertrophy program that wants visible oblique development. Use the bodyweight version as the regression for beginners and the dumbbell version as the natural progression in the same program.",posters/dumbbell-russian-twist.webp,dumbbell-russian-twist.mp4
dumbbell-seated-overhead-press,,Dumbbell Seated Overhead Press,Shoulders,Triceps,Dumbbell,Push,beginner,9.6,dumbbell seated overhead press; shoulder exercise; push day; dumbbells; vertical press; upper body,Builds front and side-shoulder size with triceps support.; Trains the vertical push pattern without lower-back load.; Improves overhead pressing strength for sport and lifting.,Push-day workout flows in strength training apps; Beginner shoulder tracks for coaching platforms; Hypertrophy program assets for upper-body splits; Home and small-gym programming for fitness apps,"1. Sit on a bench with back support and a dumbbell in each hand resting on top of your thighs. ; 2. Kick the dumbbells up to shoulder height with palms facing forward and elbows bent at about 90 degrees. ; 3. Brace your core, plant your feet, and press your back firmly against the bench pad. ; 4. Press both dumbbells up and slightly inward until your arms reach near-lockout with the bells nearly touching. ; 5. Lower the dumbbells under control to the starting position with elbows tracking down beside your ribs. ; 6. Pause briefly at the bottom, reset your breath, and repeat for the prescribed number of reps.","Arching the lower back off the bench to push more weight, which loads the spine instead of the shoulders.; Flaring the elbows straight out to the sides, which strains the front shoulders and shortens the press.; Cutting the range short by stopping well below lockout, missing the top portion of the lift.; Banging the dumbbells together at the top, which jolts the wrists and wastes pressing tension.",A seated dumbbell press that trains the front and side shoulders with triceps support — the seated answer to a standing overhead press.,"The dumbbell seated overhead press is the most app-friendly version of the vertical push pattern. Sitting on a bench with back support takes the lower back out of the equation, so users can focus on pressing two dumbbells overhead and loading the front and side shoulders with the triceps assisting through the lockout.

For app builders, this is the shoulder press most beginners and intermediate lifters will actually do at home or in a hotel gym. Drop it into your push-day flows and beginner shoulder tracks where a barbell press would over-shoot the user's setup. It also pairs cleanly with side raises and rear delt flys in any shoulder-focused day.",posters/dumbbell-seated-overhead-press.webp,dumbbell-seated-overhead-press.mp4
dumbbell-seated-overhead-tricep-extension,,Dumbbell Seated Overhead Tricep Extension,Triceps,,Dumbbell,Isolation,intermediate,9.87,dumbbell overhead tricep extension; triceps exercise; arm day; dumbbells; isolation; upper body,Targets the long head of the triceps under deep stretch.; Builds upper-arm size and pressing lockout strength.; Trains controlled elbow extension with isolated load.,Arm-day workout flows in strength and hypertrophy apps; Triceps accessory blocks for coaching platforms; Upper-body program assets for online course modules; Bodybuilding-style training tracks in fitness apps,"1. Sit on a bench with back support and hold one dumbbell vertically with both hands cupping the top plate. ; 2. Press the dumbbell straight overhead with arms fully extended and elbows close to your ears. ; 3. Brace your core and keep your back flat against the bench throughout the set. ; 4. Lower the dumbbell slowly behind your head by bending only at the elbows until you feel a deep triceps stretch. ; 5. Pause briefly in the stretched position, keeping the upper arms still and pointing straight up. ; 6. Extend the elbows to drive the dumbbell back overhead, squeezing the triceps hard at the top.","Letting the elbows flare wide, which shifts load off the triceps and into the shoulder joint.; Moving the upper arms forward and back instead of keeping them locked vertical, turning the lift into a press.; Cutting the bottom range short and missing the deep stretch where most growth happens.; Going too heavy and dropping the dumbbell down hard, which puts the elbows and back of the head at risk.",An overhead extension that puts the long head of the triceps on full stretch — the go-to seated arm-day isolation lift.,"The dumbbell seated overhead tricep extension trains the triceps from a fully lengthened position. Holding one dumbbell overhead with both hands and lowering it behind the head puts the long head of the triceps on stretch, which is the position with the highest hypertrophy potential for the muscle.

This clip slots into any arm-day block in a fitness app, hypertrophy program, or coaching track. It's especially useful in app builds aimed at intermediate lifters chasing arm size — a category that always wants more triceps content beyond pushdowns. Pair it in your library with skullcrushers and kickbacks for a complete triceps assortment.",posters/dumbbell-seated-overhead-tricep-extension.webp,dumbbell-seated-overhead-tricep-extension.mp4
dumbbell-seated-rear-delt-fly,,Dumbbell Seated Rear Delt Fly,Shoulders,,Dumbbell,Isolation,beginner,9.87,dumbbell rear delt fly; rear shoulders; shoulder exercise; dumbbells; isolation; upper body,Builds the rear shoulders for visible 3D shoulder shape.; Balances out heavy pressing volume in any push program.; Improves posture by strengthening the upper-back stabilizers.,Shoulder-day accessory blocks in fitness apps; Postural-correction content for office-worker programs; Pull-day programming for hypertrophy tracks; Beginner upper-back education in coaching platforms,"1. Sit on the edge of a bench with a dumbbell in each hand and your feet planted shoulder-width apart. ; 2. Hinge forward from the hips until your chest is close to your thighs and your arms hang straight down. ; 3. Keep a small bend in the elbows and palms facing each other, with the dumbbells underneath your shoulders. ; 4. Raise both dumbbells out to the sides in a wide arc until your upper arms are parallel to the floor. ; 5. Squeeze your shoulder blades together at the top and feel the rear shoulders working. ; 6. Lower the dumbbells under control along the same arc and reset before the next rep.","Using too much weight and swinging the torso, which turns the lift into a row instead of a fly.; Bending the elbows and pulling instead of keeping a fixed angle and lifting from the rear shoulders.; Shrugging the shoulders up at the top, which transfers the work to the upper traps.; Sitting upright instead of hinging forward, which lets gravity bypass the rear shoulders entirely.",A bent-over seated fly that trains the rear shoulders and upper-back detail — the fix for the most under-trained area in lifting.,"The dumbbell seated rear delt fly trains one of the most neglected muscle groups in lifting — the back of the shoulders. Sitting on the edge of a bench and bending forward isolates the rear shoulders by removing momentum and lower-back drive, leaving a clean fly motion that builds the rear-delt detail that balances out heavy pressing work.

For app and program builders, this is a must-include in any postural-correction track and a steady accessory in shoulder or pull-day flows. It's the small, repeatable lift that coaches prescribe to desk workers and lifters with overdeveloped front shoulders, so it earns a spot in the library next to face pulls and band pull-aparts.",posters/dumbbell-seated-rear-delt-fly.webp,dumbbell-seated-rear-delt-fly.mp4
dumbbell-seated-shrug,,Dumbbell Seated Shrug,Trapezius,,Dumbbell,Isolation,beginner,9.07,dumbbell seated shrug; traps exercise; pull day; dumbbells; isolation; upper body,Builds upper-trap size and thickness in isolation.; Removes lower-body cheat momentum from the shrug pattern.; Improves shoulder stability for heavier overhead and pulling lifts.,Pull-day accessory blocks in strength training apps; Trap and neck-strength assets for athletic programs; Beginner upper-back education for coaching platforms; Bodybuilding-style hypertrophy tracks in fitness apps,"1. Sit upright on a flat bench with a dumbbell in each hand and your feet planted on the floor. ; 2. Let your arms hang straight down beside your hips with palms facing your thighs. ; 3. Brace your core and sit tall with your chest up and chin neutral. ; 4. Shrug your shoulders straight up toward your ears, lifting the dumbbells without bending the elbows. ; 5. Squeeze the traps hard at the top of the shrug for a one-second pause. ; 6. Lower the dumbbells back down slowly and feel the traps stretch before the next rep.","Rolling the shoulders forward or backward instead of shrugging straight up, which can irritate the shoulder joint.; Bending the elbows during the lift, turning the shrug into a partial upright row.; Cutting the top short and skipping the squeeze, where most of the trap contraction happens.; Using too much weight and barely moving the dumbbells, which reduces the lift to a hold.",A seated shrug variation that isolates the upper traps without leg drive — clean trap volume for any pull or shoulder day.,"The dumbbell seated shrug isolates the upper traps by removing leg drive and torso lean from the lift. Sitting upright on a bench with a dumbbell in each hand, the only working motion is the shoulders rising straight up toward the ears, which forces the traps to do all the work without any cheat momentum.

This clip is a steady accessory option for any pull-day or shoulder-day block in a fitness app or coaching program. It's also a good teaching tool for beginners learning to feel the upper traps in isolation before they progress to heavier standing or barbell shrugs. Drop it in next to face pulls and rear delt flys for a complete upper-back accessory set.",posters/dumbbell-seated-shrug.webp,dumbbell-seated-shrug.mp4
dumbbell-shrug,,Dumbbell Shrug,Trapezius,,Dumbbell,Isolation,beginner,5.87,dumbbell shrug; traps exercise; pull day; dumbbells; isolation; upper body,Builds upper-trap thickness and shoulder-girdle strength.; Improves carrying and pulling capacity under heavy load.; Adds visible upper-back size for any physique program.,Pull-day workout flows in strength training apps; Trap and neck assets for athletic prep programs; Hypertrophy program assets for upper-body splits; Coach and trainer Reels for back and trap content,"1. Stand tall with a dumbbell in each hand at your sides and your feet shoulder-width apart. ; 2. Let your arms hang straight down with palms facing your thighs and core braced. ; 3. Keep your chest up, chin neutral, and shoulders relaxed in the starting position. ; 4. Shrug your shoulders straight up toward your ears as high as they will go without bending the elbows. ; 5. Pause and squeeze the traps hard at the top of the shrug for one full second. ; 6. Lower the dumbbells back down under control and feel the stretch before the next rep.","Rolling the shoulders forward or backward, which adds joint strain without making the lift more effective.; Bending the elbows during the lift, which turns the shrug into a partial pull and reduces trap work.; Bouncing into the bottom of each rep, losing tension and bypassing the trap stretch.; Going too heavy and barely moving the dumbbells, which leaves the traps under-stimulated.",The standing shrug with two dumbbells — the most accessible trap exercise in any program and a staple of pull-day work.,"The dumbbell shrug is the simplest, most effective way to load the upper traps. Standing tall with a dumbbell in each hand and shrugging the shoulders straight up loads the traps through their full range of motion, with no setup, no rack, and no bar to balance.

For fitness app builders, this is the trap exercise most users will actually program — it doesn't need a barbell, a trap bar, or a cable stack. Ship it in your pull-day flows, your upper-body splits, and any beginner-to-intermediate hypertrophy track. It's also a clean clip for shoulder-day finishers and athletic prep programs that need neck and trap strength.",posters/dumbbell-shrug.webp,dumbbell-shrug.mp4
dumbbell-side-bend,,Dumbbell Side Bend,Core,,Dumbbell,Core,beginner,9.87,dumbbell side bend; obliques exercise; core workout; dumbbells; isolation; ab exercise,Builds oblique strength and side-trunk stability.; Trains lateral spinal flexion against external load.; Adds visible side-core definition over time.,Ab and core blocks in general-population fitness apps; Beginner core education in coaching platforms; Hypertrophy-style oblique assets for online courses; Home and travel core workouts in fitness apps,"1. Stand tall with a dumbbell in your right hand and your left hand placed lightly on your hip. ; 2. Set your feet shoulder-width apart with knees soft and core lightly braced. ; 3. Keep your chest up and gaze forward through the entire set. ; 4. Bend slowly to the right side, lowering the dumbbell along your thigh until you feel a stretch in the left obliques. ; 5. Pause briefly at the bottom of the bend without rotating the torso forward or back. ; 6. Pull yourself back up to a fully upright position by squeezing the left obliques, then repeat for reps before switching sides.","Bending forward instead of straight to the side, which loads the lower back instead of the obliques.; Using too heavy a dumbbell and using momentum, which kills the contraction and risks lower-back strain.; Holding a dumbbell in both hands at once, which cancels out the side load and removes the training effect.; Rushing through reps and skipping the squeeze at the top, where the obliques shorten the most.","A standing side bend with one dumbbell that trains the obliques against gravity — a simple, focused side-trunk lift.","The dumbbell side bend trains the obliques by loading one side of the body and bending sideways against gravity. Holding a dumbbell in one hand and tipping the torso to that side stretches the opposite obliques, then those same obliques pull the body back upright — a clean side-flexion movement that's easy to teach and easy to load.

This is a useful inclusion in any core block, ab program, or beginner strength track in a fitness app. It's also a popular pick for general-population users who want a focused oblique exercise without doing high-skill anti-rotation work. Pair it with planks and crunch variants for a balanced ab assortment.",posters/dumbbell-side-bend.webp,dumbbell-side-bend.mp4
dumbbell-single-arm-chest-press,,Dumbbell Single Arm Chest Press,Chest,Triceps,Dumbbell,Push,beginner,5.07,dumbbell single arm chest press; chest exercise; push day; dumbbells; unilateral; upper body,Builds chest and triceps strength one side at a time.; Trains core anti-rotation through real pressing load.; Fixes side-to-side imbalances in horizontal pressing.,Push-day workout flows in fitness apps; Athletic prep programs in coaching platforms; Unilateral training tracks for performance content; Beginner-to-intermediate chest education modules,"1. Lie flat on a bench with one dumbbell held over your chest and the other arm braced on the bench. ; 2. Plant your feet firmly on the floor and pull your shoulder blades back and down into the bench. ; 3. Start with the working arm extended over your shoulder with the palm facing your feet. ; 4. Lower the dumbbell slowly to the side of your chest with the elbow tracked at about 60 to 75 degrees. ; 5. Pause briefly when the dumbbell touches the side of the chest, fighting any rotation in your torso. ; 6. Press the dumbbell back up to full extension, squeeze the chest, and repeat for reps before switching arms.","Letting the torso twist toward the working side, which turns the press into a rotational lift.; Flaring the elbow out to 90 degrees, which strains the front shoulder and shortens the press.; Using too much weight and bouncing the dumbbell off the chest instead of pausing or controlling the touch.; Lifting the off-side hip or shoulder off the bench for leverage, which destabilizes the lift.",A one-arm dumbbell bench press that trains the chest with built-in core anti-rotation — push-day work that doubles as core training.,"The dumbbell single arm chest press is a horizontal press loaded on only one side of the body. With one dumbbell pressing up over the chest, the unloaded side has to brace hard to keep the torso flat on the bench, which turns the lift into both a chest press and an anti-rotation core exercise at the same time.

For fitness app and coaching platform builders, this is a smart inclusion in any push-day flow that needs unilateral work. It also fits well into athletic prep programs where rotational stability matters, and into beginner-to-intermediate hypertrophy tracks where a one-side-at-a-time chest exercise helps fix muscular imbalances.",posters/dumbbell-single-arm-chest-press.webp,dumbbell-single-arm-chest-press.mp4
dumbbell-single-arm-clean-and-press,,Dumbbell Single Arm Clean And Press,Core; Glutes; Shoulders,,Dumbbell,Push,advanced,9.6,dumbbell clean and press; full body exercise; conditioning; dumbbells; compound lift; athletic,"Builds full-body explosive power from floor to overhead.; Trains the legs, back, and shoulders in one lift.; Doubles as strength and conditioning when done for reps.",HIIT and metcon workout flows in fitness apps; Athletic prep programs for sport-specific tracks; Conditioning assets for performance coaching platforms; Hero clips for short-form conditioning content,"1. Stand with a dumbbell on the floor between your feet and squat down to grip it with one hand. ; 2. Set a flat back, brace your core, and look straight ahead with the dumbbell hanging between your knees. ; 3. Drive through your heels and explode upward, pulling the dumbbell straight up close to your body. ; 4. Catch the dumbbell at shoulder height with the elbow tucked under and your knees softly bent. ; 5. Stand fully tall, then press the dumbbell straight overhead until your arm reaches full lockout. ; 6. Lower the dumbbell back to your shoulder, then to the floor under control before the next rep.","Rounding the lower back during the pull from the floor, which puts the spine at high risk under load.; Curling the dumbbell to the shoulder with the arm instead of using the hips to drive it up.; Pressing overhead before standing fully tall, turning the lift into an unstable push press.; Dropping the dumbbell back down without control, which can injure the shoulder or wrist.","A two-stage explosive lift — clean a dumbbell from the floor to the shoulder, then press it overhead. Conditioning meets full-body strength.","The dumbbell single arm clean and press is a full-body lift that links a hip-driven pull from the floor with an overhead press. The clean explodes the dumbbell up to the shoulder using the lower back, glutes, and front shoulders, then a strict press finishes the rep overhead. Done for reps it doubles as a conditioning piece, done heavy for low reps it's a strength lift.

For app builders, this is a high-value clip for HIIT, kettlebell-style metcon, and athletic prep programs where one tool covers strength and conditioning at once. It's also a good fit for any sport-specific track that wants explosive triple-extension training without barbell setups, and as a hero clip for fitness creators making short-form conditioning content.",posters/dumbbell-single-arm-clean-and-press.webp,dumbbell-single-arm-clean-and-press.mp4
dumbbell-single-arm-row,,Dumbbell Single Arm Row,Back,Biceps,Dumbbell,Pull,beginner,4.27,dumbbell single arm row; back exercise; pull day; dumbbells; lats; upper body,Builds the lats and biceps one side at a time.; Trains a long-range row with bench-supported safety.; Fixes side-to-side imbalances in horizontal pulling.,Pull-day workout flows in strength training apps; Beginner back education modules in coaching platforms; Hypertrophy program assets for upper-body splits; Home and small-gym programming for fitness apps,"1. Place one knee and the same-side hand on a flat bench with your back parallel to the floor. ; 2. Hold a dumbbell in the opposite hand with your arm hanging straight down beneath your shoulder. ; 3. Set a flat back, brace your core, and keep your hips square to the bench. ; 4. Pull the dumbbell up to the side of your ribs by driving your elbow back along your body. ; 5. Squeeze your shoulder blade in toward your spine at the top of the row and pause briefly. ; 6. Lower the dumbbell slowly until your arm is fully extended again, then repeat for reps before switching sides.","Rotating the torso to throw the dumbbell up, which turns the row into a swing and offloads the back.; Pulling with the arm only and letting the elbow flare wide, which trades lat work for rear-shoulder work.; Rounding the lower back instead of bracing flat, which puts the spine at risk under load.; Cutting the bottom range short and skipping the lat stretch, where most of the growth stimulus happens.",The classic one-arm bench-supported row that trains the lats and biceps with side-by-side loading — a pull-day staple in any gym.,"The dumbbell single arm row is the most-programmed unilateral back lift in strength training. Bracing one hand and one knee on a bench and rowing a dumbbell from full hang up to the ribs trains the lats and biceps through a long range of motion, with the bench support keeping the lower back safe and the working side fully isolated.

For any fitness app or coaching platform, this row earns a permanent slot in the pull-day library. It works in beginner programs because the bench setup makes it stable, and it works in advanced hypertrophy blocks because it allows heavy loading one side at a time. It's also a clean teaching piece for the row pattern before users move to barbell rows.",posters/dumbbell-single-arm-row.webp,dumbbell-single-arm-row.mp4
dumbbell-single-leg-calf-raise,,Dumbbell Single Leg Calf Raise,Calves,,Dumbbell,Isolation,beginner,4.27,dumbbell single leg calf raise; calves exercise; leg day; dumbbells; isolation; lower body,Builds each calf independently for balanced size and strength.; Trains ankle stability and lower-leg control under load.; Improves jumping and sprinting drive over time.,Leg-day accessory blocks in fitness apps; Home and travel lower-body programming; Athletic prep tracks for sport-specific apps; Rehab-adjacent ankle and calf content for coaching platforms,"1. Stand on one foot on the edge of a step with your heel hanging off and a dumbbell in the same-side hand. ; 2. Place your other hand on a wall or rail for balance and keep your standing leg slightly bent. ; 3. Lift the non-working foot off the step and tuck it behind your standing leg. ; 4. Lower your heel slowly toward the floor until you feel a deep stretch in the calf. ; 5. Drive up onto the ball of your foot as high as you can go, squeezing the calf hard at the top. ; 6. Pause for one second at the top, lower under control, and repeat for reps before switching legs.","Bouncing through reps and skipping the bottom stretch, which is where the calf gets most of its growth.; Leaning heavily on the balance hand, which removes load from the working leg.; Cutting the top range short and not rising fully onto the ball of the foot.; Rushing through reps too quickly, which trades full contractions for momentum.",A one-leg calf raise loaded with a dumbbell — the simplest way to load each calf hard without a machine.,"The dumbbell single leg calf raise loads one calf at a time using just bodyweight plus a dumbbell. Standing on one foot on the edge of a step or platform with the heel hanging off, the working calf raises and lowers the entire body weight against gravity, while the dumbbell adds extra load — and the unilateral setup forces each calf to work without help from the other side.

For app and program builders, this is a near-essential calf exercise for any home or hotel-gym track because it doesn't need a calf machine. It also fits cleanly into leg-day finishers, athletic prep programs, and rehab-adjacent content where lower-leg balance and ankle strength matter. Pair it with seated calf raises in your library for a complete calf assortment.",posters/dumbbell-single-leg-calf-raise.webp,dumbbell-single-leg-calf-raise.mp4
dumbbell-single-leg-hip-thrust,,Dumbbell Single Leg Hip Thrust,Glutes,Hamstrings; Core,Dumbbell,Hinge; Isolation,intermediate,5.04,single leg hip thrust; dumbbell hip thrust; glutes; unilateral; hip extension; dumbbell,Loads one glute at a time without needing a barbell or a rack.; Finds and trains weak sides that bilateral thrusting hides.; Adds a pelvic stability demand on top of straightforward hip extension.,Setup demonstrations covering shoulder placement on the bench for single leg work.; Single leg and glute focused program blocks.; Imbalance correction and return to training content.; Home and small studio programs without barbell access.,"1. Sit with your upper back against the long edge of a bench. ; 2. Rest a dumbbell across the crease of your hips and hold it in place. ; 3. Plant one foot flat with the shin vertical under the knee. ; 4. Lift the other leg and hold the hip at roughly 90 degrees. ; 5. Drive the planted foot into the floor until your torso is parallel with the floor. ; 6. Lower your hips under control without letting them rotate, then repeat.","Letting the hips drop or rotate toward the free leg, which loses the unilateral load.; Arching the lower back at lockout instead of finishing with the glutes.; Feeling the movement in the lower back, which signals the pelvis is not tilting under.; Loading it before the bilateral version is solid, which just shifts work to the hamstrings.","A bench supported hip thrust driven by one leg, with a dumbbell resting in the crease of the hips.","The dumbbell single leg hip thrust removes half the base and keeps the load. Your upper back rests on a bench, a dumbbell sits in the hip crease, one foot drives into the floor and the other leg is held with the hip at about 90 degrees. Everything the bilateral version does for the glutes now falls on one side, which is why lifters find weak sides quickly here. Keeping the hips level rather than letting them drop or rotate is the whole skill, and the abdominals hold a posterior pelvic tilt so the lower back does not finish the rep.

For a library this is the unilateral glute clip that needs no barbell, so it works in home and small studio programming. It fits dumbbell filters, glute and single leg blocks, and imbalance correction content where each side is trained separately.",posters/dumbbell-single-leg-hip-thrust.webp,dumbbell-single-leg-hip-thrust.mp4
dumbbell-situp,,Dumbbell Situp,Core,,Dumbbell,Core,intermediate,6.4,dumbbell situp; ab exercise; core workout; dumbbells; weighted core; abs,Adds real strength stimulus to the situp pattern.; Builds trunk flexion strength under external load.; Bridges bodyweight ab work into loaded core training.,Intermediate ab and core blocks in fitness apps; Hypertrophy program finishers in coaching platforms; Strength education modules for online courses; Home and travel core workouts in fitness apps,"1. Lie on your back with knees bent at 90 degrees and feet flat on the floor or anchored under a pad. ; 2. Hold a dumbbell against your chest with both hands, hugging it close to your sternum. ; 3. Brace your core and tuck your chin slightly toward your chest before starting the rep. ; 4. Sit all the way up by curling your torso forward until your elbows pass over your knees. ; 5. Pause briefly at the top, keeping the dumbbell tight against your chest the whole time. ; 6. Lower yourself back down slowly under control until your shoulder blades touch the floor.","Yanking the head and neck forward to start the rep, which strains the neck instead of the abs.; Dropping back down quickly and bouncing off the floor instead of controlling the lowering phase.; Holding the dumbbell out in front of the chest, which loads the shoulders instead of the abs.; Hooking the feet too aggressively under a pad, which lets the hip flexors do most of the work.",The classic situp loaded with a dumbbell on the chest — a simple way to add resistance to bodyweight ab work.,"The dumbbell situp adds external load to the bodyweight situp by holding a dumbbell against the chest. The added weight makes every rep harder for the abs and gives the trunk a real strength stimulus instead of just an endurance one — useful for users who can already do high-rep bodyweight situps.

This clip slots into intermediate ab blocks in any fitness app and into hypertrophy programs that include a weighted core finisher. It also pairs well in a coaching platform's strength education modules — a clean way to show progression from bodyweight situps into loaded core work without jumping straight to cable crunches or weighted decline situps.",posters/dumbbell-situp.webp,dumbbell-situp.mp4
dumbbell-skullcrusher,,Dumbbell Skullcrusher,Triceps,,Dumbbell,Isolation,beginner,9.87,dumbbell skullcrusher; triceps exercise; arm day; dumbbells; isolation; upper body,Builds triceps mass through a long-range stretch and squeeze.; Improves pressing lockout strength for chest and shoulder lifts.; Adds upper-arm size with elbow- and wrist-friendly loading.,Arm-day workout flows in strength and hypertrophy apps; Triceps accessory blocks for coaching platforms; Bodybuilding-style training tracks in fitness apps; Coach and trainer Reels for arm content,1. Lie on a flat bench with a dumbbell in each hand pressed straight overhead with palms facing each other. ; 2. Plant your feet on the floor and pull your shoulder blades back and down into the bench. ; 3. Keep your upper arms locked vertical with elbows pointing straight up at the ceiling. ; 4. Lower the dumbbells slowly toward the sides of your forehead by bending only at the elbows. ; 5. Pause briefly when the dumbbells reach ear level and you feel a deep stretch in the triceps. ; 6. Extend the elbows to drive the dumbbells back up to the starting position and squeeze the triceps.,"Letting the upper arms drift back toward your face, which turns the lift into a pullover.; Flaring the elbows out wide, which loads the shoulders instead of isolating the triceps.; Dropping the dumbbells down too fast and bouncing out of the bottom, which risks the elbows and forehead.; Stopping the lockout short and skipping the squeeze at the top, where the triceps fully shorten.",The lying tricep extension done with two dumbbells — the most-programmed mass-builder for the back of the arms.,"The dumbbell skullcrusher is one of the most reliable triceps builders in any program. Lying on a bench with two dumbbells pressed overhead and lowering them toward the forehead by bending only at the elbows hits all three heads of the triceps, with a long range of motion and a strong stretch at the bottom.

This clip is a go-to for any arm-day flow in a fitness app, hypertrophy program, or coaching track. The dumbbell version is friendlier to the wrists and elbows than a barbell or EZ-bar skullcrusher, which makes it the better choice for wider audiences. Pair it in your library with overhead extensions and kickbacks for a complete triceps assortment.",posters/dumbbell-skullcrusher.webp,dumbbell-skullcrusher.mp4
dumbbell-spinal-jefferson-curl,,Dumbbell Spinal Jefferson Curl,Core,,Dumbbell,Stretch,intermediate,6.13,dumbbell jefferson curl; spinal mobility; hamstring stretch; dumbbells; mobility; lower back,"Builds tolerance to loaded spinal flexion.; Lengthens hamstrings, glutes, and lower-back tissue.; Improves overall spinal control and mobility.",Mobility and warm-up blocks in fitness apps; Advanced flexibility tracks in coaching platforms; Recovery and prep modules for online courses; Educational content for coaches and trainers,"1. Stand on a box or bench with feet hip-width apart and a light dumbbell held with both hands in front. ; 2. Stand tall, brace lightly, and tuck your chin toward your chest before starting the curl. ; 3. Begin rolling your spine down one segment at a time, starting from the top of the neck. ; 4. Continue rolling down through the upper back, mid-back, and lower back until the dumbbell drops below the box. ; 5. Hold briefly at the bottom with the legs straight and the dumbbell hanging freely below your feet. ; 6. Roll back up the same way you came down, restacking the spine one segment at a time until standing tall.","Going too heavy too soon, which forces the lower back to bear more load than it's ready for.; Bending the knees during the descent, which removes the hamstring stretch and changes the drill.; Dropping straight down at the hips instead of rolling segment by segment through the spine.; Standing back up by hinging at the hips first, which skips the segmental restack of the spine.","A standing rolldown holding a dumbbell — a slow, segmental spinal flexion drill used to build hamstring and lower-back mobility.","The dumbbell Jefferson curl is a controlled spinal flexion drill borrowed from gymnastics and dance. Standing on a box or bench with a light dumbbell hanging in front and rolling the spine down one segment at a time builds tolerance to loaded spinal flexion and lengthens the entire back chain — hamstrings, glutes, and lower back.

This is a niche but valuable clip for app builders shipping mobility blocks, warm-up routines, or hypertrophy tracks aimed at advanced lifters who care about long-term back resilience. It also fits in coach and trainer education content, since the Jefferson curl is a frequently misunderstood lift that benefits from a clean visual reference. Use light loads and high control — this is not a strength lift.",posters/dumbbell-spinal-jefferson-curl.webp,dumbbell-spinal-jefferson-curl.mp4
dumbbell-standing-single-arm-curl,,Dumbbell Standing Single Arm Curl,Biceps,,Dumbbell,Isolation,beginner,3.47,dumbbell single arm curl; biceps exercise; arm day; dumbbells; isolation; upper body,Builds biceps size one arm at a time.; Fixes side-to-side imbalances in elbow flexion.; Trains controlled curl mechanics with isolated load.,Arm-day workout flows in fitness apps; Beginner onboarding tracks for biceps education; Hypertrophy program assets for arm specialization; Home and travel upper-body programming,"1. Stand tall with a dumbbell in one hand at your side and the other hand resting on your hip. ; 2. Set your feet shoulder-width apart with knees soft and core lightly braced. ; 3. Start with the working arm fully extended and palm facing your thigh. ; 4. Curl the dumbbell up toward your shoulder, rotating your palm to face up as the elbow bends. ; 5. Squeeze the biceps hard at the top with the elbow tucked beside your ribs. ; 6. Lower the dumbbell slowly back down to full extension, then repeat for reps before switching arms.","Swinging the torso back to throw the dumbbell up, which turns the curl into a body swing.; Letting the elbow drift forward, which shortens the biceps stretch and turns the lift into a partial.; Cutting the bottom range short and not fully extending the arm, which kills the stretch position.; Rushing the lowering phase, where most of the muscle-building tension actually lives.",A standing one-arm curl with a dumbbell — the simplest unilateral biceps builder in any arm program.,"The dumbbell standing single arm curl is the most stripped-down biceps lift in any program. Standing tall and curling one dumbbell at a time, with the palm rotating up through the rep, isolates each biceps individually so weak sides can't hide behind strong sides. It's accessible to beginners and still useful in advanced arm specialization phases.

For app and program builders, this clip is a permanent fixture in any arm-day or upper-body block. It's especially useful in beginner onboarding tracks because the unilateral setup makes form easy to coach and easy to feel. Pair it with hammer curls and overhead extensions for a complete arm assortment in your library.",posters/dumbbell-standing-single-arm-curl.webp,dumbbell-standing-single-arm-curl.mp4
dumbbell-standing-single-arm-hammer-curl,,Dumbbell Standing Single Arm Hammer Curl,Biceps,,Dumbbell,Isolation,beginner,3.2,dumbbell hammer curl; biceps exercise; forearm exercise; arm day; dumbbells; isolation,Builds the brachialis underneath the biceps for thicker arms.; Strengthens the forearm and improves grip endurance.; Adds variety to curl programming with neutral-grip loading.,Arm-day workout flows in fitness apps; Hypertrophy program assets for arm specialization; Forearm and grip-strength tracks in coaching platforms; Home and travel upper-body programming,"1. Stand tall with a dumbbell in one hand at your side and the other hand resting on your hip. ; 2. Set your feet shoulder-width apart with knees soft and core lightly braced. ; 3. Start with the working arm fully extended and palm facing your thigh. ; 4. Curl the dumbbell up toward your shoulder while keeping the palm facing in throughout the rep. ; 5. Squeeze the biceps and brachialis hard at the top with the elbow tucked beside your ribs. ; 6. Lower the dumbbell slowly back down to full extension, then repeat for reps before switching arms.","Rotating the wrist into a regular curl partway up, which turns the hammer into a standard biceps curl.; Swinging the torso to throw the dumbbell up, which removes the work from the biceps and forearm.; Letting the elbow drift forward, which shortens the range and reduces brachialis loading.; Cutting the lowering phase short, which skips most of the muscle-building tension.",A one-arm hammer curl that trains the biceps and brachialis with a neutral grip — the curl that builds thicker-looking arms.,"The dumbbell standing single arm hammer curl is a curl variation done with a neutral grip — palms facing in toward the body — instead of the standard supinated grip. That hand position shifts the work onto the brachialis (the muscle underneath the biceps) and the brachioradialis in the forearm, which is what gives the upper arm a thicker, more three-dimensional look.

For app builders, this clip is a strong inclusion in any arm-day or upper-body block alongside the standard biceps curl. It's also useful in hypertrophy specialization programs where users want to build forearm and brachialis thickness, and in coaching platforms teaching grip-position variation as a programming concept.",posters/dumbbell-standing-single-arm-hammer-curl.webp,dumbbell-standing-single-arm-hammer-curl.mp4
dumbbell-step-up-low,,Dumbbell Step-Up (Low),Quadriceps; Glutes,Hamstrings; Calves; Core,Dumbbell,Lunge,beginner,4.8,dumbbell step up; step up; quads; glutes; unilateral; dumbbell,Trains one leg at a time through a step height beginners can control.; Loads the quads and glutes without any spinal compression from a bar.; Rehearses a movement pattern used on every staircase and kerb.,Movement prep segments in group class and circuit style content.; Beginner and older adult functional training blocks.; Single leg progression ladders in a program builder.; Daily movement and stair confidence coaching content.,"1. Hold a dumbbell in each hand with your arms straight at your sides. ; 2. Stand facing a low, stable box with your feet hip width apart. ; 3. Pull your shoulders down and back and brace your abdominals. ; 4. Place one foot flat on the box with the knee tracking over the second toe. ; 5. Press through that heel to stand tall on the box and bring the other foot up. ; 6. Step back down with the trailing foot first, then the working foot, and repeat.","Pushing off the back foot to get up, which takes the work off the stepping leg.; Driving through the toes instead of the heel, which reduces glute involvement.; Letting the stepping knee fall inward as you rise, which stresses the joint.; Dropping down instead of lowering, which throws away the eccentric half of the rep.","A single leg step onto a low box while holding a dumbbell in each hand, driven by the top leg.","The low dumbbell step-up trains one leg at a time through a step height that most people can control. You stand facing a low box with a dumbbell in each hand, place one foot flat on the surface, then press through that heel until the leg is fully extended and the trailing foot joins it. The quadriceps and gluteus maximus produce the movement, and driving through the heel rather than the toes keeps the glutes involved. A low box keeps the hip angle shallow, which makes it accessible to people who cannot yet control a knee height step.

In a library this is the first rung of the single leg progression and the clip beginner and older adult programs reach for. It fits dumbbell filters, functional and daily movement blocks, and progression content that ladders step height before adding load.",posters/dumbbell-step-up-low.webp,dumbbell-step-up-low.mp4
dumbbell-sumo-squat,,Dumbbell Sumo Squat,Glutes,Core; Quadriceps,Dumbbell,Squat,beginner,9.87,dumbbell sumo squat; glutes exercise; leg day; dumbbells; squat pattern; lower body,Builds the glutes and inner thighs with wide-stance loading.; Trains the squat pattern without needing a barbell or rack.; Develops lower-body strength with home-friendly setups.,Leg-day workout flows in fitness apps; Glute specialization assets for coaching platforms; Home and travel lower-body programming; Beginner squat education for online courses,"1. Stand with feet wider than shoulder-width and toes turned out about 30 to 45 degrees. ; 2. Hold one dumbbell vertically with both hands hanging down between your legs. ; 3. Brace your core, lift your chest, and pull your shoulders back to set a tall posture. ; 4. Squat down by pushing your knees out over your toes and lowering your hips between your legs. ; 5. Descend until your thighs reach at least parallel to the floor with the dumbbell hanging near the floor. ; 6. Drive through your heels and squeeze your glutes to stand back up to the starting position.","Letting the knees cave inward instead of pushing them out over the toes, which loads the inside of the knee.; Rounding the lower back at the bottom, which puts the spine at risk under load.; Squatting with feet too narrow, which turns the lift into a regular goblet squat and loses the inner-thigh focus.; Cutting the depth short and stopping above parallel, which leaves most of the glute and adductor work on the table.",A wide-stance squat with a dumbbell hanging between the legs — biases the glutes and inner thighs more than a standard squat.,"The dumbbell sumo squat is a wide-stance squat with a single dumbbell held between the legs. The wide foot position with toes turned out shifts more of the work onto the glutes and inner thighs (adductors), with the quads and lower back assisting through the lift. It's a glute-focused squat that doesn't need a barbell.

This clip earns a permanent slot in any lower-body program, glute specialization track, or general-population strength app. It's also a popular pick for coaches working with home-gym users who only have one heavy dumbbell — the sumo stance lets them load the legs effectively without a rack. Pair it with Romanian deadlifts and hip thrusts for a complete glute-day assortment.",posters/dumbbell-sumo-squat.webp,dumbbell-sumo-squat.mp4
dumbbell-superman,,Dumbbell Superman,Core,,Dumbbell,Core,beginner,9.87,dumbbell superman; lower back exercise; back chain; dumbbells; core workout; back,Builds lower-back endurance and spinal-extensor strength.; Strengthens the back chain from glutes to rear shoulders.; Improves posture for users who sit for long hours.,Back-chain accessory blocks in fitness apps; Postural-correction content for office-worker programs; Mobility and warm-up routines in coaching platforms; Rehab-adjacent lower-back content for online courses,"1. Lie face-down on the floor with your legs straight and arms extended overhead holding a light dumbbell. ; 2. Set your forehead lightly on the floor and gaze straight down to keep the neck in line. ; 3. Brace your core and squeeze your glutes before starting the lift. ; 4. Lift your chest, arms, and legs off the floor at the same time, raising the dumbbell as high as is comfortable. ; 5. Hold the top position for one to two seconds, squeezing your lower back and glutes hard. ; 6. Lower everything back down to the floor under control and reset before the next rep.","Going too heavy and overloading the lower back, which is meant to be trained for endurance here.; Cranking the head and neck up instead of keeping the gaze down, which strains the cervical spine.; Bending the arms or knees during the lift, which shortens the levers and reduces the training effect.; Bouncing the arms and legs up and down quickly instead of holding a clean controlled top position.","A loaded version of the floor superman — lifting the chest, arms, and legs together while holding a dumbbell to train the lower back.","The dumbbell superman is a loaded version of the bodyweight superman. Lying face-down on the floor and lifting the chest, arms, and legs together while holding a dumbbell overhead trains the muscles that extend the spine, with extra emphasis on the lower back, glutes, and rear shoulders.

For app and program builders, this clip is a useful inclusion in any back-chain accessory block, postural-correction track, or rehab-adjacent program where users need to build lower-back endurance carefully. It also pairs well in mobility and warm-up routines for desk-bound users — keep the load light and the focus on a clean controlled hold rather than maximum reps or weight.",posters/dumbbell-superman.webp,dumbbell-superman.mp4
dumbbell-thruster,,Dumbbell Thruster,Glutes; Shoulders; Quadriceps,,Dumbbell,Push,intermediate,9.87,dumbbell thruster; full body exercise; conditioning; dumbbells; compound lift; metcon,"Trains the legs, shoulders, and core in one full-body lift.; Builds conditioning and strength in the same workout.; Develops the front-squat-to-press chain for advanced lifts.",HIIT and metcon workout flows in fitness apps; CrossFit-style programming for strength platforms; Athletic prep tracks for sport-specific apps; Hero clips for conditioning content on social platforms,"1. Stand with feet shoulder-width apart and a dumbbell held at each shoulder with palms facing in. ; 2. Brace your core, sit your hips back and down, and squat until your thighs are parallel to the floor. ; 3. Drive through your heels and explode up out of the squat, using the leg drive to launch the dumbbells. ; 4. Press the dumbbells straight overhead in one continuous motion until your arms reach full lockout. ; 5. Lower the dumbbells back down to your shoulders under control as you sink into the next squat. ; 6. Repeat the squat-to-press chain for the prescribed reps without resting at the top or bottom.","Pressing the dumbbells overhead before fully standing, which kills the leg drive and stresses the shoulders.; Letting the knees cave in during the squat, which loads the inside of the knee under speed.; Cutting the squat depth short, which removes the leg drive that powers the press.; Crashing the dumbbells back onto the shoulders, which jolts the joints and breaks rhythm.",A front squat into an overhead press in one motion — the highest-output dumbbell lift for conditioning and full-body work.,"The dumbbell thruster chains a front squat directly into an overhead press in one continuous motion. The legs do most of the work — driving up out of the squat creates the momentum that helps push the dumbbells overhead — which makes it possible to load the entire body, build conditioning, and burn through a high volume of work in a short time.

For app builders, this clip is essential for any HIIT, metcon, CrossFit-style, or kettlebell-style training track. It's also a strong inclusion in athletic prep programs and short-form conditioning content, where one lift covers strength and cardio at once. It teaches the fundamental front-squat-to-press chain that scales up to barbell thrusters in more advanced tracks.",posters/dumbbell-thruster.webp,dumbbell-thruster.mp4
dumbbell-tricep-kickback,,Dumbbell Tricep Kickback,Triceps,,Dumbbell,Isolation,beginner,9.87,dumbbell tricep kickback; triceps exercise; arm day; dumbbells; isolation; upper body,Isolates the triceps with strict single-joint loading.; Builds the back of the arm without pressing assistance.; Improves elbow lockout strength for compound presses.,Arm-day finishers in fitness apps; Hypertrophy program assets for coaching platforms; Triceps accessory blocks in upper-body splits; Home and travel arm workouts in fitness apps,"1. Stand with a dumbbell in one hand and a slight bend in your knees. ; 2. Hinge forward at the hips until your torso is at about 45 degrees and your back is flat. ; 3. Pin your working upper arm against your side with the elbow bent at 90 degrees. ; 4. Extend the elbow to swing the dumbbell straight back behind you until the arm is fully locked out. ; 5. Squeeze the triceps hard at the top with the dumbbell behind you and the upper arm still pinned. ; 6. Lower the dumbbell back down to the bent-elbow start, then repeat for reps before switching arms.","Letting the upper arm drop or swing during the lift, which turns the kickback into a row.; Going too heavy and using momentum, which makes the triceps work disappear from the lift.; Cutting the lockout short and not fully extending the elbow, where the triceps fully shorten.; Rounding the lower back instead of hinging with a flat back, which puts the spine at risk.",A bent-over single-arm tricep extension that trains the back of the arm with strict elbow control — a classic arm-day finisher.,"The dumbbell tricep kickback is one of the cleanest isolation lifts for the back of the arm. Hinging forward with the upper arm pinned against the side of the body and extending the dumbbell straight back forces the triceps to do all the work without any pressing assistance from the chest or shoulders.

For fitness app and coaching platform builders, the kickback is a near-essential inclusion in any arm-day block or hypertrophy track. It works especially well as an arm-day finisher with light weights and high reps, where the goal is metabolic stress and a strong squeeze rather than maximum load. Pair it in your library with skullcrushers and overhead extensions for a complete triceps assortment.",posters/dumbbell-tricep-kickback.webp,dumbbell-tricep-kickback.mp4
dumbbell-upright-row,,Dumbbell Upright Row,Shoulders,,Dumbbell,Pull,beginner,9.87,dumbbell upright row; shoulder exercise; traps exercise; dumbbells; vertical pull; upper body,Builds the side shoulders and upper traps in one lift.; Trains the vertical pull pattern with dumbbell-friendly mechanics.; Adds upper-body width and shoulder definition over time.,Shoulder-day workout flows in fitness apps; Pull-day accessory blocks for hypertrophy programs; Upper-body assets for coaching platforms; Home and small-gym programming for fitness apps,"1. Stand tall with a dumbbell in each hand resting in front of your thighs and palms facing your body. ; 2. Set your feet shoulder-width apart with knees soft and core lightly braced. ; 3. Keep your chest up and your shoulders pulled back and down before starting the pull. ; 4. Pull both dumbbells straight up along the front of your body by leading with your elbows. ; 5. Stop the pull when your elbows reach about chest height, with the dumbbells just below your collarbones. ; 6. Lower the dumbbells slowly back down along the same path until your arms are fully extended.","Pulling the dumbbells higher than the collarbones, which can cause front-shoulder strain at the top.; Using too much weight and swinging the body to throw the dumbbells up, which removes the shoulder work.; Letting the elbows drop below the wrists, which turns the pull into a curl instead of a row.; Rounding the upper back during the lift, which removes the upper-trap engagement.",A standing vertical pull with two dumbbells — trains the side shoulders and upper traps in one accessory lift.,"The dumbbell upright row is a vertical pulling lift that loads the side shoulders and upper traps in one motion. Standing tall with a dumbbell in each hand and pulling them straight up along the front of the body to about chest height combines a side-shoulder raise with a shrug, making it an efficient shoulder-and-trap accessory.

For app and program builders, this is a useful inclusion in any shoulder-day or pull-day flow. The dumbbell version is friendlier than the barbell version because each hand can travel its own natural path, which protects the shoulder joint. Coach users to keep the bells just below chest height — pulling much higher is where the lift starts to risk front-shoulder strain.",posters/dumbbell-upright-row.webp,dumbbell-upright-row.mp4
dumbbell-wrist-curl,,Dumbbell Wrist Curl,Forearms,,Dumbbell,Isolation,beginner,5.07,dumbbell wrist curl; forearm exercise; grip training; dumbbell; arm day; isolation,"Builds forearm flexor thickness and visible lower-arm size.; Strengthens grip for pulling, pressing, and carry exercises.; Reinforces wrist control and tendon resilience under load.",Arm-day accessory blocks in strength training apps; Grip-strength modules in coaching platforms; Bodybuilding hypertrophy program assets; Forearm and grip education content for trainers,"1. Sit on a bench and rest your forearm flat along the top with your palm facing up and wrist hanging just past the edge. ; 2. Hold a dumbbell with a relaxed grip and let it roll down toward your fingertips at the bottom of the rep. ; 3. Close your fingers and curl the dumbbell back up by flexing only at the wrist, keeping your forearm pinned to the bench. ; 4. Squeeze hard at the top with your wrist fully flexed, holding the contraction for a brief count. ; 5. Lower the dumbbell slowly over 2 to 3 seconds until your wrist is fully extended at the bottom again. ; 6. Repeat for 12 to 20 reps, then switch arms and match the rep count on the other side.","Lifting the forearm off the bench, which turns the rep into a small curl and removes tension from the forearm.; Using too heavy a weight and barely moving through the wrist, cutting the working range in half.; Skipping the let-the-bar-roll-into-the-fingers phase, which leaves out the deepest grip and forearm work.; Speeding through the lowering phase instead of controlling it, where most of the forearm growth comes from.",A seated forearm flexor curl that builds wrist strength and forearm thickness — the small accessory every arm day needs.,"The dumbbell wrist curl is the most direct way to train the forearm flexors. Sitting with your forearm braced on a bench and palm facing up, you let the dumbbell roll toward your fingers and then curl it back up using only the wrist. It's a small, isolated movement that builds grip strength and the muscle on the underside of the forearm.

For an app or coaching platform, wrist curls are bread-and-butter accessory inventory. They round out arm days, support grip work for pulling and lifting tracks, and are commonly programmed alongside curls and extensions in hypertrophy blocks. Ship this clip in your accessory and grip-training library so users always have the right teaching asset on hand.",posters/dumbbell-wrist-curl.webp,dumbbell-wrist-curl.mp4
dumbbell-wrist-extension,,Dumbbell Wrist Extension,Forearms,,Dumbbell,Isolation,beginner,5.6,dumbbell wrist extension; forearm exercise; elbow health; dumbbell; prehab; isolation,"Strengthens the forearm extensors and balances out the flexor side.; Reduces elbow strain for climbers, lifters, and racquet-sport athletes.; Improves wrist control and stability for pressing and pulling work.",Elbow-care and prehab modules in coaching platforms; Forearm accessory blocks in strength apps; Climbing and grip-sport programming; Tennis-elbow education content for trainers,"1. Sit on a bench with your forearm flat on the top, palm facing down, and your wrist hanging just past the edge. ; 2. Hold a light dumbbell and let your wrist drop fully so the weight pulls your hand down toward the floor. ; 3. Lift the dumbbell by extending your wrist upward, keeping your forearm completely still on the bench. ; 4. Squeeze the top of the forearm at peak contraction with the back of your hand pulled toward your forearm. ; 5. Lower the dumbbell back down slowly over 2 to 3 seconds, fighting the weight on the way down. ; 6. Repeat for 12 to 15 reps, then switch arms and match the rep count on the other side.","Picking a weight too heavy, which forces you to use the elbow or shoulder to swing the dumbbell up.; Lifting only a few inches at the top instead of working through the full wrist range.; Letting the forearm drift up off the bench, which removes the isolation entirely.; Rushing the lowering phase, where most of the forearm extensor strength is built.",A seated reverse wrist curl that targets the often-neglected forearm extensors — the balancing piece to every wrist curl.,"The dumbbell wrist extension trains the muscles on the top of the forearm — the wrist extensors that get neglected in almost every program. With your forearm braced and palm facing down, you lower the dumbbell as your wrist drops, then lift it back up by extending the wrist. It's small, slow, and unsexy, but it pays off in elbow health and forearm balance.

For app builders, this is essential accessory inventory in any arm or elbow-care program. It's especially relevant for climbers, racquet-sport athletes, and lifters dealing with elbow tendon strain. Pair it with the wrist curl to ship a complete forearm bundle, or include it as the corrective option in a tennis-elbow rehab-adjacent module.",posters/dumbbell-wrist-extension.webp,dumbbell-wrist-extension.mp4
elbow-side-plank,,Elbow Side Plank,Core,,Bodyweight,Core,beginner,6.93,elbow side plank; oblique exercise; core training; bodyweight; isometric; home workout,Builds oblique strength and side-core stability.; Improves spinal control and resistance to side-bending under load.; Strengthens shoulder and hip stabilizers in a single hold.,Beginner core flows in fitness apps; Bodyweight and home-workout program tracks; Posture and mobility content for online courses; Warmup and brace-prep modules in strength platforms,"1. Lie on your side with your forearm flat on the floor and your elbow stacked directly under your shoulder. ; 2. Stack your feet on top of each other and engage your core to create tension through your whole body. ; 3. Lift your hips off the floor until your body forms a straight line from your head to your feet. ; 4. Brace your top hand on your hip or extend it straight up toward the ceiling for balance. ; 5. Hold the position with steady breathing, keeping your hips lifted and your shoulders square. ; 6. Lower your hips back down with control after the target time, then switch sides and repeat.","Letting the hips sag toward the floor mid-hold, which removes the obliques from the work and loads the shoulder.; Rotating the chest toward the floor instead of keeping the torso stacked and squared up.; Placing the supporting elbow ahead of or behind the shoulder, which strains the shoulder joint.; Holding your breath through the set instead of breathing steadily, which cuts hold time short.",An isometric side hold on the forearm that trains the obliques and lateral core — the foundation of side-plank progressions.,"The elbow side plank is one of the cleanest ways to train the obliques and the muscles along the side of the torso. Bracing on one forearm with hips lifted, the entire side body has to fire to hold a straight line. It's an isometric movement, so the work is in the hold — keeping the hips up and the body stacked from heel to head.

For an app or course, this clip slots into core work, beginner onboarding flows, and posture-focused mobility blocks. It's an easy teaching piece because the failure point is visual — when the hips drop, the user can see it. Ship it as the entry point for a full side-plank progression library and as a staple in any home or bodyweight track.",posters/elbow-side-plank.webp,elbow-side-plank.mp4
elliptical,,Elliptical,Quadriceps; Glutes,Hamstrings; Core; Shoulders,Machine,Cardio,beginner,8.97,elliptical; cardio; low impact; cross trainer; quads; glutes,"Keeps hip, thigh and knee motion close to walking without the impact.; Raises glute and quadriceps demand relative to walking at the same task.; Adds arm and trunk involvement through the moving handlebars.",Beginner and low-impact cardio plans in a fitness app.; Gym equipment libraries and machine onboarding screens.; Zone 2 and recovery day cardio prescriptions inside hybrid training plans.; Comparison content beside treadmill and arc trainer clips.,"1. Step onto the pedals one foot at a time and hold the moving handlebars. ; 2. Set the ramp angle: lower to bias the quads, higher to bring in glutes and hamstrings. ; 3. Choose a resistance you can hold for the planned duration. ; 4. Press through the whole foot and keep it in contact with the pedal throughout. ; 5. Push and pull the handlebars in time with your legs and stand tall. ; 6. Ease the resistance off at the end, let the pedals slow, then step down.","Leaning on the static handles, which unloads the legs and reduces the work done.; Letting the heels lift off the pedals, which pushes strain into the calves and forefoot.; Leaving the ramp on one setting, so the same muscles are trained every session.; Spinning fast against no resistance, which raises cadence but not training effect.","Standing cardio on linked pedals and moving handlebars, where the feet never leave the platform and the ramp sets emphasis.","An elliptical guides the feet along a fixed stride path, so contact never breaks and the pounding of running is removed. Joint motion tracks walking closely at the hip, thigh and knee, but muscle demand is not identical: measured against walking, gluteus maximus and vastus lateralis activity rises while gastrocnemius, soleus and tibialis anterior fall, because the trunk, hip and knee stay in more flexion. Ramp angle shifts the emphasis, with low settings biasing quads and higher settings pulling in glutes and hamstrings, and the moving handlebars add arm, shoulder and trunk work.

For a catalog the elliptical is the default low-impact machine users expect to find. Use it in beginner cardio plans, joint-friendly programming, and gym equipment libraries.",posters/elliptical.webp,elliptical.mp4
ez-bar-preacher-curl,,EZ Bar Preacher Curl,Biceps,,Barbell,Isolation,beginner,6.93,ez bar preacher curl; biceps exercise; arm day; ez bar; isolation; hypertrophy,Builds the lower bicep and creates a fuller arm shape.; Removes momentum so every rep loads the biceps directly.; Reinforces strict elbow-flexion mechanics for cleaner curls overall.,Arm-day workout flows in hypertrophy apps; Bodybuilding program assets in coaching platforms; Bicep-focused content for online training courses; Strict-form education clips for personal trainers,"1. Set the preacher bench so the top pad sits just under your armpits with your chest pressed against it. ; 2. Grip the EZ bar at the inner-angled grips with your palms facing up and arms fully extended down the pad. ; 3. Curl the bar up toward your shoulders by bending only at the elbows, keeping your upper arms locked on the pad. ; 4. Squeeze the biceps hard at the top of the rep without letting the elbows drift forward off the bench. ; 5. Lower the bar slowly over 2 to 3 seconds until your arms are almost fully extended at the bottom. ; 6. Stop just short of full lockout to keep tension on the biceps, then curl back up for the next rep.","Pulling the elbows back off the pad to use the shoulders, which removes the isolation from the curl.; Letting the bar drop fast at the bottom and bouncing out of the stretch, which strains the elbow tendons.; Lifting the chest off the pad to swing the weight up, turning a strict curl into a partial cheat rep.; Cutting the range short at the top or bottom, missing the stretch and contraction that drive bicep growth.",A strict biceps curl performed on a preacher bench with an EZ bar — pure isolation for the lower half of the bicep.,"The EZ bar preacher curl locks the upper arm against an angled bench so the bicep does the work alone. With no swing or body english available, every rep is a clean stretch and contraction through the elbow. The EZ bar's angled grip is also more wrist-friendly than a straight bar, which is why this is one of the most-used isolation curls in any gym.

For app and course content, the preacher curl is a hypertrophy-block staple. It's the curl variation people search for when they want bigger, fuller bicep peaks, and it's a clean teaching piece for showing strict form without momentum. Drop this clip into your arm-day library and pair it with a hammer curl and a cable curl to cover the full bicep coaching set.",posters/ez-bar-preacher-curl.webp,ez-bar-preacher-curl.mp4
ez-bar-reverse-preacher-curl,,EZ Bar Reverse Preacher Curl,Biceps; Forearms,,Barbell,Isolation,beginner,6.93,ez bar reverse preacher curl; brachialis exercise; forearm training; ez bar; arm day; isolation,"Builds the brachialis to add thickness underneath the biceps.; Strengthens the forearm extensors and grip.; Improves wrist stability for pulls, presses, and curls.",Advanced arm-day finisher blocks in hypertrophy apps; Forearm and grip-training tracks for coaches; Bodybuilding-detail content for online training courses; Accessory libraries for trainer Reels and tutorials,"1. Set the preacher bench so the top pad sits just under your armpits with your chest pressed firmly against it. ; 2. Grip the EZ bar at the inner-angled grips with your palms facing down and arms extended down the pad. ; 3. Curl the bar upward by bending only at the elbows, keeping your wrists straight and your upper arms locked in place. ; 4. Squeeze the top of the rep with your wrists held neutral, feeling the work in the forearms and outer biceps. ; 5. Lower the bar slowly over 2 to 3 seconds until your arms are nearly straight at the bottom of the rep. ; 6. Stop just short of full lockout to keep constant tension, then curl the bar back up for the next rep.","Letting the wrists bend backward under load, which strains the wrist joints and cuts the lift short.; Going too heavy with a reverse grip, where forearm strength gives out long before the biceps do.; Pulling the elbows back off the pad mid-rep, swapping isolation for shoulder cheating.; Skipping the stretch at the bottom by stopping the rep early, which leaves growth on the table.","A palms-down preacher curl that hits the brachialis, forearms, and bicep together — an underused arm-day finisher.","The EZ bar reverse preacher curl flips the grip on a classic preacher curl so your palms face down. That single change shifts the load off the main bicep belly and onto the brachialis (the muscle underneath the bicep), the forearm, and the wrist extensors. The result is fuller-looking upper arms and stronger, thicker forearms in one movement.

For an app or course, this is a smart inclusion in any advanced arm program. It's the kind of accessory that separates a starter library from a thorough one. Use it as a finisher piece in arm-day flows or as the targeted accessory in a forearm- and grip-focused track. Pair with a standard preacher curl for a complete bicep teaching pair.",posters/ez-bar-reverse-preacher-curl.webp,ez-bar-reverse-preacher-curl.mp4
floor-press,,Floor Press,Chest; Triceps,Shoulders,Dumbbell,Push,beginner,8,floor press; dumbbell; chest; triceps; horizontal press; home gym,"Shortens the pressing range, which suits lifters with shoulder discomfort at full depth.; Loads the triceps heavily while still training the chest through the available range.; Needs only dumbbells and floor space, so it works in home and hotel gym settings.",Upper body push slots in home and minimal equipment app programs.; Shoulder friendly pressing substitutions inside programming decision trees.; Dumbbell collection pages that need a press requiring no bench.; Comparison content contrasting floor press and bench press range of motion.,1. Sit on the floor with a dumbbell resting on each thigh and your legs extended. ; 2. Rock back onto your shoulders while bringing the dumbbells to your chest. ; 3. Bend your knees so your feet sit flat on the floor and your lower back stays down. ; 4. Press both dumbbells up over your chest until the arms are almost straight. ; 5. Lower under control until the back of your upper arms touches the floor and pause. ; 6. Press back up without bouncing and repeat for the prescribed reps.,"Bouncing the elbows off the floor, which loses tension and loads the elbow joint sharply.; Clashing the dumbbells together at the top, which destabilizes the shoulders under load.; Locking the elbows out hard each rep, which hands the work from the muscles to the joints.; Arching the lower back off the floor, which shortens the range and shifts load to the spine.","A supine dumbbell press from the floor where the upper arms stop at ground level, shortening the range and sparing the shoulder.","The floor press is a horizontal press performed lying on the ground rather than a bench. The floor stops the upper arms partway down, which removes the deepest and most demanding part of the shoulder range. That shortened path shifts a larger share of the work onto the triceps while the chest still drives the press, and it makes the movement workable for lifters who find full-depth benching uncomfortable. Leg drive is unavailable because the hips stay flat, so the upper body produces the lift on its own.

As catalog inventory this clip covers a pressing option that fits home gyms, minimal equipment programs and shoulder friendly substitutions. The side camera angle shows the floor contact point clearly, which is the cue most written descriptions fail to land.",posters/floor-press.webp,floor-press.mp4
forward-lunge,,Forward Lunge,Glutes; Quadriceps,,Bodyweight,Lunge,beginner,7.47,forward lunge; leg exercise; glutes; quads; bodyweight; single leg,Builds glute and quad strength one leg at a time.; Exposes and corrects left-right strength imbalances.; Develops single-leg balance and hip stability for sport and daily life.,Beginner leg-day flows in fitness apps; Bodyweight and home-workout program tracks; Lunge-pattern teaching content for online courses; Warmup and movement-prep blocks in strength platforms,"1. Stand tall with your feet hip-width apart, hands on your hips or relaxed at your sides. ; 2. Step forward with one leg into a long stride, landing softly on the heel and rolling onto the foot. ; 3. Lower your back knee straight down toward the floor until both knees form roughly 90-degree angles. ; 4. Keep your torso upright with your front knee tracking over your front foot at the bottom. ; 5. Push through the front heel to drive yourself back up and step the front foot back to the start. ; 6. Alternate legs each rep or finish all reps on one side before switching, depending on the program.","Letting the front knee cave inward, which strains the knee and shifts work away from the glutes.; Taking too short a step forward, forcing the front knee to push way past the toes and stressing the joint.; Leaning the torso forward over the front leg, which loads the lower back instead of the legs.; Slamming the back knee into the floor instead of stopping just above it under control.",A bodyweight step-forward lunge that trains the glutes and quads one leg at a time — the entry point to single-leg work.,"The forward lunge is the most common single-leg exercise in any program. By stepping forward and dropping the back knee toward the floor, you train the glutes and quads of the front leg while challenging the balance and stability of both legs. It's the foundation pattern for every walking lunge, reverse lunge, and split squat that follows.

For an app or coaching platform, this clip belongs in any beginner onboarding flow, leg-day program, and bodyweight track. It's also a clean teaching piece for the lunge pattern itself — making sure new users learn the knee position and torso angle before progressing to loaded variations. Ship it as a base asset and link it to deeper lunge content downstream.",posters/forward-lunge.webp,forward-lunge.mp4
freestyle-swim,,Freestyle Swim,Back; Chest,Triceps; Shoulders; Core; Biceps,Bodyweight,Cardio,intermediate,5.04,freestyle; swimming; front crawl; cardio; endurance; pool,"Trains back, chest and arms through a repeatable overhead pull.; Builds aerobic capacity with no ground impact at all.; Transfers directly to triathlon and open water programming.","Swim and triathlon plans in an endurance training app.; Technique explainers on catch timing, body roll and breathing.; Cross training screens offered to runners and cyclists.; Muscle highlight media showing where front crawl propulsion comes from.",1. Float face down with your body straight and horizontal in the water. ; 2. Reach one arm forward and set the catch with the elbow held high. ; 3. Pull that hand down and back past your hip while the body rolls toward it. ; 4. Recover the arm over the water as the opposite arm begins its pull. ; 5. Kick continuously from the hips with loose ankles and a small knee bend. ; 6. Turn your head to inhale every two or three strokes as the hand exits.,"Dropping the elbow at the catch, which spills water and loses the pull.; Lifting the head to breathe instead of rotating, which sinks the hips.; Kicking from the knees, which adds drag rather than propulsion.; Crossing the hand over the midline at entry, which pushes the shoulder to end range.","Prone alternating-arm swimming with a flutter kick and rotational breathing, driven by the back and chest through each pull.","Front crawl is the fastest and most studied stroke. Roughly eighty five percent of propulsion comes from the arms, and the muscles measured most often in underwater EMG work are triceps brachii, pectoralis major, latissimus dorsi and biceps brachii, with rectus abdominis and erector spinae stabilizing the body line. One arm pulls with a high elbow while the other recovers over the water, the body rolls along its long axis to set up each catch, and a flutter kick from the hips holds the legs high. Breathing comes every two or three strokes as the hand exits.

For a catalog this is the swim clip every library needs first. Use it in swim and triathlon plans, technique explainers, and cross-training screens.",posters/freestyle-swim.webp,freestyle-swim.mp4
frog-pump,,Frog Pump,Glutes,,Bodyweight,Hinge,beginner,7.73,frog pump; glutes; hip extension; glute bridge; activation; bodyweight,"Isolates hip extension to the glutes by taking the hamstrings and erectors out of the pattern.; Needs no equipment and very little space, so it fits warm-ups anywhere.; Suits high rep activation and finisher work where heavier hinging would be fatiguing.","Glute activation blocks in warm-up sequences for training apps.; Equipment-free home glute work where a loaded hip thrust is not an option.; Glute-focused program pages that need a high-rep, low-load entry.; Finisher segments in lower body app workout templates.","1. Lie on your back on a mat with your arms resting at your sides. ; 2. Put the soles of your feet together and let your knees fall out to the sides. ; 3. Slide your heels in toward your hips and flatten your lower back into the floor. ; 4. Tuck the pelvis under, then drive through the outer edges of your feet to lift the hips. ; 5. Squeeze the glutes hard at the top without arching the lower back. ; 6. Lower the hips to just short of the floor and repeat for high reps.","Arching the lower back to gain height, which moves the work from the glutes to the erectors.; Letting the knees drift back together, which removes the abduction that biases the glutes.; Setting the heels too far from the hips, which brings the hamstrings back into the movement.; Pushing through the toes instead of the outer edges of the feet, which loses the external rotation.","A bridge variation with the soles of the feet together and knees flared, biasing hip extension toward the glutes.","The frog pump is a glute bridge performed with the soles of the feet pressed together and the knees dropped out to the sides. Putting the hips into abduction and external rotation with the heels close to the body shortens the hamstrings and flattens the lumbar spine, which is what takes the hamstrings and spinal erectors out of the movement. What remains is close to isolated hip extension by the gluteus maximus. Range is small and the load is bodyweight, so it is normally programmed for high reps as an activation drill or a finisher.

For a product catalog the frog pump fills a specific gap: a floor-based glute exercise that needs no equipment and no space. It fits warm-up activation blocks, glute focused program collections, and bodyweight library pages where most alternatives are compound lifts.",posters/frog-pump.webp,frog-pump.mp4
front-foot-elevated-split-squat,,Front-Foot-Elevated Split Squat,Quadriceps,Glutes; Hamstrings; Calves; Core,Dumbbell,Lunge,intermediate,8.53,front foot elevated split squat; split squat; dumbbell; quadriceps; unilateral; lunge,"Trains one leg at a time, so side to side strength differences show up and get fixed.; The raised front foot adds range at the hip and knee without adding load.; The fixed stance needs less balance than a rear-foot-elevated split squat.",Dumbbell equipment filter in a home or hotel gym app.; Unilateral accessory slot in lower body training blocks.; Progression content between the split squat and the Bulgarian split squat.; Single-leg screening and imbalance work for coaching platforms.,"1. Place a one to two inch riser on the floor and hold a dumbbell at each side. ; 2. Step the working foot onto the riser and the other foot back into a split stance. ; 3. Stand tall with the rear heel lifted and your weight on the front foot. ; 4. Bend both knees together and lower until the rear knee is just above the floor. ; 5. Drive through the front foot and extend the front knee to stand back up. ; 6. Finish all reps on one side, then switch the front foot and repeat.","Pushing off the rear foot, which turns a single-leg exercise into a two-leg squat.; Letting the front knee collapse inward, which loads the joint instead of the quadriceps.; Using a riser that is too tall, so the hips shift back and the movement becomes a hinge.; Leaning the torso far forward, which moves the work onto the glutes and lower back.","A split-stance squat with the front foot on a low riser, deepening front-leg range under dumbbell load.","The front-foot-elevated split squat holds a staggered stance and raises the working foot on a low riser, so the front hip and knee travel through more range than a flat split squat. You lower until the rear knee is just off the floor, then drive back up through the front foot. The quadriceps of the front leg do most of the work, with the glutes, hamstrings and adductors supporting hip extension while the rear leg acts as a balance point rather than a driver.

For a product catalog this clip covers the unilateral quad slot a lunge asset does not: the feet stay planted, so it reads clearly at small player sizes. It fits dumbbell equipment filters, single-leg accessory blocks, and progression content moving users from split squat to Bulgarian split squat.",posters/front-foot-elevated-split-squat.webp,front-foot-elevated-split-squat.mp4
front-plank,,Front Plank on Elbows,Core,Shoulders; Glutes; Quadriceps,Bodyweight,Core,beginner,4.27,plank; core; abs; isometric; bodyweight; anti-extension,"Builds isometric trunk endurance without loading the spine into flexion.; Trains the glutes and quadriceps to hold a neutral pelvis under fatigue.; Needs no equipment, so it scales to home, hotel and rehab settings.",Core block in a beginner bodyweight onboarding program; Timed-hold screen in an interval or circuit app; Baseline movement for a posture or trunk-endurance assessment flow; Anti-extension reference clip in a coaching education library,"1. Lie face down on a mat with your elbows directly under your shoulders and your palms flat on the floor. ; 2. Tuck your toes under and set your feet about hip width apart. ; 3. Brace your abdominals and squeeze your glutes so the trunk becomes one rigid segment. ; 4. Push through the forearms and toes to lift your hips and knees clear of the floor. ; 5. Hold the straight head-to-heel line while breathing steadily, keeping the neck long and the ribs down. ; 6. Lower your knees and hips back to the mat under control to finish the set.","Letting the hips sag toward the floor, which loads the lumbar spine instead of the abdominals.; Piking the hips up into an inverted V, which shortens the lever and removes the anti-extension demand.; Drifting the elbows forward of the shoulders, which shifts load onto the shoulder joint and shortens the hold.; Holding your breath to stay rigid, which raises intrathoracic pressure and ends the set early.",Isometric forearm hold that keeps a straight line from head to heels while the trunk resists extension.,"The front plank on elbows is an anti-extension hold rather than a crunch. You carry your bodyweight on the forearms and toes with the elbows stacked under the shoulders, and the rectus abdominis, obliques and spinal erectors work isometrically to stop the pelvis dropping into the floor. Extending the legs and pulling the toes toward the shins keeps the whole chain stiff, and the serratus anterior and shoulder stabilizers provide the secondary support.

In a product this is the highest-traffic core clip you can ship. It anchors beginner onboarding flows, gives timed-hold widgets something to render, and pairs with side plank in an anti-movement block. The side view reads clearly at small sizes, so it works as a workout-list thumbnail and as a full-screen demo.",posters/front-plank.webp,front-plank.mp4
front-squat,,Front Squat,Quadriceps,Glutes; Core; Trapezius; Hamstrings; Adductors,Barbell,Squat,intermediate,9.07,front squat; barbell; quadriceps; squat; compound; leg day,"The front rack forces an upright torso, so the quadriceps take the largest share.; Failed reps can be dumped forward, which makes heavy work safer without a spotter.; It builds the trunk and upper back bracing that carries into cleans and back squats.",Quad-dominant barbell squat option in strength app libraries.; Primary squat in intermediate and advanced lower body templates.; Front rack and elbow position technique explainers.; Comparison content pairing the front squat against the back squat.,"1. Set the bar at upper chest height and step under it in the rack. ; 2. Rest the bar across your front delts and drive your elbows high. ; 3. Stand the bar out and set your feet just inside shoulder width. ; 4. Brace your trunk and descend by bending the knees and hips together. ; 5. Lower until your thighs are at least parallel, keeping the chest tall. ; 6. Push through the whole foot and drive the elbows up to stand.","Letting the elbows drop, which rolls the bar forward and dumps you out of the rack.; Rising onto the toes, which shifts the bar ahead of the midfoot and stalls the lift.; Rounding the upper back out of the bottom, which loads the spine instead of the legs.; Letting the knees travel far inside the toes, which strains the joint and cuts quad force.","A barbell squat with the bar racked on the front delts, forcing an upright torso and a quad-dominant descent.","The front squat carries the bar across the front of the shoulders with the elbows driven high, so the torso must stay upright through the whole repetition. That position keeps the load close to the knees and makes the quadriceps the prime mover, while the glutes extend the hips and the trunk and upper back work to stop the chest folding forward. The upright posture is exactly why the quads take a larger share than in a back squat, and wrist and thoracic mobility usually limit the lift before leg strength does.

In a catalog this is the barbell quad anchor. It belongs in barbell equipment filters, strength templates needing a squat that is not the back squat, and technique content where rack position and elbow height are the thing being taught.",posters/front-squat.webp,front-squat.mp4
glute-bridge,,Glute Bridge,Glutes,Hamstrings; Core,Bodyweight,Hinge,beginner,5.04,glute bridge; bodyweight; glutes; hip extension; activation; floor exercise,"Loads hip extension with no equipment and almost no skill requirement.; Teaches the pelvic control that transfers to hinges, squats and hip thrusts.; Scales easily to single-leg, banded and externally loaded versions.",Glute activation step in warm up sequences before hinge work.; First floor exercise in onboarding programs that assume no equipment.; Progression content leading into barbell and machine hip thrusts.; Regression offered when a user reports lower back discomfort.,"1. Lie on your back with your knees bent and feet flat, hip-width apart. ; 2. Set your arms out at roughly 45 degrees with the palms down. ; 3. Draw your ribs down and flatten your lower back into the floor. ; 4. Press through your heels and lift the hips by squeezing the glutes. ; 5. Stop when knees, hips and shoulders line up, then hold briefly. ; 6. Lower the hips back to the floor under control and repeat.","Pushing the hips past a straight line, which arches the lower back instead of loading the glutes.; Driving through the toes, which pulls the hamstrings in and makes them cramp.; Setting the feet too far from the hips, so the hamstrings take over from the glutes.; Rushing the lowering phase, which removes most of the time the glutes spend under tension.","A supine hip extension driven by the glutes, lifting the hips to a straight line from knees to shoulders.","The glute bridge starts lying on your back with the knees bent and the feet flat. You brace the trunk, press the heels down and lift the hips until knees, hips and shoulders form a straight line, then lower under control. The gluteus maximus produces the hip extension, the hamstrings assist and the abdominals stop the movement turning into a lumbar arch. The hips should stop at that straight line rather than traveling higher, because the extra range comes from the lower back and not from the glutes.

As an asset the glute bridge is one of the highest volume clips in any library. It appears in warm-ups, glute activation circuits and beginner bodyweight plans, so it earns a place in bodyweight equipment filters and onboarding flows that need a floor exercise requiring no equipment.",posters/glute-bridge.webp,glute-bridge.mp4
glute-kickback-machine,,Glute Kickback Machine,Glutes,Hamstrings,Machine,Isolation,beginner,8,glute kickback machine; hip extension; glutes; hamstrings; machine; isolation,"Machine support removes the balance demand, so the glute can be trained close to failure.; The fixed path keeps the movement at the hip rather than the lower back.; Simple to teach, which suits beginners and large group programming.",Glute specialization blocks where the user trains close to failure.; Beginner friendly machine circuits in commercial gym plans.; Machine accessory for lifters who cannot balance a standing kickback.; Kickback station entry in a gym floor equipment browser.,"1. Set the pad and footplate positions to match your height. ; 2. Face the machine and hold the handles with your torso against the pad. ; 3. Place one foot on the plate or settle the knee into the pad. ; 4. Brace your abs and keep your hips square to the frame. ; 5. Drive the leg back by squeezing the glute, stopping before the lower back arches. ; 6. Return under control to the start, finish the set, then swap legs.","Pushing past the point where the hip stops moving, so the lower back extends instead.; Letting the hips rotate open, which adds range without adding glute work.; Bouncing off the stack at the bottom, which removes tension between reps.; Leaning heavily on the handles, which lets the arms take load off the working leg.",Standing kickback machine that loads single leg hip extension with the torso supported against a pad.,"The glute kickback machine fixes your torso against a pad and gives the working leg a footplate or knee pad to drive back into. Because the frame handles balance, you can push closer to failure than a free standing kickback allows, and the gluteus maximus stays the prime mover with the hamstrings assisting. The upper body stays still and the range comes from the hip alone. Hip extension driven against a pad ranks with the highest gluteus maximus activation patterns tested, and the frame holds that joint action to a single path.

As an asset this is the machine glute isolation clip for commercial gym program tracks. It fits glute specialization blocks, low skill accessory options for beginners, and machine circuit content in app-delivered training plans.",posters/glute-kickback-machine.webp,glute-kickback-machine.mp4
good-mornings,,Good Mornings,Glutes; Hamstrings,Core,Bodyweight,Hinge,beginner,6.67,good mornings; hip hinge; hamstring exercise; glutes; bodyweight; lower back,Builds hamstring strength through a controlled stretch.; Strengthens the glutes and lower back as a connected hinge unit.; Teaches the hip-hinge pattern used in every deadlift variation.,Hinge-pattern education in coaching platforms; Hamstring and back warmup blocks in strength apps; Lower-back resilience tracks for trainers; Movement-prep content for online courses,"1. Stand tall with your feet hip-width apart, hands crossed at your chest or behind your head. ; 2. Brace your core and unlock your knees with a soft bend, keeping that bend constant through the rep. ; 3. Push your hips backward and bow your torso forward, keeping your back flat from head to tailbone. ; 4. Lower until you feel a deep stretch in the hamstrings or your torso is roughly parallel to the floor. ; 5. Drive your hips forward to lift your torso back up to standing, squeezing your glutes at the top. ; 6. Pause briefly upright before starting the next rep, keeping the same knee angle throughout the set.","Rounding the back as you bow forward, which loads the spine instead of the hamstrings and glutes.; Bending the knees more as you go down, turning the hinge into a half-squat and reducing hamstring work.; Going past parallel before the hips can absorb the stretch, which strains the lower back.; Standing up by pulling with the lower back instead of driving with the hips and glutes.","A standing hip-hinge bow that trains the hamstrings, glutes, and lower back — a clean teaching piece for the hinge pattern.","The good morning is a hip-hinge exercise that bows the torso forward over braced legs. With minimal knee bend, the hamstrings stretch and the lower back stays rigid as the hips drive backward, then power forward to stand back up. It's the cleanest way to teach the hinge pattern that underpins deadlifts, kettlebell swings, and Romanian deadlifts.

For app and course content, good mornings are a foundational hinge teaching piece. They appear in mobility warmups, back-of-body accessory blocks, and lower-back resilience programs. Drop this clip in as the entry-level hinge demo, then link to weighted variations like the barbell good morning or Romanian deadlift for the loaded progression. It's a key building block for any program that takes hinge mechanics seriously.",posters/good-mornings.webp,good-mornings.mp4
hammer-strength-high-row,,Hammer Strength High Row,Back; Trapezius,Shoulders; Biceps,Machine,Pull,beginner,9.33,high row; hammer strength; machine row; upper back; back; horizontal pull,"High pull angle biases the rhomboids, traps and rear delts.; Chest and thigh support remove hinge and bracing demands.; Independent work arms stop the stronger side compensating.",Plate-loaded row entry in a commercial gym machine filter.; Upper back and posture blocks that need a high pull angle.; Athlete pull-strength templates without spinal loading.; Unilateral imbalance content showing each arm loaded separately.,"1. Load plates on both weight horns and set the seat so the handles sit above your shoulders. ; 2. Sit down, press your chest into the pad and settle your thighs under the pads. ; 3. Reach up and take both handles with an overhand grip. ; 4. Depress your shoulder blades before the weight starts moving. ; 5. Pull the handles down and back until your elbows pass your torso. ; 6. Return to full arm extension under control and repeat.","Leaning the torso back to start the pull, which turns a row into a whole body swing.; Stopping before the elbows pass the torso, so the mid back never fully contracts.; Letting the weight snap back at the end, which skips the eccentric.; Loading the two arms unevenly, which reinforces a side-to-side imbalance.","A plate-loaded machine row pulled from a high anchor, driving the elbows down and back into the upper back.","The Hammer Strength high row seats you against a pad with the handles above shoulder height, so the pull travels down and back rather than straight in. The main targets are the rhomboids, trapezius and rear deltoids, with the lats and biceps also working, which matches the flared elbow path the fixed overhand handles produce. Independent left and right work arms mean each side moves through its own range without the stronger side compensating.

In a catalog this clip covers a station that appears in nearly every commercial gym and is awkward to demo with stock footage. Use it in machine equipment filters, in upper back or posture-focused blocks where the pull angle is the point, and in athlete programs that need a heavy pull with no spinal loading.",posters/hammer-strength-high-row.webp,hammer-strength-high-row.mp4
hammer-strength-iso-lateral-row,,Hammer Strength Iso-Lateral Row,Back; Trapezius,Shoulders; Biceps,Machine,Pull,beginner,6.67,iso-lateral row; hammer strength; machine row; back; upper back; horizontal pull,Chest support eliminates momentum and lower back load.; Converging arms finish the pull with full scapular retraction.; Each side trains through its own range independently.,Plate-loaded row entry in gym-based machine program tracks.; Back hypertrophy blocks needing strict rowing volume.; Single-arm variant demos within one clip family.; Machine pull-angle comparison content against the high row.,1. Load both weight horns and set the seat so the handles line up with your chest. ; 2. Sit with your chest firmly against the pad and your feet flat on the floor. ; 3. Take a handle in each hand with your arms fully extended. ; 4. Draw your shoulder blades back and down to start the pull. ; 5. Row both handles toward your ribs until your elbows pass your torso. ; 6. Extend your arms slowly back to the stretched position and repeat.,"Coming off the chest pad to move more weight, which defeats the point of the support.; Finishing with the elbows flared high, which turns the row into a rear delt raise.; Rushing the return, so the lats lose the loaded stretch at the end of the range.; Gripping so hard that the forearms and biceps fatigue before the back does.","A chest-supported plate-loaded row with independent arms, pulling horizontally into the lats and mid back.","The Hammer Strength iso-lateral row locks your torso against an angled chest pad and lets each arm travel on its own converging path. Latissimus dorsi, rhomboids and mid trapezius carry the pull, with the rear deltoids and biceps assisting, and the pad holds the ribcage still so a body swing cannot add to the load. Because the handles converge as they come back, the pull finishes with the shoulder blades retracted rather than the elbows flared wide.

This is the machine row most program builders reach for when they want strict horizontal pulling volume at no cost to the lower back. It fits machine equipment filters, hypertrophy back blocks, and single-arm variations inside the same clip family.",posters/hammer-strength-iso-lateral-row.webp,hammer-strength-iso-lateral-row.mp4
hamstring-curl,,Hamstring Curl,Hamstrings,Calves,Dumbbell,Isolation,intermediate,9.87,hamstring curl; prone leg curl; dumbbell leg curl; hamstrings; isolation; knee flexion,"Trains knee flexion without a leg curl machine, so it works in a home gym.; Clamping the dumbbell adds an ankle and calf demand that a machine pad removes.; The setup enforces a slow tempo, which keeps the eccentric under control.",Home and garage gym program tracks.; Hamstring accessory blocks for machine free facilities.; Setup and safety instruction content for coaches.; Knee flexion volume for programs whose hinge work is already covered by deadlifts.,"1. Lie face down on a mat or bench with your legs straight and your hips flat. ; 2. Set a light dumbbell upright between your feet, or have a partner place it. ; 3. Squeeze the arches of your feet together until the dumbbell is fully secure. ; 4. Fold your arms in front of you and brace your abs. ; 5. Bend your knees to curl the dumbbell up toward your glutes. ; 6. Pause at the top, lower until the legs are almost straight, and repeat.","Starting too heavy, so the dumbbell slips out of the feet part way through the set.; Lifting the hips to help the curl, which loads the lower back instead of the hamstrings.; Letting the dumbbell drop at the end of the rep, which skips the eccentric and risks the ankles.; Rushing the reps, which makes the weight swing rather than the hamstrings pull.","Prone leg curl with a dumbbell held between the feet, isolating the hamstrings without a curl machine.","This is the prone dumbbell version of the leg curl: you lie face down, trap a light dumbbell between the arches of your feet and curl both heels toward your glutes. Only the knees bend, so the hamstrings do the work while the calves help clamp the dumbbell in place and the abs stop the hips lifting. Securing the weight is the difficult part, which is why the dumbbell variation is rated a step above a machine curl even though the joint action is identical. Start light, confirm the dumbbell is stable before the first rep, and keep the tempo slow in both directions.

For a library this is the free weight answer to a leg curl machine. It suits home and garage gym program tracks, hamstring accessory blocks where no machine exists, and instructional content on setting the dumbbell up safely.",posters/hamstring-curl.webp,hamstring-curl.mp4
hand-plank,,Hand Plank,Core,,Bodyweight,Core,beginner,9.87,hand plank; high plank; core exercise; abs; bodyweight; isometric,Builds full-core endurance and anti-extension strength.; Stabilizes the shoulders for pressing and overhead work.; Reinforces full-body bracing under your own bodyweight.,Beginner core flows in fitness apps; Warmup and movement-prep blocks in strength tracks; Bodyweight and home-workout program assets; Plank-progression education for online courses,"1. Start on all fours with your hands flat on the floor directly under your shoulders. ; 2. Step both feet back one at a time until your legs are straight and your body is in a long line. ; 3. Press the floor away to spread your shoulder blades and keep a slight rounding through the upper back. ; 4. Squeeze your glutes and brace your abs to stop your hips from sagging or piking up. ; 5. Hold the position with steady breathing, eyes looking down between your hands to keep a neutral neck. ; 6. Lower your knees back to the floor with control after the target time and rest before the next set.","Letting the hips sag toward the floor, which loads the lower back instead of the abs.; Piking the hips up high, which turns the plank into a partial downward dog and removes the core challenge.; Letting the head drop or crane forward, which strains the neck and breaks the body's straight line.; Locking the elbows and sinking into the shoulders instead of pressing the floor away.","A high plank held on straight arms — a foundational isometric for the abs, shoulders, and full-body bracing.","The hand plank is the most common isometric core hold in fitness. Held on straight arms with the body forming a long line from heels to head, it trains the abs to resist sagging while the shoulders and serratus stabilize the upper body. It's deceptively simple, which is exactly why it shows up in nearly every program.

For app and course content, this clip is a must-have inventory piece. It belongs in beginner onboarding, warmup flows, core circuits, and HIIT modules. It's also a key teaching frame — the hand plank position is the start of push-ups, mountain climbers, and burpees, so the same clip can support a full library of bodyweight progressions. A small asset with outsized utility.",posters/hand-plank.webp,hand-plank.mp4
hang-clean,,Hang Clean,Quadriceps; Glutes; Trapezius,Hamstrings; Back; Shoulders; Core,Barbell,Hinge; Pull,intermediate,9.87,hang clean; olympic lifting; barbell; power; triple extension; explosive,"Trains rate of force development through full hip and knee extension.; Teaches the second pull without the technical load of a floor start.; Builds trap, upper back and grip strength alongside the leg drive.",Power development blocks in strength and conditioning templates.; Teaching sequence that isolates the second pull before the floor start.; Barbell library entry for CrossFit and functional fitness apps.; Team sport athlete development decks that show explosive lifting.,"1. Set your feet at hip to shoulder width and grip the bar just outside your thighs with a double overhand grip. ; 2. Stand tall with the bar against the front of the thighs, chest up and lats engaged. ; 3. Push your hips back and slide the bar down to just above the knees, keeping the back angle fixed. ; 4. Drive the floor away and extend the knees and hips violently, keeping the bar in contact with the thighs. ; 5. Shrug the traps and pull your elbows up and around the bar as you drop under it. ; 6. Catch the bar racked on the front of the shoulders, stand up, then lower it back to the hang.","Pulling early with the arms, which kills bar speed and pushes the bar away from the body.; Letting the bar drift forward off the thighs, which forces a forward catch and a missed rack.; Rounding the back during the dip to the knees, which loads the lumbar spine under an explosive effort.; Catching with low elbows, which drops the bar off the shoulders and puts the load on the wrists.",Explosive barbell pull from the hang that finishes with the bar racked across the front of the shoulders.,"The hang clean starts with the barbell already at mid-thigh, so the lift removes the floor and trains the second pull directly. You hinge to slide the bar down the thighs, then extend the knees and hips violently, shrug the traps and pull the elbows through to rack the bar on the shoulders. The quadriceps, glutes and hamstrings supply the extension while the traps, upper back and spinal erectors finish the pull. Sources differ on whether the quadriceps or the hip extensors lead, so both are treated as primary alongside the traps.

For a catalog this clip covers the most requested teaching variant of the clean. It slots into power-development blocks, CrossFit and team-sport program builders, and technique explainers where the hang position needs showing without the floor pull.",posters/hang-clean.webp,hang-clean.mp4
hang-power-clean,,Hang Power Clean,Quadriceps; Glutes; Trapezius,Hamstrings; Back; Shoulders; Core,Barbell,Hinge; Pull,intermediate,7.73,hang power clean; olympic lifting; barbell; power; explosive; triple extension,"Develops explosive hip extension with a lower technical barrier than the full clean.; Reinforces a fast, aggressive turnover under the bar.; Builds trap, upper back and grip strength through heavy pulling volume.",Power development block in an athlete program builder; Progression step in an Olympic lifting teaching sequence; Exercise-library entry for a functional fitness or CrossFit app; Comparison content showing catch height against the full clean,"1. Take a clean grip just outside your thighs and stand tall with the bar against the front of the legs. ; 2. Brace your trunk and pull your shoulder blades back so the lats hold the bar close. ; 3. Hinge at the hips and slide the bar down to just above the knees with the back angle unchanged. ; 4. Drive through the whole foot and extend the knees and hips explosively into the bar. ; 5. Shrug and pull your elbows up and out, then whip them around the bar as you drop into a quarter squat. ; 6. Stand out of the partial catch with the bar racked, then return it to the hang under control.","Dropping into a full squat to catch, which turns the lift into a hang clean and loses the power target.; Bending the arms before full extension, which cuts the hip drive short and slows the bar.; Letting the bar swing away from the thighs, which forces a forward catch and stresses the wrists.; Landing with the feet wide and flat, which kills the ability to stand out of the receiving position.","Hang clean caught in a partial squat, so the bar is racked on the shoulders without dropping to parallel.","The hang power clean is the hang clean stopped short: you extend the hips violently from mid-thigh, pull under the bar and receive it on the shoulders in a quarter squat rather than a full front squat. The point of the variation is postural control, rate of force development and a more aggressive turnover under the bar, which is why coaches use it as the teaching step before the full clean. The glutes and spinal erectors are the prime movers, with the traps and forearm flexors supporting.

Shipped as an asset, this clip covers the power variant that program builders and CrossFit apps request separately from the full clean. Pair it with the hang clean animation so a library can show the catch height difference side by side, which is the single detail most users get wrong.",posters/hang-power-clean.webp,hang-power-clean.mp4
hang-snatch,,Hang Snatch,Quadriceps; Glutes; Trapezius,Shoulders; Hamstrings; Back; Core,Barbell,Hinge; Pull,advanced,9.6,hang snatch; olympic lifting; barbell; snatch; explosive; overhead,Develops maximal rate of force development through a full extension and turnover.; Trains overhead stability and shoulder position under speed.; Removes the floor pull so athletes can drill the second pull in isolation.,Advanced power block in a weightlifting program builder; Teaching progression sequence for the full snatch; Hang-position variant listed beside the full snatch in a barbell app; Coaching course content covering the turnover and overhead receive,"1. Take a wide snatch grip so the bar sits in the hip crease when you stand tall. ; 2. Stand up with the bar, brace your trunk hard and set your shoulders over the bar. ; 3. Hinge at the hips and lower the bar under control to your chosen hang position above the knees. ; 4. Drive through the whole foot and extend the hips and knees violently, keeping the bar against the legs. ; 5. Shrug, pull your elbows high and outside, and pull yourself down under the bar. ; 6. Receive the bar overhead with locked elbows, stand up, then return it to the hang.","Using a grip that is too narrow, which raises the required pull height and blocks a stable overhead receive.; Bending the elbows before full extension, which cuts the hip drive short.; Letting the bar loop away from the body, which pulls you forward and forces a missed catch.; Receiving with soft elbows or the bar in front of the head, which is the most common shoulder-injury pattern.",Wide-grip barbell snatch started from the hang and received overhead in one continuous pull.,"The hang snatch takes the barbell from mid-thigh to locked out overhead in a single movement. You brace, hinge to the chosen hang height, then extend the hips aggressively, pull the elbows up and out and drop under the bar to receive it with straight arms. It is programmed for postural strength, rate of force development and a more aggressive turnover, with sets kept to one to three reps. The glutes, erectors, adductors and quadriceps are the prime movers.

As a catalog asset this is the hardest of the Olympic derivatives to film cleanly, which is exactly why it earns a slot. Weightlifting apps, CrossFit libraries and coaching courses need a consistent overhead receive to reference, and one mannequin across the snatch family keeps a progression sequence coherent.",posters/hang-snatch.webp,hang-snatch.mp4
hanging-knee-raises,,Hanging Knee Raises,Core,,Bodyweight,Core,beginner,8.27,hanging knee raises; abs exercise; core training; bodyweight; pull-up bar; calisthenics,Builds lower-ab strength through a full bar-hung range.; Strengthens the grip and shoulders as a stability bonus.; Lays the foundation for harder hanging core progressions.,Intermediate core blocks in fitness apps; Calisthenics and pull-up bar program tracks; Abs-focused content for online training courses; Hanging core progression education for trainers,"1. Hang from a pull-up bar with hands shoulder-width apart and arms fully extended overhead. ; 2. Engage your shoulders by pulling them slightly down and back to keep your body stable. ; 3. Bend your knees and pull them up toward your chest by curling your hips under, not just lifting the legs. ; 4. Squeeze your abs hard at the top with your knees pulled high and your pelvis tilted up. ; 5. Lower your legs slowly back down over 2 to 3 seconds until you reach a dead hang again. ; 6. Repeat without swinging, letting the bar still completely between reps if needed.","Swinging the body for momentum, which removes ab engagement and turns the rep into a leg swing.; Lifting the knees with the hip flexors only, never tilting the pelvis up to load the abs.; Dropping the legs fast at the bottom, which trains the descent poorly and adds shoulder strain.; Hanging completely loose at the shoulders, which stresses the joints and reduces core stability.",A bar-hung knee raise that trains the abs and hip flexors — the entry point to hanging core work.,"The hanging knee raise is the cleanest way to load the abs from a dead hang. Hanging from a pull-up bar, you pull your knees up toward your chest by curling the pelvis under and engaging the abs through their full range. It's harder than a floor crunch because gravity adds load and the grip has to hold the body steady while the core works.

For app and course content, this clip belongs in any intermediate core block, calisthenics track, and abs-focused program. It's also the foundation for harder hanging variations like leg raises and toes-to-bar — making this clip essential for any progression library. Pair it with a hand plank and a Russian twist to cover the full beginner-to-intermediate core teaching set.",posters/hanging-knee-raises.webp,hanging-knee-raises.mp4
hiking,,Hiking,Quadriceps; Glutes,Hamstrings; Calves; Core; Back,Bodyweight,Cardio,beginner,7.2,hiking; walking; cardio; outdoor; trekking poles; legs,"Delivers cardiovascular work that scales with pace, terrain and pack weight.; Builds leg strength and balance through varied, uneven terrain.; Shifts effort toward the upper body when poles are used.",Outdoor and walking program tracks in a fitness app.; Low-intensity conditioning blocks on non-gym days.; Trail preparation plans built around ascent and descent.; Lifestyle content promoting outdoor cardio without a gym machine.,1. Set your poles to a length that lets the elbows sit near ninety degrees. ; 2. Settle into a walking rhythm you could hold for hours before adding terrain. ; 3. Plant the opposite pole as each foot lands to share the load with the arms. ; 4. Shorten your stride and keep the torso upright as the grade steepens. ; 5. Control the descent with bent knees and let the poles take some of the braking. ; 6. Ease the pace over the last stretch and stand tall to recover your breathing.,"Overstriding uphill, which spikes knee load and drains the quads early.; Locking the knees on descent, so braking force goes into the joints instead of the muscles.; Carrying poles without using them, which wastes their load-sharing effect.; Choosing terrain far above current conditioning, which is where most trail injuries start.","Pole-assisted trail walking, where pace and terrain set the cardiovascular demand and uneven ground works the stabilizers.","Hiking is walking with terrain added. Quadriceps, glutes, hamstrings and calves drive the ascent, while the descent is largely eccentric work as the glutes and quads stop the body falling forward, and uneven ground keeps the stabilizers busy throughout. Grade is one lever among several, alongside pace and pack weight. Poles change the distribution measurably: triceps activity rises many times over, and the climbing rise in lower back muscle activity runs about 104 percent without poles against 59 percent with them, so poles trim the added spinal demand rather than halve the demand.

For a catalog this clip covers outdoor step-based cardio without a machine. The frame shows level-ground pole walking rather than a climb. Use it in walking plans, outdoor program tracks, and low-intensity conditioning blocks.",posters/hiking.webp,hiking.mp4
hill-climb-repeats,,Hill Climb Repeats,Quadriceps,Glutes; Hamstrings; Calves,Bicycle,Cardio,intermediate,2.93,cycling; hill climb; intervals; cardio; quads; bike,"Builds pedal force at low cadence without leaving the saddle.; Adds a high-demand cycling stimulus that stays low impact.; Structures easily into repeatable, measurable training blocks.",Climbing-focused blocks in a structured ride plan.; Effort-based program builders for indoor training.; Coaching content on seated climbing position.; Progress screens comparing climb repeats across weeks.,"1. Warm up with easy riding until your legs and breathing are ready to work. ; 2. Choose a grade or resistance heavy enough to pull your cadence down. ; 3. Stay seated with your hips back and your upper body quiet. ; 4. Drive the pedals through the whole circle rather than stamping downward. ; 5. Hold the effort for the planned repeat, then recover on easy resistance. ; 6. Repeat the climb and recovery pattern, then spin easy to finish.","Standing up as soon as it gets hard, which changes the stimulus of the repeat.; Choosing resistance so heavy that form breaks and the knees take the load.; Rocking the shoulders side to side, which wastes energy without adding power.; Starting the next repeat before output has recovered, so quality falls away.","Repeated seated climbing efforts on the bike, holding heavy resistance at low cadence before recovering and going again.","Hill repeats replace speed with resistance. Each effort is ridden seated against a grade, so cadence drops, pedal force rises and the quadriceps take a longer, heavier contribution than they do on the flat, with glutes, hamstrings and calves supporting through the stroke. Repeats are structured like any interval set: a fixed effort, then a recovery long enough to restore output before the next one. Training studies comparing uphill and flat sprint work found uphill efforts produced greater aerobic demand during the recovery periods, which is part of why climbs feel harder to repeat.

For a catalog this clip covers the climbing effort in a cycling set, though its first frame is identical to the cycling-intervals and cycling-sprint clips: the protocol differs, the asset does not. Use it in structured ride plans, climbing-focused blocks, and effort-based program builders.",posters/hill-climb-repeats.webp,hill-climb-repeats.mp4
hip-hinge-speed-romanian-deadlift,,Hip Hinge Speed Romanian Deadlift,Hamstrings; Glutes,Core; Calves; Trapezius,Dumbbell,Hinge,intermediate,5.87,romanian deadlift; dumbbell; hamstrings; glutes; hip hinge; speed,"Trains fast hip extension without the technical demand of an Olympic lift.; Loads the hamstrings at long muscle length, where hinge variations do their work.; Dumbbells load each side independently, so imbalances show up quickly.",Power and speed blocks in athletic development templates.; Tempo media contrasting an explosive rep against a grinding one.; Posterior chain primer scheduled ahead of heavier hinge work.; Dumbbell hinge option for gyms without a loadable barbell.,"1. Hold a dumbbell in each hand with your feet hip-width apart. ; 2. Set your shoulders back, brace your trunk and soften the knees. ; 3. Push the hips straight back and let the dumbbells slide down your thighs. ; 4. Stop at mid-shin, or sooner if your hamstrings run out of stretch. ; 5. Snap the hips forward and stand tall without leaning back. ; 6. Reset your brace at the top and start the next repetition.","Bending the knees to chase depth, which turns the hinge into a squat.; Rounding the lower back at the bottom, which loads the spine instead of the hamstrings.; Letting the dumbbells drift away from the legs, which multiplies the load on the lower back.; Rushing the lowering phase as well as the drive, which removes the control the lift depends on.","A dumbbell Romanian deadlift trained for speed, hinging to a hamstring stretch and snapping the hips through.","The speed Romanian deadlift keeps the loading pattern of a standard RDL and changes the intent: you lower under control to the point where the hamstrings run out of length, then extend the hips as fast as you can. Knees stay softly bent, the spine stays long and the dumbbells track close to the thighs. The RDL is a posterior chain lift built on the erector spinae, gluteus maximus and hamstrings, with the calves, traps and grip holding position. The turnaround sits at roughly mid-shin, or wherever hamstring length stops the hinge.

The clip is worth carrying because speed and tempo variants are hard to show in a still image. It suits dumbbell filters, power blocks in athletic templates, and tempo prescription content where an app needs to show a grinding rep against an explosive one.",posters/hip-hinge-speed-romanian-deadlift.webp,hip-hinge-speed-romanian-deadlift.mp4
horizontal-leg-press-calf-press,,Calf Press,Calves,,Machine,Isolation,beginner,5.14,calf press; leg press; machine; calves; plantar flexion; gastrocnemius,"Loads the calves heavily without needing a dedicated calf raise machine.; The seat and back pad remove balance, so the ankle can move through full range.; Knee angle can be set to bias the gastrocnemius or the soleus.",High rep finisher sets where the sled removes the balance demand of standing raises.; Calf slot in lower body and leg day templates.; Companion asset on a leg press exercise page.; Gastrocnemius against soleus explainer content.,"1. Load the machine and sit with your back flat against the pad. ; 2. Place your feet on the plate at shoulder width and extend your legs. ; 3. Release the safeties, then slide your feet down so only the balls contact the plate. ; 4. Keep the knees just short of lockout and let your heels drop into a full stretch. ; 5. Push the plate away by extending the ankles and squeeze at the top. ; 6. Lower under control, then re-engage the safeties before stepping out.","Bending and straightening the knees, which turns the movement back into a leg press.; Bouncing out of the bottom, which skips the stretched position where the calves work hardest.; Pressing through the toes rather than the ball of the foot, which cramps the forefoot.; Repositioning the feet with the safeties disengaged, which risks the plate dropping.","A plantar flexion press on a horizontal leg press, driving the plate with the balls of the feet only.","The calf press turns a leg press into a calf machine. You set the balls of the feet on the bottom edge of the plate with the heels hanging free, extend the legs, then move only at the ankle: heels drop until the calves are fully stretched, then push the plate away by extending the ankles. Knee angle decides the split inside the calf. With the knee close to straight the gastrocnemius sits at long length and contributes most; with the knee bent it shortens and the soleus takes over. Both collapse to Calves in this catalog, so the copy carries the distinction the facet cannot.

For product use this is the machine calf asset that pairs with a leg press page, letting an app fill the calf slot without a dedicated calf station. It suits machine equipment filters, lower body finishers and gym-based programs.",posters/horizontal-leg-press-calf-press.webp,horizontal-leg-press-calf-press.mp4
incline-machine-chest-press,,Incline Machine Chest Press,Chest,Shoulders; Triceps,Machine,Push,beginner,9.33,chest; machine; chest press; incline; upper chest; push,Loads the upper chest without balancing a bar or dumbbells overhead.; Guided arc makes it a safe way to train close to failure without a spotter.; Seat adjustment lets the same machine serve very different body proportions.,Upper-chest accessory work in machine-based app programs; Machine equipment filters in a searchable exercise library; Beginner-friendly alternatives shown beside barbell incline pressing; Gym-floor instructional content for selectorized and plate-loaded presses,"1. Adjust the seat so the handles sit just below shoulder height and load the machine. ; 2. Sit back against the pad with your feet planted and your hips square in the seat. ; 3. Grip the handles with palms facing forward and set your shoulder blades down and back. ; 4. Exhale and press the handles up and forward until your elbows are nearly straight. ; 5. Hold the top position briefly without locking the elbows out hard. ; 6. Lower the handles under control until your chest feels a stretch, then repeat.","Starting with the handles above shoulder height turns the exercise into a shoulder press and loads the deltoids instead.; Letting the shoulder blades slide forward as you press puts the front of the shoulder under avoidable strain.; Pushing the head and upper back off the pad to move more weight shortens the range and stresses the neck.; Dropping the handles back quickly wastes the eccentric, which is where much of the chest stimulus comes from.","Seated machine press on an upward path that loads the upper chest along a fixed, guided arc.","The incline machine chest press drives the handles up and away from the body along a fixed arc. The pectoralis major remains the prime mover with a bias toward its clavicular, upper portion, while the deltoids and triceps take a larger share than in a flat press. EMG work on bench inclination supports the pattern: upper pectoral activity peaks near thirty degrees, and beyond forty-five degrees the anterior deltoid takes over.

The machine removes the balance and unracking demands of a barbell incline press, so beginners can hold shoulder blade retraction and press through a full range with no spotter.

As an asset this is the machine counterpart to incline barbell and dumbbell pressing. It fits machine equipment filters, upper-chest accessory slots and beginner chest programs.",posters/incline-machine-chest-press.webp,incline-machine-chest-press.mp4
incline-push-up,,Incline Push Up,Chest,Triceps,Bodyweight,Push,beginner,7.2,incline push up; push up; chest exercise; bodyweight; beginner; home workout,"Builds chest, triceps, and front-shoulder strength at a beginner-friendly load.; Provides a clear progression path toward a floor push-up.; Reinforces full-body bracing in the push-up position.",Beginner onboarding flows in fitness apps; Bodyweight push-up progression tracks for coaches; Deconditioned and senior-friendly program assets; Push-pattern teaching content for online courses,"1. Place your hands on a bench or sturdy box, slightly wider than shoulder-width, with arms straight. ; 2. Walk your feet back until your body forms a long line from your head to your heels. ; 3. Brace your core and squeeze your glutes so your hips don't sag or lift through the rep. ; 4. Lower your chest toward the bench by bending your elbows at about a 45-degree angle from your torso. ; 5. Stop just before your chest touches the bench, then press through your palms back to the start. ; 6. Lock out the arms at the top with your shoulder blades spread, then start the next rep.","Flaring the elbows out wide, which strains the front shoulders and reduces chest engagement.; Letting the hips sag toward the bench, which removes core tension and overloads the lower back.; Cutting the range short by lowering only halfway, which skips the deepest chest work.; Looking up and craning the neck instead of keeping the head in line with the spine.",A push-up performed with hands raised on a bench or box — the easier on-ramp to a full bodyweight push-up.,"The incline push up is the most common regression of the standard push-up. By placing the hands on a bench, box, or step, the angle reduces how much bodyweight you press, which makes the rep accessible to beginners while still training the chest, triceps, and front shoulders through a full range. As strength builds, the hands move lower to gradually progress toward a floor push-up.

For app and coaching content, this is essential beginner inventory. It belongs in onboarding flows, deconditioned-user programs, and bodyweight progression libraries. It's also the right teaching piece for older adults, return-from-injury users, and anyone who can't yet hold a clean floor push-up. Ship this clip alongside the standard push-up and the knee push-up to cover the full beginner-to-intermediate chest pattern.",posters/incline-push-up.webp,incline-push-up.mp4
incline-treadmill-walk,,Incline Treadmill Walk,Glutes; Quadriceps,Hamstrings; Calves,Machine,Cardio,beginner,9.33,incline walk; treadmill; cardio; glutes; low impact; walking,"Sustains glute, quadriceps and calf activity for longer than flat walking.; Produces about half the foot and sacrum impact of jogging at matched energy cost.; Scales precisely through speed and grade rather than technique.",Step-based and fat-loss plans in a fitness app.; Beginner cardio blocks that avoid running impact.; Treadmill onboarding screens explaining grade settings.; Hiking and rucking preparation blocks in outdoor sport programs.,"1. Straddle the belt, start the treadmill and step on once it is moving slowly. ; 2. Set a walking speed you can hold comfortably before touching the incline. ; 3. Raise the grade in stages until the effort feels sustained but conversational. ; 4. Stand tall with your hips under your shoulders and take normal length steps. ; 5. Let your arms swing freely rather than gripping the rails for support. ; 6. Lower the incline first, then the speed, and walk flat until breathing settles.","Hanging onto the handrails, which unloads the hips and cancels most of the incline effect.; Setting a speed too high for the grade, which turns walking into a shuffling run.; Leaning the torso into the belt, moving work off the glutes and into the lower back.; Jumping straight to maximum grade, which fatigues the calves long before the session ends.","Uphill walking on a treadmill, where the grade does the work and the glutes and quads take a longer, steadier load.","Raising the belt turns ordinary walking into a serious cardio option. Measured against jogging on the flat at a matched calorie cost, walking at a twenty percent grade produced lower peak muscle activation but longer sustained activity in biceps femoris, gluteus maximus, vastus lateralis, lateral gastrocnemius and soleus, along with roughly half the foot and sacrum acceleration. That combination, more muscular time under tension with less impact, is why incline walking is prescribed for people who should not be running. Cushioned decks reduce joint impact further.

For a catalog this is one of the highest-demand cardio clips in fitness apps right now. Use it in fat-loss and step-based plans, beginner cardio blocks, and low-impact alternatives to running.",posters/incline-treadmill-walk.webp,incline-treadmill-walk.mp4
indoor-cycling-spin,,Indoor Cycling (Spin Bike),Quadriceps,Glutes; Hamstrings; Calves,Machine,Cardio,beginner,9.07,spin bike; indoor cycling; cardio; quads; low impact; stationary bike,"Delivers scalable cardio with almost no joint impact.; Keeps the body in a fixed position, so effort is easy to control and compare.; Suits beginners and experienced riders on the same machine.",Studio-style cycling sessions in a fitness app.; Steady-state cardio blocks inside strength programs.; Equipment libraries needing a stationary bike distinct from a road bike.; Low-impact conditioning for joint-sensitive users.,1. Set the saddle level with the top of your hip bone while standing beside the bike. ; 2. Adjust the handlebars so you can reach them with a small bend in the elbows. ; 3. Clip or strap in and start pedalling against light resistance. ; 4. Keep your hips quiet in the saddle and your shoulders relaxed. ; 5. Add resistance until your cadence settles at the effort you are targeting. ; 6. Reduce resistance and spin easy for a few minutes before stepping off.,"Riding with the saddle too low, which crowds the knee and shortens the drive.; Spinning against almost no resistance, so the flywheel carries the legs round.; Gripping the bars hard and hunching, which tightens the neck and shoulders.; Bouncing in the saddle at high cadence instead of controlling the stroke.","Seated riding on a weighted-flywheel spin bike, the most programmable low-impact cardio pattern in a gym.","A spin bike fixes the body in one position and lets resistance do the programming. Muscle activity measured on an upright stationary bike is led by the lateral gastrocnemius, rectus femoris and gluteus medius, and across eight lower-limb muscles the quadriceps group responds most to changes in how the pedals are driven. Trunk and hip activity sits close to what a treadmill produces at the same low to moderate intensity, so a bike substitutes for other machines when impact has to stay near zero.

For a catalog this is the base cycling clip that studio, at-home and rehabilitation content all draw on. Use it in class-style sessions, steady-state cardio blocks, and equipment libraries where a stationary bike must be visually distinct from a road bike.",posters/indoor-cycling-spin.webp,indoor-cycling-spin.mp4
inverted-row,,Inverted Row,Trapezius; Back,Biceps,Bodyweight,Pull,beginner,7.47,inverted row; horizontal pull; back exercise; bodyweight; calisthenics; pull day,"Builds horizontal pulling strength as a foundation for the pull-up.; Develops the mid-back, lats, and biceps with bodyweight only.; Improves shoulder health by balancing out pressing work.",Pull-day flows in bodyweight and home-workout apps; Pull-up progression tracks for coaching platforms; Calisthenics program assets for online courses; Posture and back-strength content for trainers,"1. Set a barbell in a rack at about hip height or use a sturdy fixed bar at the same level. ; 2. Lie on your back under the bar and grip it with hands slightly wider than shoulder-width, palms facing forward. ; 3. Walk your feet out and lift your hips so your body forms a straight line from your heels to your head. ; 4. Pull your chest up to the bar by driving your elbows down and back, keeping your core braced. ; 5. Touch the bar with your chest and hold for a count, squeezing your shoulder blades together at the top. ; 6. Lower yourself slowly back to a full-arm hang over 2 to 3 seconds, then start the next rep.","Letting the hips sag, which removes the core from the lift and reduces the working range.; Pulling with the arms only and never squeezing the shoulder blades back, leaving the back out.; Cutting the range short by stopping before the chest touches the bar.; Dropping fast on the way down instead of controlling the descent, where most of the back work lives.",A bodyweight horizontal row pulled from under a fixed bar — the foundational pull for any back or pull-day program.,"The inverted row is the cleanest bodyweight horizontal pull there is. Lying under a fixed bar and pulling your chest up to it, you train the mid-back, lats, and biceps with full bodyweight load and zero equipment beyond the bar itself. It's also the perfect bridge between band rows and full pull-ups — strong enough to challenge intermediate users, scalable enough for total beginners.

For app and course content, this clip is a non-negotiable in any pull-day, calisthenics, or balanced bodyweight program. It's also one of the most-requested teaching pieces because most users have weak horizontal pulling, and the inverted row exposes that fast. Drop it into your pull-day asset library and pair with the band row and the pull-up for the full bodyweight pull progression.",posters/inverted-row.webp,inverted-row.mp4
jm-press,,JM Press,Triceps,Chest; Shoulders,Barbell,Push; Isolation,advanced,9.07,jm press; triceps; barbell; lockout; bench accessory; powerlifting,Loads the triceps heavily through the lockout range of the bench press.; Allows more weight than a skull crusher at a similar elbow-extension emphasis.; Trains the triceps when the chest and shoulders are already fatigued.,Bench-press accessory slot in a powerlifting program builder; Elbow-extension overload block in an arm hypertrophy app; Technique explainer contrasting it with skull crushers and close-grip bench; Exercise-library entry for a strength-focused coaching platform,"1. Lie back on a flat bench with your eyes under the bar and your shoulder blades pinched down. ; 2. Grip the bar about fifteen to eighteen inches apart with your wrists stacked over your elbows. ; 3. Unrack the bar and hold it over the upper chest with the arms extended. ; 4. Bend the elbows and roll the bar back toward your throat, keeping the elbows forward of the torso. ; 5. Stop when the forearms meet the biceps, then drive the bar back up by extending the elbows hard. ; 6. Finish the set and return the bar to the rack with the elbows locked.","Loading it like a bench press, which loads the elbow before the triceps are trained.; Letting the elbows drop behind the torso, which turns the lift into a press and shifts load to the shoulders.; Gripping too narrow, which destabilizes the bar and puts the wrists in a compromised position.; Programming it as often as a main press, when it is commonly run once a week as an accessory.",Barbell press that crosses a close-grip bench with a skull crusher to load the triceps at lockout.,"The JM press, named after powerlifter JM Blakley, lies between a close-grip bench press and a skull crusher. You take a grip around fifteen to eighteen inches apart, keep the elbows forward and roughly forty-five degrees from the torso, and lower the bar toward the throat until the forearms meet the biceps before pressing back. The triceps are the prime mover with the chest and front delts assisting, and it is a technical lift that punishes an overloaded bar.

In a catalog this covers a specific buyer need: powerlifting and arm-specialization programs ask for lockout accessories that are not another pushdown. The bar path is unusual enough that a static photo does not explain it, so the clip does real work in a program builder.",posters/jm-press.webp,jm-press.mp4
jump-rope,,Jump Rope,Calves,Quadriceps; Shoulders; Core,Bodyweight,Cardio; Plyometric,beginner,6.67,jump rope; skipping; cardio; calves; plyometric; conditioning,"Loads the calf and Achilles complex on every rebound, which is why it doubles as entry-level jump training.; Trains eye, foot and hand coordination through a repeating rhythm.; Packs into any space and any interval structure with one cheap tool.",Warm-up sequences in boxing and conditioning apps.; Circuit and interval timer screens with short work periods.; Beginner cardio ladders that progress by time rather than load.; Short-form content where the skipping rhythm reads instantly.,"1. Stand on the middle of the rope and check the handles reach your armpits. ; 2. Take an athletic stance with your chest lifted and shoulders back. ; 3. Hold the handles close to your body with your elbows slightly bent. ; 4. Turn the rope with your wrists rather than swinging from the shoulders. ; 5. Hop only as high as the rope needs, meeting the floor through the ball of the foot. ; 6. Let the heel settle after each contact and keep the knees soft.","Jumping far higher than the rope needs, which burns energy and raises landing load.; Swinging the whole arm to turn the rope, which tires the shoulders and loses rhythm.; Landing heavily and flat, which sends impact straight through the joints.; Adding volume too quickly when new to impact work, which is where shin complaints start.","Continuous two-foot rope jumping, landing through the ball of the foot with the wrists turning the rope.","Rope jumping is a rhythmic, low-amplitude bounce driven mainly by the calves and the elastic tissue around the ankle. Ground-contact measurements put the calf group and tibialis anterior well ahead in the two-foot bounce, while the alternating-foot version moves a large share of the work to the hip flexors and thigh. Each landing stretches and then rebounds the calf and Achilles complex, which is why repeated skipping counts as low-level stretch-shortening work as well as a cardio staple. The arms stay close to the body and the wrists do the turning.

For a catalog this is one of the highest-traffic cardio clips: cheap to program, easy to demonstrate, and used everywhere from boxing apps to school PE content. Use it in warm-ups, circuits and interval timers.",posters/jump-rope.webp,jump-rope.mp4
jump-squats,,Jump Squats,Glutes; Quadriceps,,Bodyweight,Plyometric,beginner,6.13,jump squats; plyometric; leg exercise; bodyweight; hiit; conditioning,Builds explosive lower-body power for sport and athletic performance.; Drives heart rate up fast for conditioning and fat loss.; Improves landing mechanics and joint resilience under impact.,HIIT and conditioning circuits in fitness apps; Athletic prep program assets for sport-training platforms; Bodyweight and home-fitness workout tracks; Plyometric education content for trainers and coaches,"1. Stand with your feet shoulder-width apart and your arms relaxed at your sides. ; 2. Drop quickly into a quarter to half squat by bending your knees and pushing your hips back. ; 3. Swing your arms back as you lower to load momentum for the jump. ; 4. Explode upward by extending the hips, knees, and ankles all at once, throwing your arms up overhead. ; 5. Land softly with bent knees and immediately absorb back into the squat position to cushion the impact. ; 6. Reset for half a second at the bottom and launch into the next rep with the same explosive intent.","Landing with locked-out, straight legs, which slams force through the knees and ankles.; Squatting too deep before the jump, which kills the spring and slows down the movement.; Letting the knees cave inward on landing, which strains the knees and shifts work off the glutes.; Slumping the chest forward at the bottom, which makes the launch weak and stresses the lower back.",An explosive bodyweight squat-and-jump that builds lower-body power — the staple plyometric for HIIT and conditioning.,"The jump squat is the most common lower-body plyometric in any program. You drop into a quick squat, then explode upward into a vertical jump, and absorb the landing back into the squat position. The point isn't depth — it's speed and force production. The glutes and quads do the work, while the calves and core support the launch and landing.

For app and course content, this clip lives in HIIT circuits, conditioning blocks, athletic prep tracks, and metabolic warmups. It's a low-equipment, high-impact way to add power training to any bodyweight program. Drop it in your conditioning library and pair with squats and lunges to build out a full bodyweight leg-training set. A useful piece for sport-prep apps and home-fitness platforms alike.",posters/jump-squats.webp,jump-squats.mp4
jumping-jack,,Jumping Jack,Quadriceps; Shoulders,Glutes; Calves; Core,Bodyweight,Cardio; Plyometric,beginner,8.8,jumping jack; bodyweight; cardio; warm up; plyometric; home workout,"Raises heart rate using nothing but bodyweight and a small footprint.; Works legs, hips, trunk and shoulders in one simple repeating pattern.; Scales down to a low-impact stepping version for any fitness level.",Warm up sequences in bodyweight and home workout apps.; Timed circuit screens where equipment cannot be assumed.; Beginner and youth programs needing an instantly recognizable move.; Low impact substitution content pairing jack and step variants.,1. Stand tall with your legs straight and your arms at your sides. ; 2. Bend your knees slightly and load the feet ready to jump. ; 3. Jump your feet out past hip width as your arms sweep overhead. ; 4. Land softly through the whole foot with the knees slightly bent. ; 5. Jump the feet back together and bring your arms down to your sides. ; 6. Keep the rhythm continuous for the prescribed time or repetitions.,"Landing with straight, locked knees, which sends impact into the joints.; Cutting the arm sweep short, which drops the shoulder work and the heart rate.; Performing them on concrete, which raises injury risk on repeated landings.; Piling on volume with no strength base, which the joints will register first.","Two-count bodyweight jump that opens the legs and sweeps the arms overhead, then closes back to a standing start.","The jumping jack is the simplest whole-body cardio movement there is: jump the feet wider than hip width while the arms sweep overhead, then jump back to the start. The load falls on the glutes, quadriceps and hip flexors, with the abdominal and shoulder muscles working to open and close the arms, and the calves absorbing each landing. It is classified as jump training, so the same landing rules that govern plyometrics apply: soft contacts, a base level of conditioning first, and avoid hard surfaces such as concrete.

For a catalog this clip earns its place in almost every warm-up and bodyweight circuit shipped in an app. Use it in no-equipment programs, warm-up sequences, timed circuits, and kids or beginner content where the pattern must be instantly recognizable.",posters/jumping-jack.webp,jumping-jack.mp4
kettlebell-alternating-curtsy-lunge,,Kettlebell Alternating Curtsy Lunge,Glutes,Quadriceps,Kettlebell,Lunge,intermediate,9.87,kettlebell curtsy lunge; glute medius; leg exercise; kettlebell; single leg; lower body,Targets the glute medius for hip shape and lateral stability.; Builds single-leg strength with a heavy crossover challenge.; Improves balance and hip control under load.,Glute-focused program assets in coaching platforms; Lateral-stability blocks in athletic training apps; Single-leg progression tracks for online courses; Hip-control content for trainer Reels and tutorials,"1. Hold a kettlebell at chest height in a goblet grip with both hands cupping the horns. ; 2. Stand tall with your feet hip-width apart and your core braced. ; 3. Step one foot diagonally back and across behind your front leg, like you're starting a curtsy. ; 4. Lower your back knee toward the floor by bending both legs, keeping the front knee tracking over the front foot. ; 5. Drive through the heel of your front foot to push back up to the start, returning the back leg to neutral. ; 6. Alternate sides each rep, keeping your torso upright and the kettlebell tight to your chest throughout.","Letting the front knee cave inward on the descent, which strains the knee and removes glute work.; Crossing the back leg too far behind, which forces the hips to rotate and breaks the stable stance.; Leaning the torso forward over the front leg, loading the lower back instead of the glutes.; Letting the kettlebell drop away from the chest, which destabilizes the upper body and shortens the rep.",A loaded crossover lunge that targets the glute medius and inner-leg stabilizers — a sharp tool for glute-focused programs.,"The kettlebell alternating curtsy lunge takes a classic lunge and crosses one leg behind the other in a curtsy pattern. That crossover loads the glute medius — the side of the glute responsible for hip stability — far more than a forward or reverse lunge does. Holding a kettlebell at chest height adds load and forces the core to brace as the hips rotate.

For app and course content, this clip is a strong inclusion in glute-focused programs, women's training tracks, and athletic hip-stability blocks. It's also useful in lateral-stability rehab-adjacent content for runners and team-sport athletes who need balanced glute strength. Drop it into your unilateral leg library next to the standard reverse lunge and the Bulgarian split squat for a complete single-leg coaching set.",posters/kettlebell-alternating-curtsy-lunge.webp,kettlebell-alternating-curtsy-lunge.mp4
kettlebell-assisted-bulgarian-split-squat,,Kettlebell Assisted Bulgarian Split Squat,Glutes; Quadriceps,,Kettlebell,Lunge,beginner,6.4,kettlebell bulgarian split squat; split squat; leg exercise; kettlebell; single leg; lower body,Builds single-leg glute and quad strength with manageable balance demands.; Bridges the gap between split squats and full-load Bulgarian split squats.; Improves hip mobility and stability through a deep range.,Beginner single-leg blocks in fitness apps; Return-from-injury and rehab-adjacent training tracks; Lower-body balance education for online courses; Bulgarian split squat progression assets for coaches,1. Stand a few feet in front of a bench and place the top of one foot back on the bench behind you. ; 2. Hold a light kettlebell at chest height with both hands cupping the horns in a goblet grip. ; 3. Brace your core and check that your front foot is far enough forward for the knee to bend cleanly. ; 4. Lower straight down by bending both legs until your back knee almost touches the floor. ; 5. Keep the kettlebell tight to your chest and your torso upright through the full descent. ; 6. Drive through the front heel to stand back up to the starting position and reset for the next rep.,"Placing the front foot too close to the bench, which forces the knee to push past the toes uncomfortably.; Letting the front knee cave in at the bottom, which strains the knee and shifts work off the glute.; Leaning forward over the front leg, loading the lower back instead of the working leg.; Pushing off the back foot for help, which removes the single-leg challenge from the rep.","A Bulgarian split squat performed with a kettlebell as a counterweight — easier balance, deeper range, real glute and quad work.","The kettlebell assisted Bulgarian split squat uses the kettlebell as a counterweight rather than added load. Holding the kettlebell at chest height shifts the center of mass forward, which makes the balance challenge of a Bulgarian split squat much more manageable for users learning the pattern. The result is a deeper, cleaner squat that still trains the front-leg glutes and quads.

For app and coaching content, this is a smart bridge piece between regular split squats and full-load Bulgarian split squats. It belongs in beginner-to-intermediate single-leg blocks, return-from-injury tracks, and any program teaching balance progressions. Drop it in your unilateral library as the on-ramp to the loaded Bulgarian split squat and pair with reverse lunges for a complete teaching set.",posters/kettlebell-assisted-bulgarian-split-squat.webp,kettlebell-assisted-bulgarian-split-squat.mp4
kettlebell-bench-press,,Kettlebell Bench Press,Chest,Triceps,Kettlebell,Push,beginner,9.87,kettlebell bench press; chest exercise; push day; kettlebell; horizontal press; upper body,"Builds horizontal pressing strength with a real stability demand.; Develops the chest, triceps, and front shoulders together.; Strengthens the rotator cuff for healthier overhead and pressing work.",Kettlebell-only program assets in fitness apps; Home and travel push-day workout tracks; Shoulder-stability content for coaching platforms; Kettlebell-pressing education clips for trainers,"1. Sit on a flat bench with two kettlebells resting on your thighs, gripping the handles with palms facing in. ; 2. Lie back on the bench while using your knees to kick the kettlebells up to a racked position at your shoulders. ; 3. Set your back with your shoulder blades pulled down and squeezed together against the bench. ; 4. Press both kettlebells straight up to full arm extension, rotating the palms slightly inward at the top. ; 5. Lower the kettlebells slowly back to the racked position with the bells resting against your forearms. ; 6. Pause briefly at the bottom, then press back up explosively for the next rep.","Letting the bells dangle off the wrists, which strains the wrist joints and shortens the working range.; Pressing the kettlebells out of sync, which creates side-to-side wobble and reduces total load tolerance.; Losing the shoulder-blade squeeze mid-rep, causing the shoulders to roll forward under load.; Flaring the elbows wide to 90 degrees, which strains the front shoulders and removes the chest from the lift.","A flat-bench press performed with kettlebells — the off-center load that challenges chest, triceps, and shoulder stability.","The kettlebell bench press swaps the dumbbell for a kettlebell, which shifts the load behind and below the wrist. That off-center position forces extra stability work from the front shoulders, triceps, and rotator cuff while the chest still does the pressing. It's the same horizontal press pattern as a dumbbell bench press, but with a higher stability cost.

For app and course content, this clip is a useful inclusion in kettlebell-only programs, home and travel training tracks, and shoulder-stability work. It's also a smart asset for coaches teaching the kettlebell rack and clean positions, since the press starts from the rack itself. Pair with a kettlebell floor press and a kettlebell overhead press to build out a full kettlebell pushing library.",posters/kettlebell-bench-press.webp,kettlebell-bench-press.mp4
kettlebell-calf-raise,,Kettlebell Calf Raise,Calves,,Kettlebell,Isolation,beginner,6.67,kettlebell calf raise; calf exercise; leg day; kettlebell; isolation; lower body,"Builds calf size and strength with a meaningful loaded stretch.; Strengthens the ankles for jumping, sprinting, and balance.; Improves push-off power for runners and athletes.",Leg-day finisher blocks in fitness apps; Kettlebell-only program tracks for coaches; Home and travel lower-body workout assets; Runner and athletic calf-strength education content,"1. Stand tall with your feet hip-width apart, holding a kettlebell at your side or in front at chest height. ; 2. Place the balls of your feet on a small step or platform with your heels hanging just off the edge. ; 3. Brace your core and keep your knees soft but straight throughout the entire rep. ; 4. Press up onto the balls of your feet by squeezing your calves and lifting your heels as high as possible. ; 5. Pause for a count at the top with the calves fully contracted and your weight balanced. ; 6. Lower your heels slowly below the platform over 2 to 3 seconds for a deep stretch, then drive back up.","Bouncing through the bottom of each rep, which uses tendon recoil instead of working the calf muscle.; Cutting the range short at the top, which leaves out the peak contraction where the calves grow.; Bending the knees mid-rep, which shifts work to the soleus only and reduces the gastrocnemius work.; Tipping forward at the hips for momentum instead of staying tall and pressing straight up.",A standing calf raise loaded with a kettlebell — direct calf isolation for any leg-day finisher block.,"The kettlebell calf raise loads a standing calf raise with a single kettlebell held at the hip or chest. With the heels lifting and lowering through a controlled range, the gastrocnemius and soleus do the work. Adding the kettlebell turns a low-load bodyweight rep into a real strength stimulus that challenges the calves into hypertrophy range.

For app and course content, this clip is a clean fit in kettlebell-only training programs, leg-day finisher blocks, and home workouts where a calf machine isn't available. It's also a useful teaching piece for runners and athletes who need to build calf strength for sport. Ship it as the entry-level loaded calf raise alongside the dumbbell version and the seated calf raise for a complete calf-training library.",posters/kettlebell-calf-raise.webp,kettlebell-calf-raise.mp4
kettlebell-curl,,Kettlebell Curl,Biceps,,Kettlebell,Isolation,beginner,5.87,kettlebell curl; bicep exercise; arm day; kettlebell; isolation; home workout,Builds bicep strength and size with extra grip and forearm load.; Reinforces wrist control under an off-center weight.; Adds a fresh stimulus to a routine that's grown used to dumbbells.,Kettlebell-only training tracks in fitness apps; Home and travel arm-day workout assets; Grip-strength accessory blocks in coaching platforms; Kettlebell-curl education content for trainers,"1. Stand tall with your feet hip-width apart, holding a kettlebell in each hand by the handle, palms facing forward. ; 2. Let the bells hang naturally below your wrists with your arms fully extended at your sides. ; 3. Brace your core and keep your elbows pinned to your ribs throughout the rep. ; 4. Curl both kettlebells up toward your shoulders by bending only at the elbows. ; 5. Squeeze the biceps hard at the top with the bells stacked over the wrists for a clean contraction. ; 6. Lower the kettlebells slowly back to full arm extension over 2 to 3 seconds, then start the next rep.","Letting the wrists bend back under the weight, which strains the wrist joints and shortens the curl.; Swinging the torso to start the rep, which uses momentum instead of bicep strength.; Letting the elbows drift forward at the top, which removes the biceps from the lift.; Cutting the range short by stopping before full extension, missing the deepest part of the bicep stretch.",A standing bicep curl performed with a kettlebell — the off-center load that adds extra forearm and grip work.,"The kettlebell curl is a standard bicep curl performed with a kettlebell instead of a dumbbell. The bell hangs below the wrist instead of sitting on top, which shifts the load behind the hand and forces the forearm and grip to work harder to keep the wrist neutral. The biceps still do the curling, but the surrounding muscles get a stronger pull.

For app and course content, this is a useful asset in kettlebell-only training tracks and home or travel programs. It's also a smart accessory inclusion for grip-strength work, since every rep loads the wrist and forearm extra. Ship it in your kettlebell library as the entry curl variation, then pair with the goblet curl and the kettlebell hammer curl for a complete kettlebell arm-training set.",posters/kettlebell-curl.webp,kettlebell-curl.mp4
kettlebell-farmers-carry,,Kettlebell Farmers Carry,Forearms,,Kettlebell,Carry,beginner,9.07,kettlebell farmers carry; loaded carry; grip training; kettlebell; core; functional strength,"Builds grip strength for pulls, deadlifts, and daily life.; Reinforces upright posture and full-core bracing under load.; Trains the traps, forearms, and shoulders in a single carry.",Grip and core blocks in functional-strength apps; Conditioning and finisher tracks for coaches; Older-adult and longevity program assets; Carry-pattern education content for online courses,"1. Set two heavy kettlebells on the floor at your sides, just outside your feet. ; 2. Hinge down to grip both handles with a strong, full-fist grip and a neutral spine. ; 3. Stand up by pushing through your heels and locking out your hips and knees at the top. ; 4. Pull your shoulders down and back to stand tall with the kettlebells hanging at your sides. ; 5. Walk forward with short, controlled steps, keeping your core braced and ribs stacked over hips. ; 6. Walk for the target distance or time, then hinge to set the kettlebells down with control.","Slumping the shoulders forward under the load, which strains the upper back and reduces grip endurance.; Swinging the kettlebells with each step, which wastes energy and breaks the bracing pattern.; Holding your breath through the carry, which spikes blood pressure and shortens the working set.; Setting the kettlebells down by collapsing the spine instead of hinging cleanly to the floor.",A heavy walking carry with kettlebells in each hand — full-body strength training disguised as a stroll.,"The kettlebell farmers carry is the simplest, most useful loaded carry in any program. You pick up two heavy kettlebells, stand tall, and walk. That walk trains your grip, forearms, traps, core, and posture all at once, and it transfers directly to real-world strength like carrying groceries, suitcases, or sports gear.

For app and course content, this clip is a foundational asset for grip programs, functional-strength tracks, and any general-fitness library. It's also a smart inclusion in older-adult and longevity programming, where carry strength predicts independence later in life. Drop it in your accessory and conditioning libraries — and pair it with a kettlebell deadlift to teach the full pick-up-and-carry sequence cleanly.",posters/kettlebell-farmers-carry.webp,kettlebell-farmers-carry.mp4
kettlebell-front-raise,,Kettlebell Front Raise,Shoulders,,Kettlebell,Isolation,beginner,6.67,kettlebell front raise; shoulder exercise; front delts; kettlebell; isolation; upper body,"Builds the front delts directly for shoulder shape and pressing strength.; Reinforces controlled, no-swing shoulder mechanics.; Improves shoulder stability and bracing under a centered load.",Shoulder-day accessory blocks in fitness apps; Kettlebell-only program tracks for coaching platforms; Beginner shoulder-strength content for online courses; Front-raise teaching clips for trainer tutorials,"1. Stand tall with your feet hip-width apart, holding a kettlebell by the horns with both hands. ; 2. Let the kettlebell hang in front of your hips with your arms straight and shoulders pulled down and back. ; 3. Brace your core to lock the torso in place so it can't swing or arch through the rep. ; 4. Raise the kettlebell straight out in front of you by lifting through the front shoulders only. ; 5. Stop when the kettlebell reaches roughly eye level with your arms straight and elbows soft. ; 6. Lower the kettlebell slowly back to the start over 2 to 3 seconds, then begin the next rep.","Swinging the torso to start the rep, which uses momentum instead of front-delt strength.; Lifting the kettlebell too high overhead, which shifts work to the traps and out of the front delts.; Bending the elbows mid-rep, which turns the raise into a partial curl and reduces shoulder isolation.; Letting the lower back arch to help lift, which strains the spine and removes the brace.",A controlled front raise with a kettlebell — direct front-delt isolation for shoulder-day accessory blocks.,"The kettlebell front raise is a classic shoulder isolation movement performed with a kettlebell instead of a plate or dumbbell. Holding the bell with both hands by the horns, you raise it from your hips to roughly eye level using only the front delts. The kettlebell shape keeps the load close to the centerline and forces clean, controlled raises with no swing.

For app and course content, this clip belongs in shoulder-day accessory blocks, kettlebell-only programs, and beginner shoulder-strength tracks. It's a clean teaching piece for the front-raise pattern because the two-handed grip removes most of the cheating options. Drop it in your shoulder library next to lateral raises and rear delt work for a complete delt-isolation training set.",posters/kettlebell-front-raise.webp,kettlebell-front-raise.mp4
kettlebell-goblet-curl,,Kettlebell Goblet Curl,Biceps,,Kettlebell,Isolation,beginner,6.4,kettlebell goblet curl; bicep exercise; arm day; kettlebell; isolation; home workout,"Builds bicep strength and size with a single piece of equipment.; Allows heavier loading for users with only one kettlebell.; Reinforces strict, no-swing curl mechanics with both arms working together.",Kettlebell-only arm-day blocks in fitness apps; Home and travel bicep training program tracks; Beginner curl-pattern education for online courses; Bicep accessory clips for trainer Reels and tutorials,"1. Stand tall with your feet hip-width apart, holding a single kettlebell by the horns with both hands. ; 2. Let the kettlebell hang in front of your hips with your arms straight and elbows pinned to your ribs. ; 3. Brace your core to lock your torso so it doesn't swing or rock through the rep. ; 4. Curl the kettlebell up toward your chest by bending both elbows together in a smooth motion. ; 5. Squeeze your biceps hard at the top with the kettlebell at chest height, holding briefly for the contraction. ; 6. Lower the kettlebell slowly back to full arm extension over 2 to 3 seconds, then start the next rep.","Swinging the torso to lift the kettlebell, which uses momentum instead of bicep strength.; Letting the elbows drift forward at the top, which removes the biceps from the lift.; Cutting the range short by stopping before full extension, missing the bottom stretch of the curl.; Letting the wrists bend back under the load, which strains the wrist joints and weakens the contraction.",A two-handed bicep curl performed with a single kettlebell — a kettlebell-only path to direct bicep work.,"The kettlebell goblet curl uses a single kettlebell held by the horns with both hands. From a hanging position at the hips, both biceps curl the kettlebell up to chest height in unison. The two-handed grip distributes load evenly between the arms and locks the wrists in a strong neutral position, which makes it a smart curl variation for users without dumbbells or a barbell.

For app and course content, this clip is a useful asset in kettlebell-only programs, home and travel tracks, and beginner arm-day blocks. It's also helpful for users who need to use one heavier kettlebell instead of two lighter ones. Ship it in your kettlebell library next to the standard kettlebell curl and the kettlebell hammer curl to round out the bicep teaching set.",posters/kettlebell-goblet-curl.webp,kettlebell-goblet-curl.mp4
kettlebell-goblet-squat,,Kettlebell Goblet Squat,Quadriceps,Glutes; Hamstrings; Core; Calves; Adductors,Kettlebell,Squat,beginner,6.13,goblet squat; kettlebell; quadriceps; squat; beginner; home workout,"The front load makes a deep, upright squat available to most beginners.; One kettlebell is enough, so it works in home and minimal equipment settings.; It teaches the squat pattern before a barbell is introduced.",Kettlebell filter entry where one bell has to cover the main leg lift.; Teaching asset in squat technique and onboarding content.; Main lower body lift in minimal equipment programs.; Warm-up squat before heavier barbell work.,1. Stand with your feet about shoulder width and your toes turned out slightly. ; 2. Hold a kettlebell by the horns with both hands at chest height. ; 3. Keep the elbows tucked close to your ribs and brace your trunk. ; 4. Push the hips back and bend the knees together to descend. ; 5. Lower until your thighs are at least parallel to the floor. ; 6. Drive through the whole foot to stand and reset at the top.,"Letting the kettlebell drift away from the chest, which pulls the torso forward.; Rounding the lower back at the bottom, which loads the spine rather than the legs.; Lifting the heels to reach depth, which moves load onto the front of the knee.; Letting the knees fall inside the toes, which cuts the force the quadriceps can produce.","A squat holding a kettlebell by the horns at chest height, which keeps the torso upright through full depth.","The goblet squat loads the front of the body with a single kettlebell held at the chest, gripping the horns of the handle. That counterweight lets most people sit into a deeper squat with a taller torso than they manage unloaded, which is why coaches use it to teach the pattern before adding a bar. The quadriceps drive knee extension, the glutes and hamstrings extend the hips, and the trunk works to stop the kettlebell pulling the chest down. The descent is normally taken to the point where the hips drop below the knees.

For a catalog this is the kettlebell squat everyone looks for. It fills the kettlebell equipment filter, anchors home and minimal-equipment programs, and works as the teaching asset in squat technique content where depth and posture matter more than load.",posters/kettlebell-goblet-squat.webp,kettlebell-goblet-squat.mp4
kettlebell-gorilla-row,,Kettlebell Gorilla Row,Back,Biceps,Kettlebell,Pull,intermediate,9.87,kettlebell gorilla row; back exercise; lats; kettlebell; pull day; horizontal pull,Builds lat and biceps thickness with heavy bilateral loading.; Trains anti-rotation strength through the core every single rep.; Reinforces a strong hip hinge under sustained kettlebell load.,Kettlebell pull-day workouts in fitness apps; Hybrid strength and conditioning programming; Intermediate kettlebell technique education modules; Coach Reels and TikToks for kettlebell content,"1. Stand over two kettlebells with feet wider than shoulder width and toes turned slightly out. ; 2. Hinge at the hips and grip both handles with a flat back, chest proud, and arms hanging straight down. ; 3. Brace your core and row the right kettlebell to your hip, keeping the elbow close to the ribs. ; 4. Lower the right bell back to the floor under control while keeping the left arm long and loaded. ; 5. Row the left kettlebell to your hip with the same tight elbow path, fighting any rotation in the torso. ; 6. Continue alternating sides for the full set, keeping the hips square and the back flat throughout.","Rotating the torso to throw the kettlebell up instead of pulling cleanly with the back.; Letting the elbow flare wide, which shifts the load off the lats and onto the rear shoulders.; Rounding the lower back at the bottom of each rep, which strains the spine under load.; Yanking the bell off the floor with the arm instead of pulling with the lat and mid-back.",An alternating two-kettlebell row from a wide stance that hammers the lats and biceps with constant tension.,"The kettlebell gorilla row is a wide-stance, alternating row performed with two kettlebells on the floor between the feet. While one bell is pulled to the hip, the other stays grounded as a stabilizer, which keeps the lats, mid-back, and biceps loaded the entire set and trains anti-rotation through the trunk.

For kettlebell-focused apps and conditioning platforms, this is one of the most search-friendly variations to ship — users explicitly look it up by name. Drop it into pull-day kettlebell flows, hybrid strength-and-conditioning blocks, and intermediate technique modules where the cue work matters more than the load.

",posters/kettlebell-gorilla-row.webp,kettlebell-gorilla-row.mp4
kettlebell-hip-thrust,,Kettlebell Hip Thrust,Glutes,,Kettlebell,Hinge,beginner,6.93,kettlebell hip thrust; glute exercise; glutes; kettlebell; lower body; home workout,Builds glute size and strength through a full hip extension range.; Trains lockout power that carries over to deadlifts and sprinting.; Loads the glutes directly without stressing the lower back.,Home and travel lower-body workouts in fitness apps; Women's training and glute-focused programming; Beginner glute pattern education in coaching platforms; Hypertrophy assets for kettlebell-only training tracks,"1. Sit on the floor with your upper back against a sturdy bench and a kettlebell resting on your hips. ; 2. Plant your feet shoulder-width apart, knees bent, with your shins close to vertical at the top of the rep. ; 3. Brace your core and drive through your heels to lift your hips up toward the ceiling. ; 4. Squeeze your glutes hard at the top, with your torso and thighs forming a straight line. ; 5. Lower your hips slowly back toward the floor, keeping tension on the glutes the whole way down. ; 6. Tap the floor lightly with your hips and drive back up for the next rep without losing position.","Pushing the hips up by overarching the lower back instead of driving through the glutes.; Letting the knees cave inward at lockout, which shifts load off the glutes and onto the joints.; Stopping short of full hip extension, which leaves the strongest part of the rep on the table.; Resting the kettlebell on the stomach rather than the hip crease, which limits how high the hips can travel.",A bench-supported hip thrust loaded with a kettlebell on the hips — the home-friendly answer to the barbell version.,"The kettlebell hip thrust is the most accessible loaded glute bridge variation. With the upper back on a bench and a kettlebell resting on the hips, the lifter drives through the heels to extend the hips and lock out at the top, isolating the glutes through a full range of motion without needing a barbell setup.

This clip earns its place in any home or hotel-gym program where a barbell isn't realistic, and in beginner glute education tracks where teaching the hip extension pattern matters more than chasing load. It's also a staple for women's training apps and lower-body hypertrophy blocks where the kettlebell is the primary tool.",posters/kettlebell-hip-thrust.webp,kettlebell-hip-thrust.mp4
kettlebell-incline-bench-press,,Kettlebell Incline Bench Press,Chest,Shoulders; Triceps,Kettlebell,Push,beginner,5.33,kettlebell incline bench press; upper chest; chest exercise; kettlebell; push day; upper body,"Builds upper-chest size with a longer, more natural range of motion.; Strengthens the front shoulders and triceps in the pressing pattern.; Spares the wrists and shoulders compared to a fixed-bar incline press.",Kettlebell push-day flows in strength training apps; Upper-chest hypertrophy programming for coaching platforms; Shoulder-friendly press alternatives in rehab-adjacent content; Home-gym programming for kettlebell-only training tracks,"1. Set an adjustable bench to a 30 to 45 degree incline and sit with a kettlebell in each hand on your thighs. ; 2. Lie back and use your knees to kick the kettlebells up to the rack position at your shoulders. ; 3. Pull your shoulder blades back and down into the bench and brace your core before pressing. ; 4. Press both kettlebells up and slightly together until the arms are extended over the upper chest. ; 5. Lower the bells slowly back to the rack position with elbows tracking at about 45 degrees from the torso. ; 6. Pause briefly at the bottom with the chest stretched, then press back up for the next rep.","Letting the elbows flare straight out to the sides, which strains the front shoulders.; Pressing the kettlebells with wrists bent backward instead of stacked over the forearm.; Bouncing the bells off the shoulders instead of controlling the bottom of each rep.; Lifting the hips off the bench to leverage the press, which kills the upper-chest stretch.","An incline press with two kettlebells that builds the upper chest, front shoulders, and triceps with a deep, joint-friendly groove.","The kettlebell incline bench press is a two-kettlebell upper-chest press performed on an inclined bench. The offset weight of the bells pulls the wrists into a neutral, slightly rotated position, which lets the shoulders move through a deeper range of motion than a barbell allows while still loading the upper chest, front shoulders, and triceps.

For kettlebell-only apps and home-gym content, this is the cleanest way to cover the incline press pattern without a barbell. Use it in push-day kettlebell flows, upper-body hypertrophy blocks, and shoulder-friendly pressing tracks where users with cranky shoulders need an alternative to a fixed-bar press.",posters/kettlebell-incline-bench-press.webp,kettlebell-incline-bench-press.mp4
kettlebell-push-press,,Kettlebell Push Press,Shoulders,Triceps,Kettlebell,Push,beginner,5.33,kettlebell push press; overhead press; shoulders; kettlebell; push day; conditioning,Builds overhead pressing strength heavier than a strict press allows.; Trains explosive leg-to-arm power transfer for athletic carryover.; Develops shoulder and triceps size under sustained kettlebell loading.,Kettlebell push-day workouts in strength apps; HIIT and conditioning circuits for fitness platforms; Athletic prep programming for sport-specific tracks; CrossFit-style training content for coach creators,"1. Stand with feet shoulder-width apart and clean a kettlebell to the rack position at your shoulder. ; 2. Brace your core and dip slightly at the knees and hips, keeping your torso vertical. ; 3. Drive explosively through your heels to extend the legs and launch the kettlebell upward. ; 4. Press the bell to full lockout overhead with the bicep alongside your ear and the wrist stacked. ; 5. Lower the kettlebell back to the rack position under control, absorbing with a soft knee bend. ; 6. Reset your stance and brace, then dip and drive again for the next rep.","Turning the dip into a deep squat instead of a short, fast drop and drive.; Pressing with the arm before the leg drive transfers, which kills the power assist.; Letting the wrist bend backward at lockout, which loads the joint instead of the shoulder.; Leaning back into the lower spine to finish the press instead of pressing straight up overhead.","A leg-driven overhead press with the kettlebell racked at the shoulder, training the shoulders and triceps with athletic power.","The kettlebell push press is an overhead press that uses a short dip and drive from the legs to launch the bell overhead. The leg drive lets you move heavier loads than a strict press, while the lockout and lowering phase still hammer the shoulders and triceps. The bell sits in the rack position against the forearm, which keeps the wrist neutral and the elbow tucked.

This clip is a staple in any kettlebell library and a workhorse for HIIT, conditioning, and CrossFit-style content. Drop it into push-day kettlebell flows, athletic conditioning blocks, and intermediate technique modules where teaching the dip-and-drive timing is the core lesson.",posters/kettlebell-push-press.webp,kettlebell-push-press.mp4
kettlebell-romanian-deadlift,,Kettlebell Romanian Deadlift,Glutes; Hamstrings,Core,Kettlebell,Hinge,beginner,9.87,kettlebell romanian deadlift; hinge; hamstrings; glutes; kettlebell; back chain,Builds hamstring and glute strength through a deep loaded stretch.; Teaches the hip hinge pattern that underpins every deadlift variation.; Strengthens the lower back's role as a stabilizer under load.,Beginner hinge pattern onboarding in fitness apps; Kettlebell foundation tracks for coaching platforms; Back-chain accessory work in hypertrophy programs; Home and travel lower-body workouts in kettlebell apps,"1. Stand with feet hip-width apart and hold a kettlebell with both hands in front of your thighs. ; 2. Pull your shoulder blades back and brace your core to lock the spine in a neutral position. ; 3. Push your hips back and let the kettlebell travel down the front of your legs with a slight knee bend. ; 4. Lower the bell until you feel a deep stretch in the hamstrings, usually around mid-shin. ; 5. Drive your hips forward to stand back up, keeping the kettlebell close to your body the whole way. ; 6. Squeeze your glutes hard at the top and reset your brace before the next rep.","Turning the lift into a squat by bending the knees instead of pushing the hips back.; Rounding the lower back as the kettlebell lowers, which loads the spine instead of the hamstrings.; Letting the kettlebell drift away from the body, which pulls the lifter forward and strains the back.; Hyperextending the lower back at lockout instead of standing tall with squeezed glutes.","A kettlebell hinge that loads the hamstrings, glutes, and lower back through a slow, controlled stretch.","The kettlebell Romanian deadlift is a hip-hinge exercise where the lifter lowers a kettlebell down the front of the legs by pushing the hips back, not by squatting down. The slow lowering phase loads the hamstrings and glutes through a long stretch, while the lower back stabilizes against the load. It's one of the cleanest ways to teach the hinge pattern with a single kettlebell.

For app builders, this is a beginner-friendly entry point to the deadlift family — easier to coach than a barbell RDL and safer for first loaded reps. Use it in beginner onboarding flows, kettlebell foundation tracks, and back-chain accessory blocks for intermediate and advanced lifters.",posters/kettlebell-romanian-deadlift.webp,kettlebell-romanian-deadlift.mp4
kettlebell-row,,Kettlebell Row,Back,Biceps,Kettlebell,Pull,beginner,5.6,kettlebell row; back exercise; lats; kettlebell; horizontal pull; pull day,"Builds lat and biceps size with a deep, unrestricted range of motion.; Trains the horizontal pull pattern that balances out pressing work.; Strengthens the lower back and core's role in holding the hinge under load.",Kettlebell pull-day workouts in fitness apps; Home-gym back programming for coaching platforms; Beginner row pattern education modules; Hypertrophy assets for kettlebell-only training tracks,"1. Stand with feet shoulder-width apart and a kettlebell on the floor outside each foot. ; 2. Hinge at the hips with a flat back and grip both handles, letting the bells hang from straight arms. ; 3. Brace your core and pull both kettlebells up toward your lower ribs, leading with the elbows. ; 4. Squeeze your shoulder blades together at the top and keep the elbows tucked close to your sides. ; 5. Lower the bells slowly back toward the floor, fighting the descent for the full range. ; 6. Repeat for the full set without losing the hinge position or rocking the torso for momentum.","Standing more upright as the set goes on, which turns the row into a shrug.; Yanking the bells up with arm-only effort instead of pulling with the back.; Letting the elbows flare wide, which shifts work off the lats and onto the rear shoulders.; Rounding the lower back at the bottom, which loads the spine instead of the back muscles.",A bent-over two-kettlebell row that builds the lats and biceps in a horizontal pull pattern.,"The kettlebell row is a bent-over horizontal pull performed with a kettlebell in each hand. The lifter hinges forward, lets the bells hang from straight arms, and pulls them up to the ribs while keeping the torso braced and parallel to the floor. The neutral grip is friendlier on the wrists than a barbell row and lets the elbows tuck closer to the sides to better target the lats.

This is a workhorse clip for any kettlebell library and a clean teaching piece for the row pattern. Ship it in pull-day kettlebell flows, home-gym programs, and beginner-to-intermediate back-building tracks where the goal is volume on the lats and biceps without a barbell setup.",posters/kettlebell-row.webp,kettlebell-row.mp4
kettlebell-row-single,,Kettlebell Row (Single),Trapezius; Back,Biceps,Kettlebell,Pull,beginner,5.07,single kettlebell row; back exercise; lats; mid back; kettlebell; unilateral,"Builds mid-back and lat size one side at a time, exposing weak sides.; Trains anti-rotation strength through the trunk on every rep.; Requires only one kettlebell, making it ideal for minimal-equipment setups.",Home and travel back workouts in kettlebell apps; Unilateral training blocks for coaching platforms; Beginner row pattern education modules; Pull-day programming for minimal-equipment training tracks,"1. Stand with one foot forward in a short stagger and a kettlebell on the floor next to the back leg. ; 2. Hinge at the hips and rest your non-working hand on the front thigh for support, keeping a flat back. ; 3. Grip the kettlebell with the working hand and let the arm hang straight down with the bell loaded. ; 4. Brace your core and row the kettlebell up to your hip, leading with the elbow close to the ribs. ; 5. Squeeze your mid-back at the top, then lower the bell slowly back toward the floor under control. ; 6. Finish all reps on one side, then switch stance and arms and repeat on the other side.","Twisting the torso open to throw the kettlebell up instead of staying square to the floor.; Letting the elbow flare wide, which loads the rear shoulder instead of the mid-back and lats.; Rounding the lower back when the bell is on the floor, which strains the spine.; Pulling with the biceps only and skipping the shoulder-blade squeeze at the top of the rep.","A staggered-stance kettlebell row that loads the mid-back, lats, and biceps one side at a time.","The single kettlebell row is a one-handed bent-over row performed from a staggered stance. With one foot forward and the non-working hand resting on the front thigh for support, the lifter hinges forward and rows the kettlebell to the hip with the working side. Working unilaterally lets each side move through a full range and exposes any left-right strength gap.

This variation is a staple in any kettlebell library because it requires only one bell and minimal space. Use it in home and travel kettlebell programs, unilateral training blocks, and beginner pull-day flows where the staggered stance is easier to coach than a fully bent-over row.",posters/kettlebell-row-single.webp,kettlebell-row-single.mp4
kettlebell-seated-overhead-press,,Kettlebell Seated Overhead Press,Shoulders,Triceps,Kettlebell,Push,beginner,5.33,kettlebell seated overhead press; shoulders; overhead press; kettlebell; push day; upper body,"Builds strict shoulder and triceps strength without help from the legs.; Develops shoulder size through a long, loaded overhead range.; Reinforces a vertical press path that protects the lower back.",Shoulder hypertrophy blocks in strength training apps; Beginner overhead pressing tracks for coaching platforms; Rehab-adjacent shoulder rebuilding content; Kettlebell push-day programming for fitness apps,"1. Sit on a bench with back support and a kettlebell in each hand, racked at your shoulders. ; 2. Plant your feet flat on the floor and brace your core to lock the torso in place. ; 3. Press both kettlebells straight up overhead until the arms are fully extended. ; 4. Finish with the wrists stacked over the elbows and the bells resting on the back of the forearms. ; 5. Lower the bells slowly back to the rack position with elbows tracking forward, not flaring wide. ; 6. Pause briefly at the bottom, reset the brace, and press again for the next rep.","Arching the lower back to leverage the press instead of staying braced and vertical.; Letting the wrists bend backward at lockout, which strains the joint.; Pressing the bells out in front of the head instead of straight up over the shoulders.; Bouncing the kettlebells off the shoulders at the bottom instead of pausing under control.",A strict seated press with two kettlebells that isolates the shoulders and triceps without leg drive.,"The kettlebell seated overhead press is a strict overhead press performed seated on a bench with a kettlebell in each hand. Sitting removes the legs and lower back from the lift, forcing the shoulders and triceps to do the work. The bells rest in the rack position against the forearms, which keeps the wrists neutral and the elbows tucked tight.

For app builders, this is a clean inclusion in any shoulder-focused training block where strict pressing is the goal. Drop it into hypertrophy programs, beginner shoulder strength tracks, and rehab-adjacent content where the seated position helps lifters who can't yet stabilize a standing press.",posters/kettlebell-seated-overhead-press.webp,kettlebell-seated-overhead-press.mp4
kettlebell-shrug,,Kettlebell Shrug,Trapezius,,Kettlebell,Isolation,beginner,4.27,kettlebell shrug; traps; upper traps; kettlebell; accessory; upper body,Builds upper-trap size and visible neck and shoulder thickness.; Strengthens the traps' role in stabilizing heavy carries and pulls.; Improves posture and neck support for desk-bound lifters.,Upper-body accessory work in hypertrophy programs; Post-pull-day finisher assets for fitness apps; Neck and posture content for office-worker programs; Physique-focused training tracks in coaching platforms,"1. Stand tall with feet hip-width apart and a kettlebell in each hand hanging at your sides. ; 2. Pull your shoulder blades back and down to set a tall, neutral starting position. ; 3. Lift both shoulders straight up toward your ears without bending the elbows. ; 4. Pause briefly at the top with the traps fully contracted, keeping the chin neutral. ; 5. Lower the kettlebells slowly back to the start by letting the shoulders drop under control. ; 6. Repeat for the full set, keeping the lift purely vertical without rolling the shoulders.","Rolling the shoulders forward and back instead of lifting straight up, which stresses the joint.; Bending the elbows to pull with the biceps instead of isolating the traps.; Jutting the chin forward at the top of the shrug, which loads the neck.; Cutting the range short by barely lifting the shoulders, leaving most of the trap work undone.",A standing shrug with two kettlebells that isolates the upper traps through a clean vertical lift.,"The kettlebell shrug is a single-joint accessory exercise that targets the upper traps. With a kettlebell in each hand hanging at the sides, the lifter elevates the shoulders straight up toward the ears, holds briefly at the top, and lowers under control. The neutral grip and offset weight of the bells make it easier to keep the arms relaxed and let the traps do the work.

This is a clean accessory clip for any back, shoulder, or neck-development block. Ship it in upper-body hypertrophy programs, post-pull accessory work, and physique-focused tracks where building visible trap mass is part of the goal. Also a clean fit in posture and neck-strength content for desk-bound users.",posters/kettlebell-shrug.webp,kettlebell-shrug.mp4
kettlebell-single-arm-row,,Kettlebell Single Arm Row,Back,Biceps,Kettlebell,Pull,beginner,8.27,kettlebell single arm row; back exercise; lats; kettlebell; unilateral; pull day,Builds lat and biceps size one side at a time for balanced back development.; Allows a deeper range of motion than a standing or two-arm row.; Spares the lower back by using a bench for support under load.,Pull-day programming in strength training apps; Unilateral back training blocks for coaching platforms; Beginner row pattern education modules; Coach Reels and TikToks for back-building content,"1. Place one knee and same-side hand on a flat bench with the opposite foot planted on the floor. ; 2. Reach down and grip a kettlebell with the working hand, letting the arm hang straight from the shoulder. ; 3. Brace your core and keep your back flat and parallel to the floor. ; 4. Row the kettlebell up to your hip, leading with the elbow and keeping it close to your ribs. ; 5. Squeeze your shoulder blade in toward the spine at the top, then lower the bell slowly back down. ; 6. Finish all reps on one side before switching positions and repeating on the other arm.","Twisting the torso open to throw the kettlebell up instead of pulling cleanly with the lat.; Letting the elbow flare wide, which loads the rear shoulder instead of the back.; Letting the shoulder shrug up at the top, swapping back work for trap involvement.; Cutting the bottom of the rep short and losing the long stretch on the lat.","A bench-supported one-arm kettlebell row that isolates the lats and biceps with a clean, full range.","The kettlebell single arm row is a bench-supported, one-handed row that isolates the back one side at a time. With one knee and one hand on a bench for support, the lifter pulls a kettlebell from a long, loaded stretch up to the hip. The supported position takes the lower back out of the equation and lets the working side move through a deeper range than an unsupported row.

This is one of the most search-friendly back exercises in any library and a workhorse for coaches and creators. Use it in pull-day flows, beginner back-building tracks, and unilateral programming blocks aimed at fixing left-right imbalances or rebuilding strength after a layoff.",posters/kettlebell-single-arm-row.webp,kettlebell-single-arm-row.mp4
kettlebell-spinal-jefferson-curl,,Kettlebell Spinal Jefferson Curl,Core,,Kettlebell,Stretch,intermediate,7.2,kettlebell jefferson curl; mobility; lower back; kettlebell; spinal flexion; loaded stretch,"Builds loaded mobility and resilience through full spinal flexion.; Strengthens the lower back across a long, controlled range.; Improves end-range hamstring flexibility under light load.",Mobility and warmup blocks in fitness apps; Gymnastics-strength and movement-quality programming; Loaded stretching modules in online course platforms; Spinal-health content for coach creators and educators,"1. Stand on a sturdy box or bench holding a light kettlebell with both hands in front of your thighs. ; 2. Tuck your chin to your chest and begin rolling your spine down one vertebra at a time. ; 3. Let the kettlebell travel down toward the floor as the spine flexes through its full range. ; 4. Reach the deepest comfortable stretch with knees mostly straight, not locked out. ; 5. Reverse the motion by stacking the spine back up from the lower back to the head. ; 6. Finish standing tall with the kettlebell in front of the thighs and reset before the next rep.","Loading too heavy too soon, which turns a mobility drill into a back strain risk.; Bending the knees deeply to reach the floor instead of moving through the spine.; Rushing the descent instead of moving one segment at a time with control.; Skipping the slow stack-up on the way back, which is where most of the strength gain lives.",A slow segmental spinal flexion with a light kettlebell that builds end-range loaded mobility through the back.,"The kettlebell Jefferson curl is a deliberate, slow spinal flexion done with a light kettlebell. Standing on a bench or platform, the lifter lets the bell hang from straight arms and rolls the spine down one segment at a time, then reverses the motion to stack the spine back up. The goal is loaded mobility through end-range flexion, not raw strength.

This clip belongs in any mobility, gymnastics-strength, or movement-quality library. It's a staple for advanced trainees building bulletproof back resilience, and a good fit for online courses and creator content covering loaded stretching, spinal health, and end-range training. Light loads only — this is a quality-of-movement piece, not a strength lift.",posters/kettlebell-spinal-jefferson-curl.webp,kettlebell-spinal-jefferson-curl.mp4
kettlebell-sumo-deadlift,,Kettlebell Sumo Deadlift,Glutes,Core; Quadriceps,Kettlebell,Hinge,beginner,6.13,kettlebell sumo deadlift; glutes; deadlift; kettlebell; hinge; lower body,Builds glute and quad size from a beginner-friendly deadlift position.; Teaches the deadlift pattern with less stress on the lower back.; Trains full-body bracing and grip strength under load.,Beginner deadlift onboarding in fitness apps; Kettlebell foundation tracks for coaching platforms; Lower-body hypertrophy programming with minimal equipment; Home and travel leg workouts in kettlebell-only programs,"1. Stand with feet wider than shoulder width and toes turned out about 30 degrees. ; 2. Set the kettlebell on the floor between your feet, directly under your hips. ; 3. Hinge at the hips, bend the knees, and grip the kettlebell handle with both hands. ; 4. Brace your core, lift your chest, and flatten your back into a strong starting position. ; 5. Drive through your heels to stand up tall, finishing with squeezed glutes and locked-out hips. ; 6. Lower the kettlebell back to the floor under control by hinging the hips back and bending the knees.","Letting the knees cave inward on the way up, which loads the joints instead of the glutes.; Rounding the lower back at the bottom of the lift, which strains the spine.; Pulling with the arms instead of driving the floor away with the legs.; Hyperextending the lower back at lockout instead of standing tall with squeezed glutes.","A wide-stance kettlebell deadlift that loads the glutes, quads, and lower back from a tall, upright torso.","The kettlebell sumo deadlift is a wide-stance pull where the kettlebell sits between the feet and the lifter grips the handle with both hands. The wide stance and toes-out foot position let the torso stay more upright than a conventional deadlift, which biases the glutes and quads while taking some load off the lower back.

For app builders, this is the most beginner-friendly deadlift variation to ship. The shorter range and upright torso make it easier to coach safely than a barbell pull, and it earns its place in beginner onboarding flows, kettlebell foundation tracks, and lower-body hypertrophy blocks that need a hinge variation suitable for first-time lifters.",posters/kettlebell-sumo-deadlift.webp,kettlebell-sumo-deadlift.mp4
kettlebell-swing,,Kettlebell Swing,Glutes; Hamstrings,Core,Kettlebell,Hinge,intermediate,9.33,kettlebell swing; hip hinge; glutes; hamstrings; kettlebell; conditioning,"Builds explosive hip power from the glutes and hamstrings.; Trains heart-rate-spiking conditioning in short, hard sets.; Strengthens the grip, core, and lower back as a stabilizing chain.",Hero kettlebell clip for fitness app onboarding; HIIT and conditioning circuits in coaching platforms; Fat-loss and metabolic content for creator Reels and TikToks; Back-chain power blocks in athletic prep programs,"1. Stand with feet shoulder-width apart and a kettlebell on the floor about a foot in front of you. ; 2. Hinge at the hips, grip the handle with both hands, and tilt the bell back toward you. ; 3. Hike the kettlebell back between your legs, keeping your back flat and arms relaxed. ; 4. Snap your hips forward explosively to launch the kettlebell up to chest height with straight arms. ; 5. Let the bell float briefly at the top, then let it fall back down and load the next hinge. ; 6. Catch the bell between your legs with a soft hinge and immediately drive into the next rep.","Squatting the bell up and down instead of hinging the hips back and snapping forward.; Lifting the kettlebell with the arms and shoulders instead of letting the hips do the work.; Rounding the lower back at the bottom, which puts the spine at risk under load.; Hyperextending the lower back at the top of the swing instead of finishing with squeezed glutes.",The defining kettlebell exercise — an explosive hip hinge that swings the bell to chest height for power and conditioning.,"The kettlebell swing is the most recognized kettlebell exercise in the world. It's an explosive hip hinge where the lifter snaps the hips forward to swing a kettlebell from between the legs up to chest height, then lets gravity reload the next rep. The glutes and hamstrings produce the power, the lower back stabilizes, and the grip and core hold everything together.

For any kettlebell library, this clip is the headline asset — users explicitly search for it by name. Ship it as a hero piece for kettlebell, conditioning, and fat-loss content, and use it as the cornerstone exercise in beginner-to-advanced kettlebell tracks, HIIT circuits, and back-chain power blocks.",posters/kettlebell-swing.webp,kettlebell-swing.mp4
kettlebell-thruster,,Kettlebell Thruster,Glutes; Shoulders; Quadriceps,,Kettlebell,Push,intermediate,6.67,kettlebell thruster; full body; conditioning; kettlebell; squat to press; metcon,"Trains the legs, shoulders, and triceps in one full-body movement.; Builds conditioning and lung capacity faster than isolated lifts.; Develops explosive transfer of leg power into overhead pressing.",HIIT and metabolic conditioning circuits in fitness apps; CrossFit-style training content for coach creators; Full-body kettlebell flows in coaching platforms; Athletic prep finishers in sport-specific programs,"1. Stand with feet shoulder-width apart and a kettlebell racked at each shoulder. ; 2. Brace your core and squat down by pushing your hips back and bending the knees. ; 3. Reach a depth where the thighs are parallel to the floor, keeping the chest tall and bells racked. ; 4. Drive explosively through your heels to stand back up out of the squat. ; 5. Use the leg drive to launch the kettlebells overhead and lock out at the top with arms extended. ; 6. Lower the bells back to the rack position and immediately squat into the next rep.","Pressing the kettlebells overhead before standing fully upright, which kills the leg drive.; Letting the chest collapse forward at the bottom of the squat, dumping the bells out of the rack.; Letting the knees cave inward at the bottom of the squat, which loads the joints unsafely.; Going too heavy and turning the rep into a clean-and-press instead of a fluid thruster.","A two-kettlebell front squat into an overhead press that trains the legs, shoulders, and lungs in one combined movement.","The kettlebell thruster combines a front squat and an overhead press into one continuous movement. With a kettlebell racked at each shoulder, the lifter squats down, then drives explosively out of the bottom and uses the leg power to launch the bells overhead in one fluid motion. It's a true full-body exercise that hits the quads, glutes, shoulders, and triceps while taxing the lungs.

This is a workhorse clip for HIIT, CrossFit-style, and conditioning content. Drop it into metabolic finisher blocks, full-body kettlebell flows, and intermediate-to-advanced strength-and-conditioning programs where users need a single move that delivers maximum work in minimum time.",posters/kettlebell-thruster.webp,kettlebell-thruster.mp4
kettlebell-turkish-get-up,,Kettlebell Turkish Get-Up,Core; Shoulders; Glutes,Quadriceps; Hamstrings; Trapezius; Back,Kettlebell,Core; Mobility,intermediate,9.87,turkish get up; kettlebell; core; shoulder stability; full body; unilateral,Trains overhead shoulder stability through a full range of body positions.; Builds trunk and hip control in transitions rather than a static hold.; Exposes side-to-side asymmetries that bilateral lifts hide.,Flagship kettlebell entry in an exercise library; Warm-up or movement-prep block in a strength app; Step-by-step technique breakdown in coaching content; Assessment screen for shoulder stability and hip mobility,"1. Lie on your back and press the kettlebell straight up over the shoulder with a firm grip. ; 2. Bend the knee on the loaded side and plant that foot, with the free arm out at forty-five degrees. ; 3. Drive through the planted foot and roll up onto your forearm, then post onto your hand. ; 4. Lift your hips and sweep the straight leg back underneath you into a half-kneeling position. ; 5. Bring the torso upright and stand out of the lunge, keeping your eyes on the kettlebell. ; 6. Reverse every step in order to return to the floor and finish the repetition.","Losing the vertical arm as you sit up, which shifts the load onto a rotated shoulder.; Rushing the roll to the elbow, which turns the sequence into a sit-up and skips the hip work.; Sweeping the trailing leg without first lifting the hips, which leaves you stuck in a low, unstable position.; Starting with a heavy bell before the sequence is memorized, which is where most shoulder tweaks happen.",Full-body sequence from lying to standing and back while holding a kettlebell locked out overhead.,"The Turkish get-up is a scripted sequence rather than a rep. You start supine with the kettlebell pressed over the shoulder, roll to the elbow, post to the hand, bridge the hips, sweep the trailing leg through to half kneeling, stand, then reverse every step. The overhead arm never moves relative to the torso, so the shoulder works as a stabilizer while the obliques, glutes and hip musculature drive the transitions. The abdominals are the primary target, with the deltoids and glutes close behind.

For a product this clip earns its place as the flagship kettlebell asset. It is long enough to justify a full-screen demo, it is the movement users most often ask to see step by step, and it gives a warm-up or mobility block something more interesting than another arm circle.",posters/kettlebell-turkish-get-up.webp,kettlebell-turkish-get-up.mp4
kettlebell-windmill,,Kettlebell Windmill,Core,,Kettlebell,Rotation,advanced,8.8,kettlebell windmill; obliques; core; kettlebell; shoulder stability; mobility,Builds shoulder stability and overhead control under load.; Strengthens the obliques and trains hip mobility in one move.; Develops body control and coordination for sport and athletic prep.,Advanced kettlebell programming in fitness apps; Shoulder stability and mobility blocks for coaching platforms; Athletic prep and rotational core work in sport tracks; Skill-showcase content for kettlebell coach creators,1. Stand with feet wider than shoulder width and press a kettlebell straight overhead with one arm. ; 2. Turn your front foot out about 45 degrees and lock your eyes on the kettlebell overhead. ; 3. Push your hips toward the side of the locked-out arm while keeping the bell straight up. ; 4. Hinge sideways and reach the lower hand down the inside of the front leg toward the floor. ; 5. Pause at the deepest position with the bell stacked over the shoulder and the back leg straight. ; 6. Reverse the hinge by driving the hips back under the kettlebell to return to standing.,"Letting the overhead arm drift forward or back instead of staying stacked over the shoulder.; Bending the knee of the back leg, which collapses the stretch through the obliques and hamstrings.; Loading too heavy too soon, which compromises shoulder stability under the bell.; Looking forward instead of tracking the kettlebell, which often causes the arm to drift.","An overhead kettlebell hinge that trains shoulder stability, oblique strength, and hip mobility in one demanding move.","The kettlebell windmill is an advanced movement that combines overhead shoulder stability, oblique strength, and hip mobility. With a kettlebell pressed straight up overhead, the lifter pivots the feet, hinges sideways at the hips, and reaches the lower hand toward the floor while the bell stays locked overhead. The eyes track the bell the whole time to keep the shoulder stable.

This is a clean fit for any advanced kettlebell, mobility, or athletic-prep library. Use it in shoulder-stability programming, oblique and rotational core blocks, and gymnastics-strength tracks. It also makes a strong technique-showcase piece for coach creators producing kettlebell-skill content.",posters/kettlebell-windmill.webp,kettlebell-windmill.mp4
kickstand-dumbbell-romanian-deadlift,,Kickstand Dumbbell Romanian Deadlift,Hamstrings; Glutes,Core; Calves; Adductors,Dumbbell,Hinge,intermediate,9.6,kickstand romanian deadlift; b stance; dumbbell; hamstrings; glutes; hip hinge,Loads one hamstring at a time without the balance cost of a single-leg hinge.; Exposes side to side differences that a bilateral Romanian deadlift hides.; Fills the missing step between bilateral and single-leg hinge training.,Coaching assets that explain how the rear foot carries balance and not load.; Unilateral posterior chain slot in lower body templates.; Progression content from the RDL to the single-leg RDL.; Imbalance correction programming for coaching platforms.,"1. Hold a dumbbell in each hand and stand with your feet hip-width apart. ; 2. Step one foot back so its toes sit level with the other heel. ; 3. Lift the rear heel and shift your weight onto the front foot. ; 4. Soften the front knee and push the hips straight back. ; 5. Lower until you feel the front hamstring stretch, keeping the spine long. ; 6. Drive the hips forward to stand, then finish the set and switch sides.","Loading the rear foot, which turns it back into a two-legged Romanian deadlift.; Placing the rear foot too far back, so the stance becomes a lunge rather than a hinge.; Rounding the lower back to reach further, which moves the load onto the spine.; Bending the front knee as you descend, which takes tension off the hamstring.","A Romanian deadlift in a kickstand stance, with the rear toe down for balance and the front leg taking the load.","The kickstand Romanian deadlift sets one foot slightly behind the other with the rear heel lifted and only the toes touching down. The rear leg supplies balance, not force, so almost all of the hinge is taken by the front hamstring and glute. From there it is a standard RDL: soft front knee, long spine, hips pushed back until the hamstring stops the descent, then hips driven forward to stand. It sits between the two-legged RDL and the true single-leg version: the unilateral load is unchanged, but the rear toe supplies enough support that the set is not limited by balance.

This clip solves a real catalog gap. Apps wanting a unilateral hinge usually carry only the single-leg RDL, which many users cannot hold. It fits dumbbell filters, unilateral posterior chain blocks and hinge progression content.",posters/kickstand-dumbbell-romanian-deadlift.webp,kickstand-dumbbell-romanian-deadlift.mp4
kneeling-cable-crunch,,Kneeling Cable Crunch,Core,,Cable Machine,Core; Isolation,beginner,8.8,cable crunch; core; abs; cable machine; kneeling; isolation,"Adds progressive load to trunk flexion in a way bodyweight crunches cannot.; Keeps constant tension on the abdominals through the whole range.; Easy to scale rep to rep by changing the pin, which suits programmed progression.",Loaded core block in a hypertrophy program builder.; Cable-station library entries alongside pushdowns and pulldowns.; Progression step from bodyweight crunch variations.; Technique clip for content on spinal flexion versus hip flexion.,"1. Attach a rope to the high pulley and select a load you can control for ten to fifteen reps. ; 2. Kneel a couple of feet from the stack and hold the rope ends beside your head. ; 3. Set your hips over your knees and take the slack out of the cable so the abdominals are under tension. ; 4. Crunch the ribcage down toward the pelvis, rounding the spine and keeping the elbows fixed. ; 5. Pause at the shortest position and squeeze the abdominals hard. ; 6. Return to the start under control without letting the weight stack touch down.","Pulling the rope with the arms, which turns it into a lat exercise and unloads the abdominals.; Hinging at the hips instead of flexing the spine, which removes the crunch entirely.; Letting the load pull you upright between reps, which breaks tension at the top of every rep.; Going too heavy and bouncing out of the bottom, which replaces contraction with momentum.","Kneeling spinal flexion against a high cable, loading the abdominals through a controlled crunch.","The kneeling cable crunch loads trunk flexion directly. You kneel facing a high pulley, hold a rope beside your head, and crunch the ribcage toward the pelvis so the rectus abdominis shortens against a constant cable load. It is an isolation movement for the abdominals with the obliques assisting, and the hips stay still and the elbows stay fixed so the motion comes from the spine rather than from pulling with the arms or rocking at the hip.

As an asset this is the standard way to show loaded ab work in a gym-equipment library. It gives a hypertrophy program builder a progressive alternative to bodyweight crunches, and the cable stack in frame makes it immediately readable as a gym-based movement rather than a floor exercise.",posters/kneeling-cable-crunch.webp,kneeling-cable-crunch.mp4
landmine-press,,Landmine Press,Shoulders,Chest; Triceps; Core,Barbell,Push,beginner,6.67,landmine press; barbell; shoulders; press; deltoids; push,"The fixed arc presses in front of the body, which suits lifters short on overhead range.; Needs only a barbell and an anchor, so it works in gyms without a landmine attachment.; Bracing against a forward load keeps the core working on every rep.",Overhead press substitute in programs written around limited shoulder range.; Garage gym libraries where a barbell and a corner are the only kit.; Beginner pressing step placed ahead of strict overhead work.; Explainer media on why an anchored bar travels in an arc.,"1. Wedge one end of a barbell into a landmine sleeve or a padded corner. ; 2. Load the free end and stand facing it with your feet hip-width apart. ; 3. Cup the loaded end with both hands and bring it to chest height. ; 4. Brace your core, squeeze your glutes and hinge very slightly at the hips. ; 5. Press the bar up and away along its arc until both arms are straight. ; 6. Hold briefly, then lower the bar back to your chest under control.","Pressing straight up instead of following the bar's arc, which fights the anchor and stalls the rep.; Letting the ribs flare at lockout, which turns the press into a lower back extension.; Holding the bar loosely so it slides in the hands, which ends the set on grip rather than shoulders.; Using an unsecured corner setup, which lets the bar skate sideways under load.","A standing two-handed press of a barbell anchored at one end, driving the bar up and away along a fixed arc.","A landmine is a barbell with one end pinned to the floor, so the loaded end travels through an arc instead of a straight vertical line. For the standing press you cup that end with both hands at chest height, brace the core and glutes, hinge slightly at the hips and press up and away until both arms are straight. The deltoids lead the press with the chest, triceps, core and glutes supporting, and the fixed arc keeps the work in front of the body, which suits lifters who cannot get comfortably overhead.

For a catalog this is the shoulder press that survives limited overhead range, which makes it a useful substitution rule in a programming engine. It fits barbell equipment filters, restricted-mobility templates, and explainer content on the pressing arc.",posters/landmine-press.webp,landmine-press.mp4
landmine-t-bar-rows,,Landmine T Bar Rows,Back,Biceps,Barbell,Pull,beginner,8,landmine t-bar row; back exercise; lats; barbell; horizontal pull; pull day,"Builds heavy lat and mid-back size with a stable, fixed bar path.; Loads the back hard while sparing the lower back compared to a bent-over row.; Trains the horizontal pull pattern with progressive overload potential.",Pull-day programming in strength training apps; Hypertrophy back blocks for coaching platforms; Powerbuilding tracks for intermediate and advanced lifters; Hero clips and thumbnails for back-building content,"1. Anchor a barbell in a landmine attachment and load plates on the open end. ; 2. Straddle the bar near the loaded end and place a V-grip handle under the bar behind the plates. ; 3. Hinge at the hips with a flat back and grip the handle with both hands, arms extended. ; 4. Brace your core and row the handle up toward your lower chest, leading with the elbows. ; 5. Squeeze your shoulder blades together at the top with the handle just below the sternum. ; 6. Lower the bar slowly back to the start, fighting the descent through the full range.","Standing more upright as the set goes on, which turns the row into a partial shrug.; Letting the lower back round under load, which puts the spine at risk on heavy sets.; Yanking the bar up with momentum instead of pulling cleanly with the back.; Cutting the bottom of the rep short and skipping the full lat stretch.","A chest-supported feel landmine row that builds the lats and mid-back through a heavy, controlled horizontal pull.","The landmine T-bar row is a horizontal pulling exercise where one end of a barbell is anchored in a landmine attachment and the lifter straddles the bar, hinges forward, and rows a V-grip handle up to the chest. The fixed pivot point keeps the bar path stable, which lets the lifter focus on pulling heavy without worrying about balancing dumbbells.

For app builders, this is one of the most loved back exercises among intermediate and advanced lifters and earns its place in any serious pull-day library. Ship it in hypertrophy back tracks, powerbuilding programs, and content aimed at gym-goers who want a heavy row variation that's easier on the lower back than a barbell bent-over row.",posters/landmine-t-bar-rows.webp,landmine-t-bar-rows.mp4
lat-pulldown,,Lat Pulldown,Back,Biceps; Trapezius; Shoulders; Core,Cable Machine,Pull,beginner,9.07,lat pulldown; cable machine; lats; back; vertical pull; pulldown,"Trains the full vertical pull without needing bodyweight pull-up strength.; Load adjusts in small steps, so progression is easy to program.; The seated position keeps the torso stable and the lats loaded.",Pulldown station entry in a cable machine equipment filter.; Default vertical pull in beginner and intermediate templates.; Substitution asset when a user cannot perform pull-ups.; Progression content mapping the pulldown onto the pull-up.,"1. Attach a wide bar to the high pulley and set the thigh pad snug. ; 2. Sit down and take the bar with palms forward, hands outside your shoulders. ; 3. Sit tall with a slight backward lean and your arms fully extended. ; 4. Pull your shoulder blades down before you bend your elbows. ; 5. Draw the bar to your upper chest and pause with the lats contracted. ; 6. Let the bar rise slowly to full arm extension and repeat.","Leaning far back and turning the pulldown into a row, which shifts load off the lats.; Shrugging the shoulders up at the start, so the traps take over before the lats engage.; Letting the bar snap back to the top, which skips the loaded stretch.; Pulling the bar behind the neck, which forces end-range shoulder rotation for no extra lat work.","A seated cable pulldown that takes the bar to the upper chest, loading the lats through a full vertical pull.","The lat pulldown is the seated cable analog of a pull-up. With the knees fixed under the pad and an overhand grip just outside shoulder width, you depress the shoulder blades, then flex the elbows and extend the shoulders until the bar reaches the upper chest. The latissimus dorsi and teres major drive it while the biceps, rhomboids, mid and lower traps and rear delts assist. EMG work across seven grip and trunk-angle variants found lat activation barely differed between them, so grip choice changes the assisting muscles more than the lats.

Every catalog needs this clip: the pulldown is the default vertical pull in beginner and intermediate programs. It belongs in cable machine equipment filters, pull day templates, and progression content that maps the pulldown onto the pull-up.",posters/lat-pulldown.webp,lat-pulldown.mp4
leaning-cable-lateral-raise,,Leaning Cable Lateral Raise,Shoulders,Trapezius; Core,Cable Machine,Isolation,intermediate,5.04,leaning lateral raise; cable machine; shoulders; lateral raise; side delts; unilateral,Leaning away increases the loaded range at the bottom compared with a standing raise.; Working one arm at a time makes left-right differences visible.; Constant cable tension holds the side of the deltoid under load through the whole arc.,Advanced shoulder accessory slot in hypertrophy blocks.; Cable machine equipment filter in commercial gym libraries.; Technique content on how body angle changes a resistance curve.; Variation set alongside standing and seated lateral raises.,"1. Set a cable pulley to its lowest position and attach a single handle. ; 2. Stand side-on to the stack and grip the machine upright with your near hand. ; 3. Take the handle in your outside hand with a neutral grip across your body. ; 4. Straighten the supporting arm and lean away from the stack until your torso is angled out. ; 5. Raise the working arm out to the side with a slight elbow bend until it reaches shoulder height. ; 6. Lower slowly back across your body, then finish the set and switch sides.","Leaning so far that the supporting arm hauls you upright, which turns the raise into a row.; Shrugging at the top, which passes the load from the side of the deltoid to the upper traps.; Bending and straightening the elbow through the rep, which quietly shortens the working lever.; Dropping the handle back fast, which skips the lengthened position the lean was set up to create.","A single-arm cable lateral raise done leaning away from the machine, which lengthens the side delt at the bottom.","This is the single-arm cable lateral raise with the torso angled out. You grip the machine upright with the near hand, straighten that arm and lean away from the stack, then raise the outside arm out to the side until it reaches shoulder height. The joint action is the same shoulder abduction as the upright single-arm version, and the cable keeps constant tension through the arc, so arching the back or swinging into the rep only takes load off the deltoid.

For a library the value is the body angle: hard to convey in a photograph and obvious in a loop. Use it as the advanced entry in the lateral raise family, in cable equipment filters, and in content about how position changes a resistance curve.",posters/leaning-cable-lateral-raise.webp,leaning-cable-lateral-raise.mp4
long-run,,Long Run,Calves; Quadriceps,Hamstrings; Glutes; Core,Machine,Cardio,intermediate,9.87,long run; running; treadmill; cardio; endurance; aerobic,"Builds aerobic base through sustained, repeatable effort.; Loads the whole posterior chain and calves through every stance phase.; Runs at a controlled constant pace when performed on a treadmill.",Running and marathon plans in an endurance app.; Aerobic base weeks inside a periodized training block.; Cardio library screens needing a sustained running loop.; Coaching content on holding easy pace on easy days.,1. Start the belt slowly and step on before bringing it up to walking pace. ; 2. Build gradually to an easy running pace you could hold in conversation. ; 3. Run tall with your hips underneath you and your shoulders relaxed. ; 4. Land under your center of mass rather than reaching the foot out in front. ; 5. Hold the pace steady for the planned duration instead of drifting faster. ; 6. Wind the speed back to a walk for several minutes before stepping off.,"Running the easy session too fast, which compromises the next hard workout.; Overstriding in front of the body, which raises braking forces at every step.; Holding the handrails, which changes posture and unloads the running pattern.; Adding long-run distance in large jumps, which is where impact injuries appear.","Sustained treadmill running at an easy, repeatable pace, the aerobic base session of any endurance plan.","The long run trades intensity for duration. Running on the flat produces higher peak muscle activation than incline walking at the same energy cost, with biceps femoris, gluteus maximus, vastus lateralis, lateral gastrocnemius and soleus all firing hard through each stance phase, and it also produces roughly twice the foot and sacrum acceleration, which is the impact cost of the pattern. Treadmill decks with shock absorption reduce that impact and let pace and grade stay constant for the whole session, which is what makes long efforts repeatable indoors.

For a catalog this is the endurance anchor clip. Use it in running plans, aerobic base weeks, marathon and half-marathon programs, and cardio screens that need a running loop rather than a machine.",posters/long-run.webp,long-run.mp4
lunge-walking,,Walking Lunge,Glutes; Quadriceps,,Bodyweight,Lunge,intermediate,9.87,walking lunge; lunge; glutes; quads; bodyweight; leg day,"Builds glute and quad size one leg at a time for balanced lower-body strength.; Trains single-leg balance and stride control that carries over to sport.; Requires no equipment, making it ideal for home and travel programming.",Bodyweight leg workouts in home and travel apps; Hypertrophy leg blocks for coaching platforms; Beginner lower-body education modules; Athletic prep and gait work in sport-specific programs,"1. Stand tall with feet hip-width apart, arms relaxed at your sides or hands on your hips. ; 2. Take a long step forward with your right foot and plant it flat on the floor. ; 3. Lower your hips straight down until both knees bend to about 90 degrees. ; 4. Drive through the heel of your front foot to push back up to standing. ; 5. Bring your back leg through and step it forward into the next lunge on the other side. ; 6. Continue alternating sides, walking forward across the floor for the full set.","Letting the front knee cave inward, which strains the joint and shifts work off the glutes.; Stepping too short, which turns the lunge into a quad-only squat without much glute work.; Letting the torso fall forward over the front knee instead of staying tall.; Pushing off the toes of the front foot instead of driving through the heel.",A bodyweight walking lunge that builds the glutes and quads one leg at a time while training balance and gait control.,"The walking lunge is a unilateral lower-body exercise where the lifter steps forward into a lunge, then drives off the front foot to bring the back leg through into the next lunge. Each leg works through a full range under load, and the constant forward motion adds a balance and coordination demand that a stationary lunge doesn't have.

For app builders, this clip is a workhorse for any bodyweight, beginner, or leg-day track. It earns its place in home and travel programs, hypertrophy leg blocks where unilateral volume matters, and athletic-prep work where stride mechanics and single-leg control carry over to running and sport.",posters/lunge-walking.webp,lunge-walking.mp4
lying-leg-curl,,Lying Leg Curl,Hamstrings,Calves,Machine,Isolation,beginner,7.47,lying leg curl; prone leg curl; leg curl machine; hamstrings; isolation; knee flexion,Isolates knee flexion so the hamstrings work without help from the hips.; Machine support makes it easy to teach and easy to progress in small steps.; Balances quad dominant work in a lower body program.,Hamstring accessory work scheduled after squats on leg day.; Beginner machine circuits written for commercial gym members.; Balance asset for programs that lean heavily on quad dominant lifts.; Prone against seated curl comparison content.,"1. Set the ankle pad so it rests just above your heels and adjust the machine to your height. ; 2. Lie face down with your torso flat and your knees at the edge of the bench. ; 3. Position your feet under the pad and grip the handles. ; 4. Brace your abs and press your hips into the bench. ; 5. Curl your heels toward your glutes by contracting the hamstrings. ; 6. Pause at the top, then lower slowly until the knees are almost straight.","Lifting the hips off the pad, which adds hip flexion and disguises a short range.; Snapping the legs back down, which discards the eccentric part of the rep.; Setting the ankle pad on the calf, which shifts pressure and limits knee flexion.; Loading heavy enough that the lower back arches on every rep.",Prone machine leg curl that isolates knee flexion with the hips supported flat against the pad.,"The lying leg curl puts you face down on a machine with the ankle pad set just above the heels and the hips resting flat, so the only joint action is knee flexion. With the hip close to neutral the hamstrings work across the knee without the added hip flexion of the seated version, and the prone position leaves the hamstrings freer to travel through their range. The calves assist at the ankle. Stopping just short of full extension at the bottom keeps the load on the muscle rather than parking it on the knee joint.

In a library this is the standard machine hamstring clip that almost every commercial gym program references. It fits leg day templates, posterior chain accessory blocks, and beginner machine circuits inside app-delivered training plans.",posters/lying-leg-curl.webp,lying-leg-curl.mp4
machine-45-degree-back-extension,,Machine 45 Degree Back Extension,Core,,Machine,Hinge,beginner,6.4,45 degree back extension; lower back; hyperextension; machine; back chain; accessory,"Strengthens the lower back, glutes, and hamstrings as a connected chain.; Reinforces the hip-hinge pattern with bodyweight load.; Builds back resilience that protects deadlifts and rowing variations.",Back-chain accessory work in fitness apps; Lower-back rehab-adjacent rebuilding programs; Beginner hinge pattern education modules; Glute and hamstring assets in hypertrophy programming,"1. Set the pad height so the top edge sits just below your hip crease and step into the machine. ; 2. Plant your feet firmly on the foot platform and cross your arms over your chest. ; 3. Brace your core and hold a straight line from head to heels at the starting position. ; 4. Hinge forward at the hips, lowering your torso toward the floor with a flat back. ; 5. Stop when you feel a stretch in the hamstrings and your torso is roughly parallel to the floor. ; 6. Drive your hips into the pad and squeeze your glutes to return to the straight starting line.","Rounding the lower back at the bottom instead of hinging cleanly at the hips.; Hyperextending the lower back at the top instead of stopping at a straight line.; Adding weight too soon, which compromises the hinge and overloads the lower back.; Rushing the descent instead of controlling the lowering phase for the full range.","A 45 degree hyperextension that strengthens the lower back, glutes, and hamstrings through a clean hip hinge.","The machine 45 degree back extension is performed on an angled hyperextension bench where the lifter hinges forward at the hips and uses the lower back, glutes, and hamstrings to return to a straight line. The 45 degree angle reduces the load compared to a horizontal back extension, making it the most accessible version of the movement and a clean teaching piece for the hip-hinge pattern.

For app builders, this is a staple accessory exercise in any leg-day, back-chain, or rehab-adjacent library. Ship it in beginner lower-back strengthening tracks, glute and hamstring accessory blocks, and content aimed at lifters rebuilding strength after a back issue.",posters/machine-45-degree-back-extension.webp,machine-45-degree-back-extension.mp4
machine-assisted-pull-up,,Machine Assisted Pull Up,Back,Biceps; Trapezius; Shoulders,Machine,Pull,beginner,5.33,assisted pull up; machine; pull up; lats; back; vertical pull,"Assistance is set in small weight increments, so progress stays measurable.; Keeps the full pull-up range available before bodyweight strength exists.; Fixed handles and platform make the movement easy to coach.",Assisted pull-up station in a commercial gym equipment filter.; Beginner vertical pull progression in a training app.; Onboarding flow for users who cannot yet do a pull-up.; Three-step progression sequence with band and unassisted pull-ups.,1. Select a counterweight on the stack; more weight means more assistance. ; 2. Step onto the platform and take the overhead handles with an overhand grip. ; 3. Kneel or stand on the assist pad and let your arms straighten. ; 4. Brace your core and pull your shoulder blades down. ; 5. Drive your elbows down and back until your chin clears the handles. ; 6. Lower yourself under control to a full hang and repeat.,"Selecting so much assistance that the pad lifts you, which removes the training effect.; Pushing down through the legs on the pad, which hides how much you are actually pulling.; Stopping halfway up, so the lats never reach a shortened position.; Riding the pad back down quickly, which throws away the eccentric.",A counterweighted machine pull-up that offsets part of your bodyweight so you can train the full pulling range.,"On an assisted pull-up machine you kneel or stand on a platform linked to a selectorized counterweight, so the weight you choose subtracts from the bodyweight you have to lift. The pull itself is unchanged: overhand grip outside the shoulders, shoulder blades depressed, elbows driven down and back until the chin clears the bar. The latissimus dorsi and rhomboids do the work with the biceps, mid trapezius and rear delts assisting, exactly as in an unassisted pull-up. The station exists as a graded step in the strength progression toward unassisted work.

This clip earns its place as the gym-equipment version of a pull-up regression, which most libraries cover only with bands. Use it in machine equipment filters, beginner vertical pull progressions, and onboarding flows for new users.",posters/machine-assisted-pull-up.webp,machine-assisted-pull-up.mp4
machine-cable-v-bar-push-downs,,Machine Cable V Bar Push Downs,Triceps,,Cable Machine,Isolation,beginner,9.6,cable v-bar pushdown; triceps; arm day; cable; isolation; upper body,Builds triceps size across all three heads with a clean isolation pattern.; Strengthens elbow extension that supports every pressing variation.; Adds high-rep volume to arm work without joint stress.,Arm-day workout flows in fitness apps; Hypertrophy triceps assets for coaching platforms; Push-day finisher content in coach Reels and TikToks; Beginner triceps isolation modules in education tracks,"1. Attach a V-bar to a high cable pulley and stand facing the machine with feet hip-width apart. ; 2. Grip the V-bar with both hands, palms angled inward and slightly down. ; 3. Tuck your elbows in close to your sides and pull the bar down to chest height as the start. ; 4. Brace your core and press the bar down by extending your elbows, keeping them pinned. ; 5. Lock the arms out fully at the bottom with a brief squeeze of the triceps. ; 6. Let the bar travel slowly back up to chest height under control before the next rep.","Letting the elbows drift forward and away from the ribs, which turns it into a press.; Leaning the torso heavily over the bar to use bodyweight instead of triceps strength.; Cutting the lockout short instead of fully extending the arms at the bottom.; Snapping the bar back to the start and skipping the controlled return.","A V-bar cable pushdown that isolates all three heads of the triceps through a clean, controlled extension.","The cable V-bar pushdown is a single-joint triceps isolation exercise. Standing in front of a high cable with a V-bar attached, the lifter starts with the bar at chest height and presses straight down by extending the elbows until the arms are locked. The angled grip on the V-bar puts the wrists and forearms in a comfortable, neutral-leaning position that lets the triceps work through a full range without joint stress.

For app builders, this is a staple accessory clip in any arm or push-day library. Drop it into hypertrophy arm blocks, push-day finishers, and beginner-to-intermediate triceps isolation tracks. It's also one of the most search-friendly arm exercises by name, which makes it useful for SEO-focused content and coach Reels.",posters/machine-cable-v-bar-push-downs.webp,machine-cable-v-bar-push-downs.mp4
machine-chest-press,,Machine Chest Press,Chest,Triceps,Machine,Push,beginner,9.6,machine chest press; chest exercise; machine; push day; upper body; beginner,"Builds chest and triceps size with a stable, beginner-friendly bar path.; Allows safe high-volume work close to failure without a spotter.; Teaches the horizontal press pattern before progressing to barbells and dumbbells.",Beginner gym onboarding flows in fitness apps; Machine-based hypertrophy programming for coaching platforms; Push-day workouts for older lifters and rehab-adjacent tracks; Gym-equipment education modules in online courses,"1. Adjust the seat height so the handles line up with the middle of your chest. ; 2. Sit with your back flat against the pad and your feet planted firmly on the floor. ; 3. Grip the handles with a neutral or pronated grip, depending on the machine setup. ; 4. Brace your core and press the handles forward until your arms are nearly locked out. ; 5. Pause briefly at the top with a chest squeeze, then bring the handles back under control. ; 6. Stop when the handles reach a deep stretch at chest height, then press for the next rep.","Lifting the back off the pad to leverage the press, which kills the chest stretch.; Locking the elbows out aggressively at the top instead of stopping just short.; Pressing with the shoulders shrugged up to the ears, which stresses the joint.; Cutting the bottom of the rep short and missing the full chest stretch.","A seated machine chest press that builds the chest and triceps through a guided, beginner-friendly press path.","The machine chest press is a seated horizontal pressing exercise performed on a plate-loaded or selectorized chest press machine. The fixed bar path takes balance and stabilization out of the lift and lets the lifter focus on driving the handles forward with the chest and triceps. It's the most beginner-friendly way to learn the press pattern and a clean tool for high-volume work.

For app builders, this clip is essential inventory for any beginner onboarding track, gym-machine education module, or hypertrophy block where users want to push close to failure without the risk of an unsupported barbell lift. It's also a clean fit for content aimed at older lifters and rehab-adjacent users who need a stable pressing option.",posters/machine-chest-press.webp,machine-chest-press.mp4
machine-crunch,,Machine Crunch,Core,,Machine,Core,beginner,6.67,machine crunch; core exercise; abs; machine; isolation; hypertrophy,"Builds upper-ab thickness with progressive, measurable load.; Isolates the abs in a fixed path that's easy for beginners to feel.; Allows real overload without straining the lower back or hip flexors.",Hypertrophy core blocks in strength training apps; Gym-machine-only program tracks for coaching platforms; Beginner core education modules with loadable progressions; Accessory-day inventory for bodybuilding-focused content,"1. Sit on the machine and adjust the seat so the chest pad sits across your upper chest, not your throat. ; 2. Hook your hands or arms into the handles and plant your feet firmly on the floor or foot pads. ; 3. Brace your core and curl your ribcage down toward your hips, keeping the motion in the abs. ; 4. Pause briefly at the bottom of the curl, squeezing the abs hard before reversing the motion. ; 5. Return slowly to the start over 2 to 3 seconds, keeping tension on the abs the entire way up. ; 6. Repeat for 10 to 15 controlled reps, never letting the weight stack slam back to rest between reps.","Pulling with the arms or shoulders instead of curling with the abs, which removes the load from the target muscle.; Using a heavy stack and a tiny range of motion, which trains momentum rather than the abs.; Letting the weight stack snap back at the top, killing the slow lowering where most growth tension lives.; Setting the chest pad too high on the throat, which makes the lifter brace with the neck instead of the core.","A seated, loaded crunch that isolates the upper abs through a fixed flexion path — the gym's progressive answer to bodyweight crunches.","The machine crunch lets lifters add real load to a movement that bodyweight quickly outgrows. Seated against a pad with the chest cradled, the user flexes the spine forward against a stack, isolating the upper abdominals through a smooth, fixed range of motion. The fixed path makes it easier to feel the abs work and harder to cheat with hip flexors.

For app and content use, this clip slots into hypertrophy blocks, beginner-friendly core circuits, and gym-machine-only programs where bodyweight ab work isn't enough stimulus. It pairs well alongside cable crunches and ab wheel content as part of a progressive core track in any strength training app.

",posters/machine-crunch.webp,machine-crunch.mp4
machine-dips,,Machine Dips,Chest,Triceps,Machine,Push,beginner,5.6,machine dips; chest exercise; triceps; push day; machine; vertical press,"Builds chest and triceps strength with scalable, dialable load.; Creates a safe progression path toward unassisted parallel bar dips.; Trains vertical pressing without the wrist demand of barbell work.",Beginner push-day programming in fitness apps; Dip progression tracks for coaching platforms; Gym-machine-only strength education modules; Return-to-training content for older-adult programs,"1. Set the seat height so your shoulders sit just above the handles when your arms are fully extended down. ; 2. Grip the handles with palms facing each other and press your back firmly into the pad. ; 3. Push the handles down and slightly forward by extending the elbows and engaging the chest and triceps. ; 4. Lock out at the bottom without slamming the joints, holding the squeeze for a beat. ; 5. Let the handles return slowly over 2 to 3 seconds until the elbows reach about 90 degrees. ; 6. Reset your posture and repeat for 8 to 12 reps, keeping the chest tall the whole set.","Letting the elbows flare wide, which pulls tension off the triceps and stresses the front shoulders.; Setting the seat too high so the elbows can't reach a full stretch, shortening the working range.; Letting the stack drop fast at the top of each rep, removing the slow lowering phase.; Hunching the shoulders forward under load instead of staying tall and proud through the chest.","A seated, assisted dip pattern that trains the chest and triceps without bodyweight prerequisites — the bridge to parallel bar dips.","The machine dip recreates the parallel-bar dip pattern in a seated, fully supported position. The lifter pushes a pair of handles down and forward against a selectorized stack, working the chest and triceps through a vertical pressing motion. Because load can be dialed in or scaled down, it gives lifters a reliable on-ramp to full bodyweight dips and a way to push close to failure safely.

For app and content use, this clip is a clean piece for beginner push-day programming, dip progressions, and gym-only strength tracks where unassisted dips would be a barrier. It also fits naturally in older-adult and return-to-training programs that need pressing volume without joint-loaded bodyweight work.

",posters/machine-dips.webp,machine-dips.mp4
machine-face-pulls,,Cable Rope Face Pulls,Shoulders,,Cable Machine,Pull,beginner,8.8,cable face pulls; rear delts; shoulder health; cable; upper back; prehab,"Strengthens the rear delts and upper back for healthier, more durable shoulders.; Counteracts forward shoulder posture from desk work and heavy pressing.; Easy to load progressively without straining the joints or low back.",Shoulder-prehab tracks in fitness apps; Posture-correction programs for desk-worker audiences; Warm-up flows for push and pull day programming; Accessory-day inventory in hypertrophy coaching platforms,"1. Set the cable to slightly above eye level and attach a rope handle at the end of the cable. ; 2. Grip the rope with palms facing inward and step back until the cable has tension in the start position. ; 3. Plant your feet shoulder-width apart and brace your core, leaning back only slightly to balance the load. ; 4. Pull the rope toward your face, leading with the elbows and keeping them high and wide. ; 5. Squeeze the rear shoulders and upper back hard at the end of the pull, ears between the rope ends. ; 6. Return slowly to the start over 2 to 3 seconds, keeping the elbows up the entire way back.","Dropping the elbows low so the lift becomes a row, which loses the rear-delt isolation.; Going too heavy, forcing the body to lean and yank instead of pulling cleanly with the upper back.; Cutting the range short and never bringing the rope to the face, which limits the muscle stretch.; Letting the rope rip back forward and skipping the slow return, where most of the rear-delt work happens.",A high-cable rope pull to the face that trains the rear delts and upper back — the go-to fix for forward-rolled shoulders.,"Cable rope face pulls are one of the most-prescribed shoulder-health exercises in modern programming. By pulling a rope attachment from a high cable toward the face, with elbows high and wide, the lifter loads the rear delts and the small muscles of the upper back that stabilize the shoulder. Light loads, high reps, and constant tension are the norm.

For app and content use, this clip is essential inventory for shoulder-prehab tracks, posture-correction programs targeting desk workers, and warm-up flows for any push or pull session. It pairs naturally with band pull-aparts and rear-delt fly content in coaching platforms that emphasize joint longevity.

",posters/machine-face-pulls.webp,machine-face-pulls.mp4
machine-front-military-press,,Machine Plate Loaded Front Military Press,Shoulders,,Machine,Push,beginner,7.2,machine military press; shoulder press; front delts; machine; push day; overhead press,Builds front-shoulder strength and size with reduced balance demand.; Offers a safer overhead pressing option for lifters with low-back issues.; Allows heavier pressing volume thanks to the fixed bar path.,Push-day programming in gym-based fitness apps; Beginner overhead-press education in coaching platforms; Hypertrophy shoulder blocks for bodybuilding tracks; Accessory press inventory in white-label app libraries,"1. Set the seat so the handles sit just above shoulder height when your arms are bent and ready to press. ; 2. Grip both handles with palms facing forward and press your back firmly into the pad. ; 3. Brace your core and press the handles straight up overhead, exhaling as you drive. ; 4. Lock out softly at the top with the arms extended, keeping the shoulders down away from the ears. ; 5. Lower the handles slowly over 2 to 3 seconds until they return to shoulder level. ; 6. Reset the breath and repeat for 8 to 12 reps, keeping the chest proud the whole set.","Arching the lower back hard off the pad to use the chest, which strains the spine and loses the shoulder focus.; Letting the handles drift forward instead of pressing straight up, which puts unnecessary load on the front shoulders.; Locking the elbows out hard at the top, slamming the joint instead of stopping with control.; Letting the weight drop fast on the way down and skipping the slow lowering portion of every rep.",A plate-loaded seated press that trains the front delts through a fixed overhead path — a stable alternative to the standing barbell press.,"The machine plate-loaded front military press takes the standing barbell press and locks it onto a guided overhead path. Seated with the back braced against a pad, the lifter drives a pair of plate-loaded handles up to lockout and back down. The fixed path strips out balance demands, letting the front shoulders work harder without the lower back paying the price.

For app and content use, this clip is a clean teaching piece for beginners learning to press overhead and a smart accessory for advanced lifters who want pressing volume on shoulder-day without standing fatigue. It fits push-day blocks, hypertrophy programs, and general-strength tracks for gym-based fitness apps.

",posters/machine-front-military-press.webp,machine-front-military-press.mp4
machine-hack-squat,,Machine Hack Squat,Quadriceps,Glutes; Hamstrings; Calves; Core; Adductors,Machine,Squat,beginner,8,hack squat; machine; quadriceps; squat; leg day; gym machine,"The fixed path removes balance, so the legs can be trained close to failure safely.; Back support takes spinal loading out of a heavy squat pattern.; Foot position gives a simple way to shift emphasis between quads and glutes.","Training quads to failure in bodybuilding content, since the sled catches the load.; Primary quad builder in hypertrophy leg day templates.; Back-friendly substitution for the barbell back squat.; Foot placement explainer content for machine squats.","1. Load the machine and step onto the platform under the shoulder pads. ; 2. Set your feet at shoulder width with your back flat against the pad. ; 3. Extend your legs, release the safety handles and take the load. ; 4. Bend the knees and lower until your thighs reach about 90 degrees. ; 5. Drive through the platform and extend the knees just short of lockout. ; 6. Finish your reps, then re-engage the safeties before stepping out.","Locking the knees at the top, which hands the load to the joint and unloads the quads.; Letting the hips roll off the pad at the bottom, which rounds the lower back.; Setting the feet too high, which cuts the quadriceps range the machine exists to train.; Adding weight before reaching a full 90 degrees, which shortens every repetition.","A machine squat with the back braced on an angled sled, keeping load on the quads with no balance demand.","The hack squat machine puts your shoulders under pads and your back flat on an angled carriage, so the sled travels a fixed path and you only have to produce force. Feet go shoulder width on the platform; you release the safeties, bend the knees to roughly a right angle and press back up without locking out. The quadriceps take the largest share, with glutes, hamstrings and calves supporting and the trunk braced against the pad. Foot position shifts the balance: pressing through the heels pulls in more glute, pressing through the balls of the feet biases the quads.

In an app catalog this is the machine quad staple. It belongs in machine equipment filters, hypertrophy leg day templates, and substitution content offering a back-friendly alternative when a user cannot load a barbell squat.",posters/machine-hack-squat.webp,machine-hack-squat.mp4
machine-hip-abduction,,Machine Hip Abduction,Glutes,Core,Machine,Hip Abduction,beginner,4.53,hip abduction; machine; glutes; gluteus medius; isolation; hip stability,"Isolates the lateral hip with load that is easy to progress in small steps.; The seated position removes balance, so the target muscles fail first.; Lateral hip strength supports knee tracking in squats, lunges and running.",Seated abduction entry in a machine-filtered gym app.; Glute accessory slot in lower body templates.; Hip stability content for runners and field sport athletes.; Return-to-training programming built around lateral hip strength.,1. Set the starting width so your knees begin just inside neutral. ; 2. Sit upright with your back flat against the pad. ; 3. Place the outside of each thigh against the pads and grip the handles. ; 4. Press the legs apart until the hips reach the end of comfortable range. ; 5. Hold the open position for a beat and keep the pelvis still. ; 6. Return slowly to the start without letting the stack touch down.,"Arching the lower back, which tilts the pelvis and moves work off the lateral hip.; Slamming the pads open, which lets momentum do the repetition.; Letting the stack drop back, which removes the controlled lowering phase.; Rocking the torso side to side, which turns an isolation into a trunk exercise.","A seated machine isolation that presses the pads outward, loading the lateral hip through hip abduction.","The hip abduction machine seats you upright with pads on the outside of the thighs and a back pad to keep the pelvis still. You press the legs apart against the resistance, hold briefly at the end of range, then return under control. The working muscles are the lateral hip group: gluteus medius, gluteus minimus and tensor fasciae latae, all of which this catalog records as Glutes. Arching the lower back tips the pelvis forward and pre-stretches the wrong tissue, so trunk angle matters more here than load does.

As an asset this is the clearest way to show hip abduction without an ambiguous floor drill. It fits machine equipment filters, glute accessory blocks, and hip stability content for running and return-to-training programs where lateral hip strength is the point.",posters/machine-hip-abduction.webp,machine-hip-abduction.mp4
machine-hip-adduction,,Machine Hip Adduction,Adductors,Glutes; Hamstrings,Machine,Isolation,beginner,5.04,hip adduction; machine; adductors; inner thigh; isolation; groin,"Directly loads the adductor group, which most compound leg work only touches.; The seated path removes balance, so the inner thigh works through full range.; Adductor strength supports change of direction and reduces groin strain risk.",Adductor isolation entry in commercial gym machine libraries.; Inner thigh accessory slot in lower body templates.; Groin strain prevention content for field and court sports.; Paired asset alongside the hip abduction machine page.,"1. Set the machine so your legs start comfortably apart, without forcing the stretch. ; 2. Sit upright with your back flat against the pad and grip the handles. ; 3. Place the inside of each thigh against the pads. ; 4. Draw your legs together until the pads meet. ; 5. Squeeze briefly at the closed position without letting the pelvis rotate. ; 6. Open the legs slowly back to the start and repeat.","Setting the start too wide, which pushes the adductors into a stretch they cannot control.; Arching the lower back, which tips the pelvis and changes what the pads actually load.; Letting the pads fly open on the return, which drops the eccentric half of the repetition.; Chasing heavy loads on a cold muscle, which is how the adductor group gets strained.","A seated machine isolation that squeezes the pads together, loading the inner thigh through hip adduction.","The hip adduction machine mirrors the abduction machine: pads sit on the inside of the thighs and you draw the legs together against resistance from an open start. The movers are the medial thigh group, adductor longus, brevis and magnus plus gracilis and pectineus, which also stabilize the pelvis in gait and are the muscles behind most groin strains. This catalog has no adductor value, so the vocabulary maps them to Quadriceps. That is a real distortion, recorded rather than hidden: nothing in this exercise loads knee extension.

The clip earns its place because inner thigh work is one of the most searched machine movements and few libraries animate it cleanly. It fits machine equipment filters, lower body accessory blocks, and groin strain prevention content for field and court sports.",posters/machine-hip-adduction.webp,machine-hip-adduction.mp4
machine-hip-thrust,,Machine Hip Thrust,Glutes,Hamstrings; Core,Machine,Hinge,beginner,7.2,hip thrust; machine; glutes; hip extension; glute machine; posterior chain,"Keeps the glutes loaded at full hip extension, where squats let go.; Setup takes seconds compared with a barbell and bench thrust.; The seat and pad remove the balance and bar comfort problems of the free weight version.","Primary glute lift in templates built around gym machines.; Comparison media across machine, barbell and bodyweight thrusts.; Substitution when no free bench is available for a barbell thrust.; Fast setup option for circuit style glute sessions.","1. Set the seat and lap pad so the pad sits across your hips, not your stomach. ; 2. Sit with your back flat against the pad and your feet on the platform. ; 3. Set your feet so your shins will be vertical at the top of the movement. ; 4. Draw your ribs down, then drive your hips up by squeezing the glutes. ; 5. Stop when your torso and thighs form a straight line and hold briefly. ; 6. Lower under control until the hips are fully flexed, then repeat.","Pushing past a straight line at the top, which arches the lower back instead of extending the hips.; Setting the feet too far forward, which shifts the work onto the hamstrings.; Placing the pad on the abdomen rather than the hips, which is uncomfortable and cuts range.; Bouncing the load off the bottom, which skips the loaded stretch of the repetition.","A seated machine hip thrust loading hip extension through a lap pad, with the glutes under tension throughout.","The hip thrust machine replaces the bench and barbell setup with a fixed seat and a padded lap bar. You sit with your back against the pad and your feet flat on the platform, then drive the hips up until torso and thighs line up and squeeze at the top. The value of the supine thrust position is simple: the glutes stay under tension across the whole range including full hip extension, which is exactly where squats and deadlifts stop loading them. The hamstrings assist and the trunk holds the ribs down so the lift does not become a lumbar arch.

For a product library this is the machine version of the most requested glute exercise there is. It suits machine equipment filters, glute-focused templates, and content comparing the machine, barbell and bodyweight versions.",posters/machine-hip-thrust.webp,machine-hip-thrust.mp4
machine-horizontal-leg-press,,Machine Horizontal Leg Press,Quadriceps,Glutes; Hamstrings; Calves; Core; Adductors,Machine,Squat,beginner,9.6,leg press; horizontal leg press; machine; quadriceps; seated; leg day,Loads the legs heavily with no spinal compression and no balance demand.; The seated position makes it easy to teach and easy to supervise.; Foot placement gives a simple lever for shifting work between quads and glutes.,Leg volume for senior and general population plans that keep the trunk supported.; Beginner lower body slot in general fitness templates.; Substitution asset for users avoiding axial loading.; Foot placement explainer content for leg press variations.,1. Set the seat so your knees start bent to about 90 degrees. ; 2. Sit with your back and hips flat against the pad. ; 3. Place your feet on the plate at shoulder width and grip the handles. ; 4. Release the safeties and press the plate out to almost straight legs. ; 5. Bend the knees and let the plate travel back under control. ; 6. Press back out just short of lockout and repeat.,"Locking the knees at the top, which passes the load from the quads to the joint.; Letting the hips curl off the seat at depth, which rounds the lower back.; Pushing the knees inward on the drive, which loads the joint instead of the quadriceps.; Cutting the range short so more plates fit, which trains a fraction of the movement.","A seated leg press with a horizontal sled, pressing the plate away from a deep knee bend under back support.","The horizontal leg press seats you upright with your back against a pad and your feet on a plate that travels roughly level. You release the safeties, let the knees bend until the thighs come close to the chest, then press the plate away without snapping the knees straight. The quadriceps do most of the work, with glutes and hamstrings extending the hips and the calves and trunk supporting. Foot position changes the split: driving through the heels with the feet higher pulls in more glute, driving through the balls of the feet biases the quads.

In a catalog this is the leg press users actually meet in most clubs, and it reads more clearly than a 45 degree sled. It fits machine equipment filters, beginner lower body templates, and substitution content for anyone avoiding a bar across the back.",posters/machine-horizontal-leg-press.webp,machine-horizontal-leg-press.mp4
machine-lat-pullover,,Machine Lat Pullover,Back,Chest; Triceps,Machine,Pull,beginner,3.1,back; lats; machine; pullover; shoulder extension; pull,"Trains the lats through shoulder extension with no grip or biceps limitation.; Guided arc holds resistance on the back at the overhead stretch, which free weights cannot.; Seat belt and back pad remove the trunk stability demand, so load stays on the target muscle.",Back accessory slots in machine-based pull-day programming; Lat isolation in splits where every other back movement bends the elbow; Grip-friendly back options for users with forearm or elbow limits; Instructional content for pullover machines on the gym floor,"1. Set the seat so your shoulders line up with the machine's pivot and load the weight. ; 2. Sit down, fasten the seat belt if one is fitted, and press your back into the pad. ; 3. Place your forearms on the pads or take the handles with the elbows bent and fixed. ; 4. Pull your upper arms down and forward in an arc until your elbows reach your ribs. ; 5. Hold the contraction briefly with the shoulder blades depressed. ; 6. Let the arms travel back overhead under control until the lats lengthen, then repeat.",Changing the elbow angle mid-rep turns the pullover into a pressdown and takes the lats out of the movement.; Letting the torso lean forward to finish the rep replaces lat work with trunk flexion.; Cutting the overhead range short keeps the lats out of the stretched position where most of the stimulus lives.; Loading too heavily forces the shoulders past a comfortable overhead range and stresses the joint capsule.,Seated pullover machine that pulls the upper arms down from overhead so the lats work without elbow flexion.,"The machine lat pullover fixes the forearms against pads or handles and rotates the upper arms from overhead down to the torso. Because the elbow angle barely changes, the latissimus dorsi drives the movement through pure shoulder extension, with the sternal pectorals and the long head of the triceps assisting.

Manufacturer documentation for plate-loaded pullover machines describes a deep lat stretch at the start and a full contraction at the finish, and latissimus activity is greatest at lower shoulder elevation angles, so the value sits in controlling the whole arc.

In a catalog this clip fills a real gap, a back exercise with no grip or biceps limitation. It suits machine equipment filters, pull-day accessory slots and guided-path instructional content.",posters/machine-lat-pullover.webp,machine-lat-pullover.mp4
machine-lateral-raise,,Machine Lateral Raise,Shoulders,,Machine,Isolation,beginner,5.33,machine lateral raise; machine; shoulders; lateral raise; side delts; isolation,"The fixed path removes balance and swing, so the side of the deltoid does the work.; Easy to load in small steps, which makes progression simple for beginners.; Seated support means trunk fatigue does not end the set early.",Lateral raise machine entry in a commercial gym equipment filter.; Beginner shoulder block where free-weight control is still developing.; High-rep finisher after pressing in hypertrophy programs.; Comparison content against dumbbell and cable lateral raises.,"1. Adjust the seat until your shoulders line up with the machine's pivot points. ; 2. Sit upright with your feet flat on the floor and your back against the pad. ; 3. Set your forearms against the pads or take the handles, keeping a slight bend in the elbows. ; 4. Relax your grip and let your shoulders settle down away from your ears. ; 5. Lift both arms out to the sides until they reach shoulder height, then pause. ; 6. Lower slowly back to the start and repeat.","Sitting too high or too low, so the machine pivot no longer matches the shoulder joint.; Shrugging into the lift, which lets the traps take over from the side of the deltoid.; Squeezing the handles hard, which drags the forearms into a movement they should not drive.; Dropping the arms at the end of the rep, which throws away the lowering phase.",A seated machine lateral raise that isolates the side of the shoulder by lifting both arms against fixed pads.,"The lateral raise machine seats you upright with your shoulders lined up against the machine's pivot points and your forearms on pads or hands on handles. You lift both arms out to the sides until they reach shoulder height, pause, then lower under control. It is a shoulder isolation movement with no significant secondary muscles, simple enough for beginners, and the governing cue is to keep the shoulders down instead of shrugging into the lift. The abduction path is the same one the free-weight lateral raise follows.

For a catalog this is the version of the lateral raise that removes balance and swing entirely, which makes it the natural machine-filter entry and the one to serve to beginners. Pair it with the dumbbell and cable raises to cover three equipment tiers.",posters/machine-lateral-raise.webp,machine-lateral-raise.mp4
machine-leg-extension,,Machine Leg Extension,Quadriceps,,Machine,Isolation,beginner,9.6,leg extension; quad exercise; leg day; machine; isolation; lower body,"Builds quad size with the most direct knee-extension stimulus in the gym.; Isolates the quads cleanly without recruiting the glutes or hamstrings.; Allows safe, scalable loading for both beginners and advanced lifters.",Leg-day programming in strength training apps; Hypertrophy quad blocks in bodybuilding programs; Quad-strengthening tracks in rehab-adjacent content; Beginner leg education in coaching platform onboarding,"1. Sit on the machine and adjust the back pad so your knees line up with the machine's pivot point. ; 2. Place your shins behind the roller pad with the pad sitting just above the ankle joint, not on the foot. ; 3. Grip the side handles, brace your core, and press your back firmly into the pad. ; 4. Extend your knees smoothly until the legs are straight, squeezing the quads hard at the top. ; 5. Hold the lockout for a beat, keeping the toes pulled up toward the shins for max quad engagement. ; 6. Lower the pad slowly over 2 to 3 seconds back to the start, never letting the stack slam down.","Slamming the legs straight with momentum, then dropping the weight fast, which removes most of the loading.; Setting the seat wrong so the knee pivot doesn't match the machine, which puts shear stress on the joint.; Lifting the hips off the seat to muscle the weight up, which shifts work away from the quads.; Cutting the range short on the bottom half, which trains only the easy top portion of the lift.",A seated knee-extension machine that isolates the quads through a fixed range — the most direct quad-builder in the gym.,"The machine leg extension is the most isolated quad exercise in the gym. Seated with the shins under a roller pad, the lifter extends the knees against a stack, loading the four quad heads through a single-joint range of motion. Because the rest of the body is locked into the seat, all of the work goes into the front of the thighs.

For app and content use, this clip is foundational inventory for any leg-day program, hypertrophy block, or rehab-adjacent quad-strengthening track. It's also a clean teaching piece for beginners who haven't built the coordination for squats yet but need quad volume in their early sessions.

",posters/machine-leg-extension.webp,machine-leg-extension.mp4
machine-leg-press,,Machine Leg Press,Glutes; Quadriceps,,Machine,Squat,beginner,8.27,leg press; quad exercise; glutes; leg day; machine; lower body,"Builds quad and glute strength with heavy, scalable load.; Removes spinal compression while still loading the legs hard.; Provides a safe leg-day option for lifters returning from back issues.",Heavy leg-day programming in strength training apps; Beginner leg education in gym-onboarding modules; Return-to-training content for back-friendly programs; Hypertrophy lower-body blocks in coaching platforms,"1. Sit in the machine with your back fully against the pad and feet shoulder-width on the platform. ; 2. Release the safety handles and grip the side bars to keep your torso and hips locked in place. ; 3. Lower the platform slowly toward your chest over 2 to 3 seconds until your knees reach about 90 degrees. ; 4. Keep your lower back flat against the pad and your knees tracking in line with your toes. ; 5. Drive the platform back up by pressing through the heels and the middle of the foot. ; 6. Stop just short of locking the knees at the top, then control the next rep down without resting the stack.","Letting the lower back round and lift off the pad at the bottom, which puts the spine at risk.; Locking the knees out hard at the top of every rep, slamming the joint under heavy load.; Letting the knees cave inward on the press, which strains the knees and loses force production.; Cutting the range short and pressing only the top few inches, which trains a fraction of the leg.",A seated leg press that loads the quads and glutes through a guided press — the heavy-load alternative to the back squat.,"The machine leg press lets lifters move serious load through the quads and glutes without putting a bar on the spine. Seated or angled back into the machine, the user pushes a sled away from the body by extending the hips and knees, then controls it back down. The fixed path strips out balance demands and lets the legs work to true fatigue.

For app and content use, this clip is a leg-day staple and a smart pairing with squat content for users who can't or don't want to back-squat. It fits hypertrophy blocks, beginner leg programs, return-to-training tracks, and gym-only programs in any strength app's library.

",posters/machine-leg-press.webp,machine-leg-press.mp4
machine-neutral-row,,Machine Neutral Row,Back,,Machine,Pull,beginner,6.13,machine row; lats; back exercise; pull day; machine; horizontal pull,Builds the lats and mid-back with no lower-back fatigue.; Wrist- and shoulder-friendly thanks to the neutral grip position.; Easy to load progressively without compromising form.,Pull-day programming in fitness apps; Back-friendly row content for older-adult tracks; Beginner pull pattern education in coaching platforms; Hypertrophy back blocks in bodybuilding programs,"1. Set the chest pad so it sits across your upper chest with your shoulders just above the handle position. ; 2. Grip both neutral handles with palms facing each other and let your arms hang fully extended. ; 3. Brace your core and press your chest firmly into the pad to lock your torso in place. ; 4. Pull the handles toward your ribs by driving the elbows back and squeezing the shoulder blades together. ; 5. Pause at the top of the pull with the elbows behind the body, feeling the mid-back contract hard. ; 6. Lower the handles slowly over 2 to 3 seconds back to a full stretch, then repeat without losing chest contact.","Pulling with the biceps instead of leading with the elbows, which steals work from the back.; Letting the chest peel off the pad to use body english, which defeats the support and overloads the low back.; Cutting the lowering short and dropping the handles fast, missing most of the muscle-building tension.; Shrugging the shoulders up at the top of the row, swapping mid-back work for trap dominance.","A chest-supported neutral-grip row that trains the lats and mid-back through a fixed horizontal pull — easy to learn, hard to cheat.","The machine neutral row puts the lifter chest-down on a pad with palms facing each other, then lets them pull a pair of handles toward the ribs. The chest support takes the lower back out of the equation entirely, so all of the work goes into the lats and mid-back. The neutral grip is wrist- and shoulder-friendly, making it easy to load week over week.

For app and content use, this clip is a strong beginner row option for pull-day programming, especially in apps that target older lifters or anyone with low-back limitations. It also pairs well with deadlift and pull-up content as the chest-supported counterpart in a balanced pulling track.

",posters/machine-neutral-row.webp,machine-neutral-row.mp4
machine-pec-fly,,Machine Pec Fly,Chest,,Machine,Isolation,beginner,6.67,pec fly; chest exercise; push day; machine; isolation; upper body,Isolates the chest more directly than any pressing movement.; Builds chest size with low joint stress and high mind-muscle feedback.; Easy to load progressively without shoulder or wrist strain.,Chest-day programming in strength training apps; Hypertrophy push blocks in bodybuilding tracks; Beginner chest-feel education in coaching platforms; Post-press finisher inventory for content creators,"1. Adjust the seat so the handles sit at chest height with your elbows roughly in line with your shoulders. ; 2. Grip both handles with a slight bend in the elbows and press your back firmly into the pad. ; 3. Brace your core and pull your shoulder blades back and down to set a stable chest position. ; 4. Sweep the handles together in a wide arc by squeezing the chest, keeping the elbow angle fixed. ; 5. Pause at the middle when the handles meet, holding a hard chest squeeze for a full beat. ; 6. Let the handles open back out slowly over 2 to 3 seconds until you feel a controlled chest stretch.","Bending the elbows mid-rep so the lift becomes a press, which removes the chest isolation.; Letting the shoulders roll forward at the stretch position, which strains the front shoulders.; Slamming the handles together with momentum instead of squeezing through the contraction.; Cutting the stretch short and never letting the arms open fully, which trains a tiny portion of the lift.",A seated chest fly machine that isolates the pecs through an arc of motion — the cleanest chest-only stimulus in the gym.,"The machine pec fly isolates the chest by removing the triceps and shoulders from the equation almost entirely. Seated upright with the arms locked into a pair of pads or handles, the lifter sweeps the arms together in a wide arc, loading the chest through its full pulling range. The fixed path makes the chest contraction unmistakable.

For app and content use, this clip is a high-value accessory for chest-day programming, hypertrophy blocks, and post-press finisher work in any push-day track. It's also a great teaching piece for newer lifters who struggle to feel their chest working on the bench press.

",posters/machine-pec-fly.webp,machine-pec-fly.mp4
machine-plate-loaded-leg-extension,,Machine Plate Loaded Leg Extension,Quadriceps,,Machine,Isolation,beginner,3.73,plate loaded leg extension; quad exercise; leg day; machine; isolation; hypertrophy,"Allows heavier quad isolation than most selectorized stacks.; Builds quad mass with direct, single-joint loading.; Easy to micro-load with small plates for progressive overload.",Hardcore-gym hypertrophy program assets; Heavy quad-block content in bodybuilding tracks; Accessory-leg-day inventory for coaching platforms; Advanced lifter education in strength training apps,"1. Sit in the machine and align your knees with the machine's pivot point by adjusting the back pad. ; 2. Hook your shins behind the roller pad with the pad just above the ankle joint, not on the foot. ; 3. Grip the side handles, brace your core, and press your back firmly into the seat. ; 4. Extend the knees smoothly until the legs are straight, driving the lever arm up with the quads. ; 5. Squeeze hard at the top with toes pulled toward the shins, holding the contraction for a beat. ; 6. Lower the lever slowly over 2 to 3 seconds back to the start, keeping tension on the quads throughout.","Loading too many plates and dropping the lever fast, which trains momentum instead of the quads.; Cutting the range short on either end, which trains only the easy middle of the motion.; Lifting the hips off the seat to muscle the lever up, shifting work away from the target.; Hyperextending the knees at the top under heavy load, slamming the joint instead of stopping clean.","A plate-loaded seated leg extension that isolates the quads — the heavier-feeling, gym-staple cousin of the selectorized version.","The plate-loaded leg extension is the heavier-feeling, free-weight cousin of the selectorized leg extension. Plates loaded onto the lever arm let the resistance scale up well beyond standard machine stacks, making it a favorite for advanced lifters chasing real quad overload. The single-joint mechanics are identical: the lifter extends the knees against the lever to isolate the quads.

For app and content use, this clip suits hardcore-gym content, hypertrophy programs aimed at intermediate-to-advanced lifters, and bodybuilding tracks where heavy quad accessories are the goal. It pairs naturally with hack squat and leg press content in any heavy-leg-day inventory.

",posters/machine-plate-loaded-leg-extension.webp,machine-plate-loaded-leg-extension.mp4
machine-plate-loaded-t-bar-row,,Machine Plate Loaded T Bar Row,Back,,Machine,Pull,beginner,4.53,t bar row; back exercise; lats; pull day; free weight; horizontal pull,Builds serious lat and mid-back mass with heavy free-weight loading.; Trains the hinge-and-row pattern that carries over to deadlifts.; Allows real progressive overload week over week.,Heavy pull-day programming in strength training apps; Classic-bodybuilding back blocks in coaching platforms; Advanced lifter content in hypertrophy tracks; Hero clips for back and pulling content in agency white-label libraries,"1. Load plates onto the T-bar's loading sleeve and step astride the bar with feet shoulder-width apart. ; 2. Hinge at the hips with a flat back and a slight knee bend until you can grip the handles. ; 3. Brace your core hard and squeeze your shoulder blades back and down to lock the torso position. ; 4. Pull the bar up toward your lower chest by driving the elbows back, leading with the upper back. ; 5. Pause briefly at the top of the pull, squeezing the lats and mid-back hard before reversing. ; 6. Lower the bar slowly over 2 to 3 seconds back to the start, keeping the hinge position locked the whole rep.","Rounding the lower back to lift heavier, which puts serious risk on the spine.; Standing too upright and turning the lift into a shrug instead of a row.; Yanking the bar with body english instead of pulling cleanly with the back.; Cutting the lowering short and letting the bar drop, missing the muscle-building portion of every rep.",A plate-loaded T-bar row that builds the lats and mid-back through a heavy hip-hinge pull — the gym's classic mass-builder.,"The plate-loaded T-bar row is one of the most respected back-builders in any gym. Standing astride a loaded T-bar, the lifter hinges at the hips, grips the handles, and pulls the bar up toward the chest. The free-weight loading and the slight hinge create the kind of brutal mid-back stimulus that selectorized rows can't match.

For app and content use, this clip suits intermediate-to-advanced strength tracks, classic-bodybuilding programs, and pull-day blocks where serious overload is the goal. It pairs naturally with deadlift and pull-up content as the heavy horizontal pull in a complete back day.

",posters/machine-plate-loaded-t-bar-row.webp,machine-plate-loaded-t-bar-row.mp4
machine-preacher-curl,,Machine Preacher Curl,Biceps,Forearms,Machine,Isolation,beginner,6.4,machine preacher curl; preacher curl; biceps; short head; machine; isolation,"The pad removes momentum, so the biceps take the load at every rep speed.; A fixed path is quick to teach and easy to load in small steps.; Supported arms let you train close to failure without the torso compensating.",Beginner arm programming in a training app.; Machine circuit templates for commercial gyms.; Content on arm position and curl mechanics.; Machine filtered library entries in an exercise browser.,1. Set the seat height so your armpits rest against the top of the pad. ; 2. Sit with your chest against the support and your feet flat on the floor. ; 3. Take the handles with an underhand grip and lay your upper arms flat on the pad. ; 4. Straighten your arms to the start position without fully locking the elbows. ; 5. Curl the handles toward your shoulders and squeeze at the top. ; 6. Lower under control back to the stretched position and repeat.,"Sliding the elbows up the pad, which shortens the range the biceps actually work.; Lifting the chest off the support to start the rep, which brings the back into an arm exercise.; Snapping the arms straight at the bottom, which loads the elbow in a stretched position.; Setting the seat too low, so the shoulders shrug up and the pad digs into the arms.",Seated preacher curl machine that fixes the upper arms on a pad so the biceps work through a strict range.,"The machine preacher curl seats you with the upper arms flat on an angled pad and the hands on handles that follow a fixed arc. The pad puts the shoulder into slight flexion, which shortens the biceps long head and shifts more of the demand onto the short head and the brachialis, and it removes any chance of swinging the load up with the hips. A ten week trial comparing preacher curls against a shoulder extended cable curl found similar biceps and brachialis growth from both, so the preacher position is best treated as a strictness choice rather than a growth advantage.

As an asset this is the fixed path biceps clip for commercial gym libraries. It fits beginner arm programming where cheating is the main problem, machine circuit templates, and content explaining how arm position changes a curl.",posters/machine-preacher-curl.webp,machine-preacher-curl.mp4
machine-pulldown,,Machine Pulldown,Back,Biceps,Machine,Pull,beginner,9.33,machine pulldown; lats; back exercise; pull day; machine; vertical pull,"Builds lat width and back thickness with a beginner-friendly pattern.; Strengthens the vertical pull that transfers directly to pull-ups.; Trains the lats and biceps through a clean, full range of motion.",Pull-day workout flows in fitness apps; Pull-up progression tracks in coaching platforms; Beginner back education in onboarding modules; Hypertrophy back blocks in bodybuilding programs,"1. Sit on the machine and lock your thighs under the pad with feet flat on the floor. ; 2. Grip the bar slightly wider than shoulder width with palms facing forward. ; 3. Lean your torso back about 10 to 15 degrees and pull your shoulder blades down to set the lats. ; 4. Pull the bar down to the upper chest by driving the elbows down and back, not by yanking with the arms. ; 5. Pause briefly at the bottom with the bar at your collarbones, squeezing the lats hard. ; 6. Let the bar travel slowly back up over 2 to 3 seconds until your arms are fully extended overhead.","Pulling with the biceps and forearms instead of leading with the elbows and back.; Leaning too far back so the lift turns into a row instead of a vertical pull.; Cutting the top range short and never letting the arms fully extend, which removes the lat stretch.; Letting the stack snap back up at the top, killing the slow return where most muscle growth happens.",A seated machine pulldown that trains the lats and biceps through a fixed vertical pull — the universal gym back-builder.,"The machine pulldown is the universal vertical pull. Seated under a fixed bar with the thighs locked under a pad, the lifter pulls the bar down to the upper chest, loading the lats through their full pulling range. The fixed bar path makes it easy to learn and easy to feel — the lats either work or they don't.

For app and content use, this clip is foundational inventory for any pull-day flow, beginner back program, or pull-up progression track. Lifters who can't yet do a strict pull-up build the same pattern here, making it essential in any beginner-to-advanced strength library.

",posters/machine-pulldown.webp,machine-pulldown.mp4
machine-seated-cable-row,,Machine Seated Cable Row,Back,Biceps,Cable Machine,Pull,beginner,9.07,seated cable row; back exercise; lats; pull day; cable; horizontal pull,"Builds the lats, mid-back, and biceps with constant cable tension.; Improves posture by training the muscles that pull the shoulders back.; Easy to scale for beginners and easy to load for advanced lifters.",Pull-day workout flows in fitness apps; Posture-correction programs for desk-worker audiences; Beginner row pattern education in coaching platforms; Hypertrophy back blocks in bodybuilding tracks,"1. Sit on the machine and brace your feet against the platform with your knees slightly bent. ; 2. Grip the handle, hinge slightly forward, and let the cable pull your arms fully extended. ; 3. Sit tall with a flat back and pull your shoulder blades down and back to set the start position. ; 4. Pull the handle to your lower chest or upper stomach by driving the elbows back behind the body. ; 5. Squeeze the mid-back hard at the top of the pull, pausing for a full beat before reversing. ; 6. Let the handle travel slowly back forward over 2 to 3 seconds, fighting the cable the whole way.","Rocking the torso back and forth to use momentum, which trains the low back instead of the upper back.; Pulling the handle to the throat instead of the lower chest, which loses the lat engagement.; Shrugging the shoulders up at the top, swapping mid-back work for trap dominance.; Letting the cable rip the arms forward fast and skipping the slow return portion of every rep.","A seated cable row that trains the lats, mid-back, and biceps through a clean horizontal pull — the benchmark row in any gym.","The seated cable row is the benchmark horizontal pulling exercise in any gym. Seated upright with the feet braced on a platform, the lifter pulls a handle from a low cable toward the lower chest, loading the lats, mid-back, and biceps through a full range. The constant cable tension makes the working muscles obvious and the lowering phase controlled.

For app and content use, this clip is foundational inventory for any pull-day flow, beginner pull-pattern education, and posture-supportive programs for desk-worker audiences. It pairs naturally with pulldown and face-pull content in a balanced pull track.

",posters/machine-seated-cable-row.webp,machine-seated-cable-row.mp4
machine-tricep-extension,,Machine Tricep Extension,Triceps,,Machine,Isolation,beginner,7.73,machine tricep extension; triceps extension; triceps; machine; isolation; elbow extension,The fixed path means the triceps can be loaded with no balance demand at all.; Simple to teach and quick to adjust between users in a circuit.; Supports pressing strength by training elbow extension directly.,Beginner arm sessions in a training app.; Pressing support blocks in strength program templates.; Machine circuit content for commercial gym plans.; Triceps option on a machine-filtered browse page.,"1. Adjust the seat so your upper arms rest flat on the pad and your shoulders stay down. ; 2. Sit with your back against the support and your feet flat on the floor. ; 3. Take the handles with a neutral grip and start with the elbows bent. ; 4. Brace your abs so the lower back stays against the pad. ; 5. Exhale and extend your elbows to push the handles forward. ; 6. Stop just short of lockout, then return the handles slowly and repeat.","Locking the elbows hard at the end of each rep, which shifts load onto the joint.; Arching the lower back to press the handles, which recruits the trunk instead of the arms.; Letting the upper arms lift off the pad, so the shoulders help the triceps.; Turning the head to watch the stack, which puts the neck in a loaded rotated position.",Seated machine triceps extension that drives the handles forward on a fixed path with the arms supported.,"The machine tricep extension seats you with the upper arms braced and the hands on neutral grip handles, then asks for one thing: straighten the elbows. Because the frame fixes the shoulder and the path of the handles, the triceps work without the balance and stabilizing demands of a free weight extension, and the load changes a plate at a time. Stopping just short of lockout keeps tension on the muscle instead of parking it on the elbow joint. The abs stay braced so the lower back does not arch as you press the handles away.

In a library this is the low skill triceps clip that suits any machine based program. It fits beginner arm sessions, pressing support blocks in strength templates, and circuit content where a fixed path keeps form consistent across users.",posters/machine-tricep-extension.webp,machine-tricep-extension.mp4
machine-underhand-row,,Machine Underhand Row,Biceps; Back,,Machine,Pull,beginner,6.13,underhand row; lats; back exercise; biceps; machine; pull day,"Builds the lower lats with a strong, biceps-friendly pulling line.; Removes lower-back fatigue thanks to the chest-supported position.; Trains the lats and biceps together for arm-and-back content efficiency.",Pull-day programming in fitness apps; Arm-and-back hybrid days in coaching platforms; Hypertrophy back blocks in bodybuilding tracks; Bicep-friendly row education in beginner programs,"1. Set the chest pad height so it sits across your upper chest with your shoulders just above the handles. ; 2. Grip the underhand handles with palms facing up and let your arms extend fully toward the floor. ; 3. Brace your core and press your chest firmly into the pad to lock the torso in place. ; 4. Pull the handles up toward your lower ribs by driving the elbows back and down close to the body. ; 5. Pause at the top with the elbows behind you, squeezing the lats and biceps for a full beat. ; 6. Lower the handles slowly over 2 to 3 seconds back to a full stretch before the next rep.","Curling the arms up with the biceps instead of rowing with the elbows leading the motion.; Letting the chest peel off the pad to cheat the weight up, which loads the low back.; Flaring the elbows wide and turning the row into an overhand-style pull, losing the underhand bias.; Cutting the stretch short and never letting the arms fully extend at the bottom of each rep.",A machine row with an underhand grip that hits the lower lats and biceps hard — the supinated take on the chest-supported row.,"The machine underhand row flips the grip on a standard chest-supported row, loading the lats and biceps in their strongest pulling line. The supinated hand position naturally tucks the elbows close to the body, which biases the lower lats and lets the biceps contribute more. Chest support keeps the lower back out of the equation.

For app and content use, this clip slots into pull-day programming as the bicep-friendly row variation and pairs well with overhand pulldowns for complete lat development. It's a smart inclusion in arm-and-back hybrid days, hypertrophy blocks, and bodybuilding-style content tracks.

",posters/machine-underhand-row.webp,machine-underhand-row.mp4
man-maker,,Man Maker,Quadriceps; Shoulders; Back,Chest; Triceps; Core; Glutes,Dumbbell,Cardio; Squat,advanced,9.07,man maker; dumbbell complex; full body; conditioning; burpee; renegade row,"Covers push, pull, squat and press patterns inside a single repetition, so a short set does a lot of work.; Drives heart rate high with nothing but a pair of dumbbells, which suits circuits with limited floor space.; Exposes trunk stability under fatigue, because the rows require anti-rotation control mid-set.",Finisher blocks in a strength app where one movement stands in for a whole circuit.; Full-body conditioning templates built around a single pair of dumbbells.; Movement-demo screens that break a multi-part complex into recognizable phases.; Coaching content explaining how compound complexes are sequenced and regressed.,"1. Set two dumbbells on the floor about shoulder-width apart and take a high plank with one hand on each handle. ; 2. Lower your chest toward the dumbbells and press back up, keeping your hips level and your feet wide enough to stay stable. ; 3. Row the right dumbbell to your ribs without letting the hips rotate, lower it under control, then repeat on the left. ; 4. Step or jump both feet up outside your hands so you finish in a deep squat with the dumbbells still on the floor. ; 5. Stand and clean both dumbbells to your shoulders, then press them overhead until your elbows lock out. ; 6. Lower the dumbbells to your shoulders and back to the floor, then return to the plank to start the next repetition.","Letting the hips rotate during the row, which turns the plank into a twist and pulls load off the working side.; Setting the feet too narrow in the plank, which makes the base unstable and forces you to cut the row short.; Flaring the ribs and arching the spine on the press, which shifts load off the shoulders and onto the lower back.; Chaining the four parts together before each one is clean, which is the fastest way to lose form once fatigue arrives.","A dumbbell complex that chains a push-up, two renegade rows, a squat clean and an overhead press into one rep.","The man maker stacks four patterns into one repetition. From a high plank with a dumbbell under each shoulder you press through a push-up, row one bell and then the other while keeping the hips square, bring the feet to the hands, then clean the pair to the shoulders and press overhead. The renegade row and the dumbbell squat to overhead press each rate as advanced on their own.

Load stays light relative to any single component, because the limiting factor is trunk control under fatigue rather than pressing or pulling strength.

For a library this clip covers the complex slot most catalogs leave empty. It gives conditioning programs one asset that reads as push, pull, squat and press, and gives coaching content a clean sequencing reference.",posters/man-maker.webp,man-maker.mp4
meadows-row,,Meadows Row,Back,Trapezius; Biceps; Shoulders; Core,Barbell,Pull,intermediate,8.53,meadows row; landmine; barbell row; lats; back; unilateral,Trains one side of the back at a time so asymmetry shows up.; The long rowing arc keeps the lats loaded through a full stretch.; The staggered stance adds an anti-rotation demand on the trunk.,Unilateral pull slot in intermediate hypertrophy templates.; Accessory work aimed at left to right back asymmetry.; Technique media on elbow path and the sweeping rowing arc.; Landmine section for gyms with a corner but no cable stack.,"1. Wedge one end of a barbell into a landmine or a corner and load the other end. ; 2. Stand beside the loaded end so your body is side-on to the bar. ; 3. Stagger your stance with the leg nearest the bar set behind you. ; 4. Hinge forward and grip the bar end overhand with your shoulder above it. ; 5. Row the bar back toward your hip, letting the elbow flare and pass your torso. ; 6. Lower to a full stretch, finish the set, then switch sides.","Squaring up to the bar, which turns the sweeping arc into an ordinary bent over row.; Twisting the torso to lift the weight, which trades back work for spinal rotation.; Standing too upright, so the range shortens and the lats barely stretch.; Losing the thick sleeve to grip fatigue, which ends the set before the back is worked.","A unilateral landmine row taken from a staggered stance side-on to the bar, pulling one side of the back.","The Meadows row is a single arm row done on the end of a barbell set in a landmine, with your body side-on to the bar and your stance staggered. Because the shoulder sits above the bar end and the elbow flares out, the pull sweeps back toward the hip rather than straight up, which keeps the lats and mid back loaded through a long arc. The trunk works isometrically against rotation while the biceps and rear delt assist. The lift takes its name from John Meadows, the coach who popularized it.

For a library this covers unilateral rowing with a barbell, a gap most catalogs fill only with dumbbells. Use it in barbell and landmine equipment filters, in accessory blocks that address left-right asymmetry, and in content about elbow path and rowing arc.",posters/meadows-row.webp,meadows-row.mp4
mountain-climber,,Mountain Climber,Core,,Bodyweight,Plyometric,beginner,7.73,mountain climber; core exercise; cardio; bodyweight; hiit; home workout,Trains the core under load while spiking the heart rate at the same time.; Builds full-body conditioning with zero equipment or space requirements.; Reinforces a strong plank shape under fatigue and movement.,HIIT and conditioning circuits in fitness apps; Home-and-travel workout programming with no equipment; Warm-up flows for strength and conditioning sessions; Bodyweight finisher inventory for coach Reels and TikToks,"1. Set up in a high-plank position with your hands directly under your shoulders and arms locked out. ; 2. Brace your core hard and squeeze your glutes to keep your hips level with your shoulders. ; 3. Drive your right knee toward your chest, keeping the foot off the floor at the front of the motion. ; 4. Snap the right leg back as you drive the left knee forward in a smooth, alternating rhythm. ; 5. Keep the hips low and the shoulders stacked over the wrists the entire set. ; 6. Continue for 20 to 40 seconds at a controlled pace, prioritizing form over raw speed.","Letting the hips bounce up and down, which removes the core demand and breaks the plank shape.; Sagging the lower back as the legs drive, which strains the spine instead of loading the core.; Putting the hands too far in front of the shoulders, which collapses the plank and stresses the wrists.; Going too fast and losing range of motion, with knees barely moving instead of driving toward the chest.",A high-tempo plank-position knee drive that trains the core and spikes the heart rate — the universal HIIT finisher.,"The mountain climber is one of the most-used conditioning exercises in modern programming. Holding a high-plank position, the lifter alternates driving the knees toward the chest as fast as form allows. The combination of plank-level core demand and high-tempo leg drive makes it a powerful core-and-cardio hybrid that needs zero equipment.

For app and content use, this clip is a staple for HIIT circuits, bodyweight finishers, warm-up flows, and home-and-travel programming where space and equipment are limited. It pairs naturally with burpee and jumping-jack content in any conditioning-focused fitness app library.

",posters/mountain-climber.webp,mountain-climber.mp4
narrow-pulldown,,Narrow Pulldown,Back,Biceps; Trapezius,Machine,Pull,beginner,9.87,narrow pulldown; lats; back exercise; pull day; machine; vertical pull,"Bias-loads the lower lats with a narrow, biceps-friendly grip.; Trains the vertical pull through a longer range than the wide-grip version.; Adds variation to pulldown programming for balanced lat development.",Pull-day programming in fitness apps; Grip-variation education in coaching platforms; Hypertrophy back blocks for bodybuilding programs; Pull-up progression tracks for beginner-to-intermediate lifters,"1. Attach a close-grip V-handle to the cable and sit on the machine with your thighs locked under the pad. ; 2. Grip the handle with palms facing each other and let your arms extend fully overhead. ; 3. Lean your torso back about 10 to 15 degrees and pull your shoulder blades down to set the lats. ; 4. Pull the handle down to your upper chest by driving the elbows down close to the sides of your body. ; 5. Pause briefly at the bottom with the handle at your collarbones, squeezing the lower lats hard. ; 6. Let the handle travel slowly back overhead over 2 to 3 seconds until your arms are fully extended.","Pulling with the biceps and forearms instead of leading with the elbows and back.; Leaning too far back so the lift turns into a row instead of a vertical pull.; Cutting the top range short and never letting the arms fully extend overhead.; Letting the stack snap up at the top, removing the slow return portion of each rep.",A close-grip lat pulldown that bias-loads the lower lats and biceps — the narrow-grip take on the classic vertical pull.,"The narrow pulldown swaps the wide bar of a standard pulldown for a close-grip handle, shifting the load toward the lower lats and biceps. The closer hand position naturally tucks the elbows in and lengthens the pulling range, giving the lats more time under tension and the biceps a stronger contribution.

For app and content use, this clip is a smart variation to ship alongside the standard pulldown for complete lat development. It fits pull-day flows, hypertrophy back blocks, and grip-variation content in any strength training app or coaching platform that wants to teach lifters how grip changes the loading.

",posters/narrow-pulldown.webp,narrow-pulldown.mp4
neck-curl,,Neck Curl,Neck,,Bodyweight,Isolation,beginner,9.87,neck curl; neck flexion; neck training; bodyweight; isolation; cervical,"Trains neck flexion directly, which almost no other lift loads.; Builds head and neck control that matters in contact and combat sports.; Bodyweight loading and a short range make it easy to start and to progress slowly.",Contact and combat sport program tracks.; Posture and desk worker content in wellness apps.; Neck rehab sequences in coaching platforms.; Bodyweight filtered library entries in an exercise browser.,"1. Lie face up on a bench with your head just past the edge. ; 2. Rest your arms across your chest and keep your shoulders flat on the bench. ; 3. Let your head lower until you feel a light stretch at the front of the neck. ; 4. Tuck your chin slightly toward your chest and hold that position. ; 5. Curl your head up toward your chest without lifting your shoulders. ; 6. Pause at the top, then lower slowly through the full range and repeat.","Jutting the chin forward instead of tucking it, which loads the upper neck joints.; Lifting the shoulders and trunk, which turns the movement into a partial crunch.; Adding load before the bodyweight range is smooth, which shifts work onto the superficial flexors.; Bobbing the head quickly, which produces range without controlled muscle work.",Supine neck curl that trains the front of the neck by lifting the head against gravity through a short range.,"The neck curl is the direct flexion exercise for the front of the neck. Lying face up with the head just off the end of a bench, you tuck the chin slightly and lift the head toward the chest without letting the shoulders leave the surface. The prime movers are the sternocleidomastoid and the deeper cervical flexors, and rehab literature notes that those deep flexors respond to low load work while the superficial ones take over once the load climbs. That makes bodyweight the sensible starting point, with a plate added only after the range is smooth and painless.

For a library this is the neck training clip most catalogs are missing entirely. It fits contact and combat sport program tracks, posture and desk worker content, and neck rehab sequences delivered through a coaching platform.",posters/neck-curl.webp,neck-curl.mp4
neck-extension,,Neck Extension,Trapezius,,Bodyweight,Isolation,beginner,8.27,neck extension; neck; cervical extensors; bodyweight; prone; isolation,"Loads the neck extensors directly, a group most training plans never address.; Needs only a bench, so it fits home, gym and clinic settings alike.; The short bodyweight range makes the effort easy to scale by tempo and reps.",Posture and desk-worker programs in a mobile training app.; Neck blocks for contact and combat sport athletes.; Rehab-adjacent education content where form clarity matters.; The neck slot in a muscle-group filtered exercise library.,1. Lie face down on a flat bench with your hips centered and your chest past the front edge. ; 2. Place your hands flat on the bench under your shoulders to support your upper body. ; 3. Let your head and neck hang past the edge with your face toward the floor. ; 4. Lift your head back until your neck lines up with your upper back. ; 5. Hold the top for a beat with your jaw and shoulders relaxed. ; 6. Lower your head slowly to the start and repeat for the prescribed reps.,"Throwing the head back into full hyperextension, which jams the neck joints instead of loading the extensors.; Adding load before the neck can hold a clean range, which turns the set into a jerky swing.; Shrugging the shoulders to help, which hides how much work the neck is actually doing.; Letting the chest lift off the bench, so the movement becomes a back extension instead of a neck extension.","A prone neck extension done off the end of a bench, lifting the head against gravity to load the neck extensors.","The neck extension is a small isolation movement for the muscles running up the back of the neck. You lie face down on a bench with your chest past the front edge and your head hanging free, then lift your head until your neck lines up with your upper back. The head is the only load, so the range is short and the effort is set by tempo and reps rather than by added weight. Clinical work measures the cervical extensors in exactly this prone position.

For an asset library this is one of the few clips that covers the neck honestly. Use it in posture and desk-worker programs, in neck blocks for contact sport athletes, in rehab-adjacent content where a clean demonstration matters more than load, and as the neck entry point for apps that filter by muscle group.",posters/neck-extension.webp,neck-extension.mp4
neutral-grip-dumbbell-bench-press,,Neutral-Grip Dumbbell Bench Press,Chest,Triceps; Shoulders,Dumbbell,Push,beginner,7.73,chest; dumbbell; bench press; neutral grip; push; compound,"Neutral wrist and elbow position is usually easier to tolerate than a pronated grip for sore shoulders.; Tucked elbow path recruits the triceps more than a standard dumbbell press.; Each arm works independently, which exposes and evens out side-to-side differences.",Chest pressing slots in dumbbell-only or home gym programs; Dumbbell equipment filters in an exercise library; Joint-friendly substitutions surfaced when a user flags shoulder pain; Push-day templates that alternate grips across the training week,"1. Sit on the end of a flat bench holding a dumbbell in each hand with palms facing inward. ; 2. Rest the dumbbells on your thighs, then lie back and bring them to chest level. ; 3. Set your shoulder blades back into the bench and plant both feet on the floor. ; 4. Press the dumbbells up until your arms are nearly straight, keeping palms facing each other. ; 5. Lower them under control until the handles reach chest level, keeping your elbows close to your sides. ; 6. Repeat for the prescribed reps, then bring your knees up to help you sit back up safely.",Letting the elbows drift wide loses the neutral-grip advantage and returns stress to the front of the shoulder.; Clashing the dumbbells together at the top unloads the chest and risks losing control of one hand.; Locking the elbows hard at the top drops tension off the pectorals between reps.; Dropping the dumbbells to the floor from the finished position strains the shoulders on the way out of the set.,"Flat dumbbell press with the palms facing each other, keeping the elbows tucked and the wrists neutral.","The neutral-grip dumbbell bench press turns the palms inward so the dumbbells stay parallel through the whole rep. The pectoralis major still drives the press, but the tucked elbow path increases the triceps contribution and reduces the elbow flare a pronated grip encourages. EMG data on dumbbell pressing show the flat position produces the highest sternal pectoral activity of the press variations.

Lifters reach for this grip when the pronated version bothers a shoulder, wrist or elbow, since the neutral position sits those joints in a more comfortable pressing line.

For a catalog this is the joint-friendly chest press asset. It belongs in dumbbell equipment filters, home gym templates and substitution lists offered when a user reports shoulder discomfort.",posters/neutral-grip-dumbbell-bench-press.webp,neutral-grip-dumbbell-bench-press.mp4
neutral-grip-lat-pulldown,,Neutral-Grip Lat Pulldown,Back,Biceps; Trapezius; Shoulders,Cable Machine,Pull,beginner,9.33,lat pulldown; neutral grip; v-bar; cable machine; lats; vertical pull,Neutral forearms keep the shoulder out of full internal rotation.; Comfortable grip for lifters with wrist or elbow sensitivity.; Delivers lat activation comparable to pronated pulldown grips.,Cable machine equipment filter in a gym app.; Shoulder-friendly swap list for users with an impingement history.; Grip-variation series alongside wide and underhand pulldowns.; Vertical pull slot in beginner strength templates.,1. Clip a V-bar or parallel handle onto the high pulley of a pulldown station. ; 2. Sit down and lock your thighs under the pad. ; 3. Take the handle with palms facing each other and straighten your arms. ; 4. Pull your shoulder blades down and keep your chest tall. ; 5. Draw the handle to your upper chest with your elbows tracking close to your ribs. ; 6. Return slowly until your arms are fully extended and repeat.,"Rocking the torso back and forth, which turns the pulldown into a partial row.; Shrugging at the start, so the upper traps absorb the load before the lats.; Curling the handle down with the arms, which makes the biceps the limiting factor.; Cutting the top of the range short, which removes the loaded lat stretch.","A cable pulldown pulled on a V-bar with palms facing each other, keeping the shoulders and wrists neutral.","Swapping a straight bar for a V-bar or parallel handle puts the forearms in a neutral position, so the shoulder stays out of full internal rotation through the pull. Setup otherwise matches a standard pulldown: depress the shoulder blades, then flex the elbows and extend the shoulders until the handle reaches the upper chest. EMG comparisons across seven pulldown variants found no significant difference in latissimus dorsi activation between grips, while neutral and narrow grips raise biceps involvement.

In a product this clip is the accessibility variant of the lat pulldown. It belongs in cable machine filters, in shoulder-friendly swap lists for users with an impingement history, and in grip-variation content showing pronated, supinated and neutral pulls from one mannequin.",posters/neutral-grip-lat-pulldown.webp,neutral-grip-lat-pulldown.mp4
neutral-grip-pull-up,,Neutral-Grip Pull-Up,Back,Biceps; Trapezius; Shoulders,Bodyweight,Pull,intermediate,2.93,pull up; neutral grip; v-bar; bodyweight; lats; vertical pull,"Neutral shoulder position reduces impingement risk versus a wide pronated grip.; Strong biceps and brachialis contribution makes the pull feel achievable.; Needs only a bar and a handle, so it fits minimal-equipment programs.",Bodyweight equipment filter for home and travel programs.; Calisthenics and hybrid training templates.; Shoulder-friendly pull-up option in a program swap engine.; Grip comparison series with pronated and supinated pull-ups.,1. Hook a V-bar or parallel handles over a pull-up bar. ; 2. Grip the handles so your palms face each other and hang with straight arms. ; 3. Brace your core and squeeze your glutes to stop your legs swinging. ; 4. Pull your shoulder blades down and back to begin the movement. ; 5. Drive your elbows toward your ribs until your chest reaches the handles. ; 6. Lower under control to a near-straight hang and repeat.,"Kipping or swinging the legs, which reduces the load the back actually handles.; Pulling only with the arms, so the biceps fail before the lats are trained.; Stopping partway up, which limits the contraction at the top of the range.; Dropping into a hard dead hang each rep, which stresses the elbows and shoulders.","A bodyweight pull-up performed on parallel handles with palms facing each other, easier on the shoulders.","A neutral grip pull-up uses a V-bar or parallel handles so the palms face each other and the forearms stay mid-position. Compared with a pronated pull-up the shoulder is not driven into abduction and internal rotation, a common source of impingement complaints, and the elbows track closer to the ribs. The lats and rhomboids remain the prime movers, with the biceps, brachialis, mid trapezius and rear delts assisting more than in a wide pronated pull-up.

For a catalog this is the shoulder-friendly member of the pull-up family and a frequent request in programs for older or rehab-adjacent users. Use it in bodyweight equipment filters, calisthenics and hybrid training templates, and grip comparison content showing pronated, supinated and neutral pull-ups from one mannequin.",posters/neutral-grip-pull-up.webp,neutral-grip-pull-up.mp4
nordic-hamstring-curl,,Nordic Hamstring Curl,Hamstrings,Glutes; Calves; Core,Bodyweight,Isolation,advanced,9.33,nordic hamstring curl; hamstrings; eccentric; bodyweight; posterior chain; injury prevention,"Loads the hamstrings eccentrically at the long lengths where strains occur.; Needs only an ankle anchor, so it travels to any field, gym or garage.; Progresses by range and tempo rather than by adding external load.",Injury-prevention blocks in team-sport training apps.; Preseason hamstring programs for running and field sports.; Rehab-adjacent education content on eccentric training.; The advanced hamstring slot in a bodyweight program builder.,"1. Kneel on a pad with your knees bent and the tops of your feet flat on the floor. ; 2. Anchor your ankles under a loaded barbell, a fixed pad, or a partner's hands. ; 3. Stand tall through the hips so knees, hips and shoulders form one line. ; 4. Reach your arms forward and lower your torso slowly, keeping the hips extended. ; 5. Catch yourself on your hands once you can no longer control the descent. ; 6. Push back just enough to let the hamstrings pull you upright, then repeat.","Breaking at the hips so the movement becomes a bow, which unloads the hamstrings.; Dropping fast once it gets hard, which removes the eccentric stimulus the exercise exists for.; Pushing hard off the floor every rep, so the arms do the work the hamstrings should.; Starting at full range with no assistance, which usually ends in a cramp or a strain.",A kneeling bodyweight curl where the hamstrings resist the whole body lowering toward the floor under eccentric control.,"The Nordic hamstring curl is a kneeling eccentric exercise. Your ankles are pinned, usually under a loaded barbell or a partner's hands, and you lower your torso toward the floor while holding the hips extended so the knee flexors alone control the descent. Most people run out of control partway down, catch themselves on their hands, then push back just enough to let the hamstrings finish the rep. Peak knee flexor force here is high, which is why it is studied so heavily as a hamstring strain intervention.

In a catalog this is the flagship hamstring clip for field-sport and rehab audiences. It supports injury-prevention programs, preseason blocks, warm-up templates for running clubs, and content explaining eccentric training, where a loop of the slow descent says far more than a still photo.",posters/nordic-hamstring-curl.webp,nordic-hamstring-curl.mp4
pallof-press,,Pallof Press,Core,Chest; Triceps,Cable Machine; Band,Core,beginner,8.53,pallof press; anti-rotation; core; obliques; cable machine; band,Trains the trunk to resist rotation rather than produce it.; Isometric bracing loads the obliques and deep abdominals without spinal flexion.; Scales cleanly by stepping closer to or further from the anchor.,Core block in strength and athletic program templates.; Anti-rotation entry that resolves for both cable and band filters.; Teaching content on resisting rotation alongside planks and carries.; Bracing warm-up before heavy squatting or pressing.,"1. Set a cable pulley or anchor a band at chest height. ; 2. Stand side-on to the anchor and take the handle in both hands with your fingers laced. ; 3. Step away until the cable is under tension and set your feet slightly wider than shoulder width. ; 4. Pull the handle in to the center of your chest and brace your abs hard. ; 5. Press the handle straight out and hold for two to three seconds without letting your torso turn. ; 6. Return the handle to your chest under control, finish the set, then turn around and face the other way.","Letting the hips and shoulders rotate toward the anchor, which removes the anti-rotation demand entirely.; Standing too close to the stack, so there is no tension left to resist at full extension.; Holding your breath through the press, which usually means the load is beyond what your bracing can hold.; Pressing off-center or across the body, which turns the drill into an unsteady one-arm chest press.",A standing anti-rotation drill: hold a cable or band at chest height side-on and press it out without letting the torso turn.,"Despite the name, the Pallof press is a core exercise rather than a pressing exercise. You stand side-on to a cable stack or an anchored band set at chest height, hold the handle against your chest with both hands, then press it out and back while the tension tries to rotate you toward the anchor. The abs are the target and the demand is isometric, so the job is to stop the hips turning as the arms extend. The obliques and transverse abdominis are the muscles resisting that rotation.

For a library this is the clearest way to show anti-rotation, a category most catalogs cover only with planks. It belongs in core blocks, in both cable and band equipment filters, and in coaching content on resisting movement rather than producing it.",posters/pallof-press.webp,pallof-press.mp4
parralel-bar-dips,parallel-bar-dips,Parallel Bar Dips,Chest,Triceps,Bodyweight,Push,intermediate,6.13,parallel bar dips; chest exercise; triceps; bodyweight; push day; calisthenics,"Builds serious chest, triceps, and front-shoulder strength with bodyweight only.; Trains a vertical press pattern that complements overhead and bench work.; Develops the body-control needed for advanced calisthenics.",Calisthenics and bodyweight strength programming in fitness apps; Park and minimal-equipment workout content; Push-day inventory for home-and-travel program tracks; Hero clips and thumbnails for bodyweight strength content,"1. Grip the parallel bars with palms facing each other and press up to a strong, locked-out start position. ; 2. Brace your core, squeeze the glutes, and cross the ankles to keep the body in a tight line. ; 3. Lean your torso slightly forward to bias the chest, or stay upright to bias the triceps. ; 4. Lower yourself slowly over 2 to 3 seconds until your shoulders drop just below your elbows. ; 5. Pause briefly at the bottom with the chest open and the body still controlled. ; 6. Press back up to full lockout by driving through the chest and triceps in one smooth motion.","Letting the shoulders shrug up to the ears at the bottom, which strains the front shoulders.; Cutting the depth short and only doing the easy top half of the rep.; Swinging the legs to use momentum, which removes the controlled loading the dip is meant to deliver.; Flaring the elbows wide on the press, which puts unnecessary strain on the joint.",A bodyweight dip on parallel bars that builds the chest and triceps — one of the most demanding pure-bodyweight upper-body lifts.,"Parallel bar dips are one of the most respected bodyweight upper-body exercises in any program. Suspended between two bars, the lifter lowers themselves until the shoulders dip below the elbows, then drives back up to lockout. The movement loads the chest, triceps, and front shoulders hard and exposes any weakness in upper-body strength.

For app and content use, this clip is a hero piece for calisthenics programs, bodyweight strength tracks, and gymnastics-adjacent content. It also pairs naturally with pull-up and push-up content as part of a complete bodyweight push-pull library for home, park, or minimal-equipment programming.

",posters/parralel-bar-dips.webp,parralel-bar-dips.mp4
pause-squat,,Pause Squat,Quadriceps,Glutes; Hamstrings; Core; Calves,Bodyweight,Squat,beginner,9.87,pause squat; bodyweight; quadriceps; squat; tempo; isometric,"Removes the stretch reflex, so the legs produce every bit of the force.; Builds control and bracing at depth before external load is added.; Needs no equipment, so it scales any bodyweight lower body plan.",Tempo and time under tension blocks in a bodyweight plan.; Squat technique content teaching control at depth.; Progression step before external load is added to the squat.; Isometric hold demo for apps that display a pause count.,"1. Stand with your feet slightly wider than hip width and toes turned out a little. ; 2. Pull your shoulders down and back and brace your trunk. ; 3. Push the hips back and bend the knees together to descend. ; 4. Lower until your thighs are at least parallel, keeping the heels down. ; 5. Hold the bottom position for about a second without relaxing. ; 6. Press through the whole foot to stand and reset before the next rep.","Relaxing in the bottom position, which lets the chest fold forward on the way up.; Bouncing out of the pause, which is the exact reflex the hold is meant to remove.; Letting the heels lift, which shifts load onto the front of the knees.; Holding far longer than a second, which fatigues the position instead of training it.","A bodyweight squat held still at the bottom, removing the bounce so the legs restart from a dead stop.","The pause squat is an ordinary squat with a deliberate stop at the bottom. You descend under control until the thighs are at least parallel, hold with the trunk braced, then stand. The pause removes the stretch reflex, so nothing helps you out of the hole and the quadriceps and glutes have to start the rep cold. The hold stays short, around a one-thousand-one count, and staying tight in the bottom position is what makes it work: lose the brace and the chest folds forward as you try to stand.

As an asset the pause is hard to convey in a photograph and obvious in a loop, which is why this clip is worth carrying. It suits bodyweight equipment filters, tempo and time under tension programming, and technique content teaching control at depth before load is added.",posters/pause-squat.webp,pause-squat.mp4
pendlay-row,,Pendlay Row,Back; Trapezius,Biceps; Shoulders; Core,Barbell,Pull,intermediate,9.87,pendlay row; barbell row; dead stop; back; upper back; horizontal pull,"Every rep starts from a dead stop, so no momentum carries over.; Trains explosive pulling strength for the lats and mid back.; Reinforces the hinge position under repeated heavy loading.",Barbell filter entry for the dead stop row in a pull day.; Power focused rowing in powerlifting and athletic accessory blocks.; Coaching content contrasting dead stop and continuous rows.; Clean loop point for interval and rep-count clip displays.,"1. Set a loaded barbell on the floor directly in front of your shins. ; 2. Bend forward at the hips until your back is almost level above the bar. ; 3. Take a double overhand grip just outside your knees. ; 4. Brace your abdominals and set your shoulder blades before pulling. ; 5. Pull the bar explosively to your belly button, driving your elbows back. ; 6. Return the bar to the floor, let it settle, then start the next rep.","Bouncing the bar off the floor, which removes the dead stop the exercise is built around.; Raising the torso as the bar comes up, so the hips finish the lift instead of the back.; Rounding the lower back on the reset, which loads the lumbar spine at the worst moment.; Pulling slowly, which turns a power exercise into an ordinary heavy row.","A barbell row reset on the floor each rep, pulled explosively from a dead stop to the abdomen.","The Pendlay row differs from a standard bent over row in one way that changes everything: the bar returns to the floor and comes to a complete dead stop between reps. You hinge until the torso is close to parallel, take a double overhand grip with the bar over your shins, then pull explosively to the belly button while retracting the shoulder blades. Every rep therefore starts from zero momentum, which is why it is programmed for pulling power rather than time under tension. The lats and mid back drive the pull while the erectors, biceps and rear delts support it.

For a library this is the strength-and-power row, distinct from the hypertrophy rows around it. It fits barbell equipment filters, powerlifting and athletic accessory blocks, and coaching content that contrasts dead stop with continuous rowing.",posters/pendlay-row.webp,pendlay-row.mp4
pendulum-squat-v-squat,,Pendulum Squat / V-Squat,Quadriceps,Glutes; Hamstrings; Core,Machine,Squat,beginner,7.73,pendulum squat; v squat; machine; quadriceps; squat; gym machine,The arc keeps tension high in the stretched position where quad growth is driven.; Back support removes spinal loading from a deep squat pattern.; The guided path lets you train close to failure without a spotter.,Arc-path squat entry in a machine equipment filter.; Quad-focused hypertrophy block in leg day templates.; Comparison content against the hack squat and leg press.; Equipment orientation content for clubs adding a pendulum machine.,"1. Load the machine and set the foot plate to suit your height and ankle range. ; 2. Position your back and shoulders against the pads with your hips settled. ; 3. Place your feet hip to shoulder width on the plate, toes turned out slightly. ; 4. Release the safeties and brace your trunk. ; 5. Descend along the arc until your thighs pass parallel. ; 6. Drive through the feet to return, stopping just short of knee lockout.","Letting the head and hips fall out of line, which twists the load off the arc.; Riding the machine down quickly, which wastes the loaded stretch at the bottom.; Letting the heels lift off the plate, which shifts the load onto the knees.; Skipping the warm-up before loading a deep, stretched squat position.","A machine squat on a counterbalanced arc, keeping the torso supported while the quads work through deep range.","The pendulum squat runs the body along a swinging arc rather than a straight rail. Your back and shoulders sit against a pad that travels with you and your feet stay planted on an adjustable plate, so the machine holds position while you squat deep. A counterbalance keeps the motion smooth, and the arc gives a resistance curve that stays heavy in the stretched bottom position instead of falling away. The quadriceps are the prime movers, with the glutes taking over through the transition out of the bottom and the hamstrings stabilizing.

For a catalog this is a high demand machine that almost no animation library carries. It suits machine equipment filters, quad-focused hypertrophy blocks, and comparison content set against the hack squat and leg press.",posters/pendulum-squat-v-squat.webp,pendulum-squat-v-squat.mp4
plate-forward-lunge,,Plate Forward Lunge,Quadriceps,Glutes,Weight Plate,Lunge,beginner,7.2,plate forward lunge; lunge; quad exercise; glutes; single leg; leg day,Builds quad and glute strength with a single-leg pattern that fixes side imbalances.; Trains the core to brace under a front-loaded position.; Easy to scale up by simply choosing a heavier plate.,Beginner-to-intermediate leg-day programming in fitness apps; Athletic-prep single-leg blocks in performance tracks; Gym-floor minimal-equipment program content; Single-leg strength education in coaching platforms,"1. Stand tall holding a weight plate horizontally against your upper chest with both hands. ; 2. Brace your core, pull your shoulders back, and set your feet hip-width apart. ; 3. Step one foot forward into a long stride, lowering your back knee toward the floor. ; 4. Stop when your front thigh is roughly parallel to the floor and your back knee hovers above it. ; 5. Drive through the heel of your front foot to push back to the standing start position. ; 6. Repeat on the opposite leg, alternating sides for the full set with the plate locked at the chest.","Letting the front knee cave inward on the step, which strains the joint and reduces force production.; Taking a stride that's too short, which puts the front knee far past the toes and overloads it.; Leaning the torso forward over the plate instead of staying upright through the descent.; Pushing off the back foot to stand up, which steals work from the front leg the lunge is meant to load.",A forward lunge holding a weight plate at the chest that loads the quads and glutes through a single-leg step — the gym-floor classic.,"The plate forward lunge takes the bodyweight lunge and adds load by holding a weight plate against the chest. The forward step loads the quads and glutes of the working leg, while holding the plate at the chest forces the core to brace and the torso to stay tall. It's a clean way to introduce loaded single-leg work without needing dumbbells or a barbell.

For app and content use, this clip is a strong fit for beginner-to-intermediate strength programs, athletic prep tracks, and gym-floor content where users only need a plate. It pairs naturally with goblet squat and step-up content as part of a complete single-leg leg-day library.

",posters/plate-forward-lunge.webp,plate-forward-lunge.mp4
plate-front-raise,,Plate Front Raise,Shoulders,Core,Weight Plate,Isolation,beginner,8.8,plate front raise; weight plate; shoulders; front raise; deltoids; isolation,"One plate is all the equipment needed, which suits crowded or minimally kitted gyms.; The neutral two-handed grip keeps the wrists in a comfortable position.; Strict single-joint work makes front deltoid volume easy to count in a program.",Minimal-equipment shoulder blocks in gym app programs.; Library entries for lifters who can find a plate but not a matched pair.; Beginner front raise progression before dumbbell versions.; Comparison content against dumbbell and cable front raises.,"1. Pick up a weight plate and hold it at the three and nine o'clock positions with your palms facing each other. ; 2. Stand tall with your feet hip-width apart and your shoulders pulled back. ; 3. Let the plate hang a few inches in front of your thighs without touching them. ; 4. Brace your abs and keep a slight bend in your elbows. ; 5. Raise the plate in front of you until it is just above parallel with the floor, then pause. ; 6. Lower it slowly back to the start without letting it rest against your body.","Swinging the plate up with a hip drive, which removes the front of the deltoid from the lift.; Letting the plate touch the thighs between reps, which unloads the shoulder at the bottom.; Gripping too low on the plate, so it tips away from the wrists and the set ends on grip.; Programming it only alongside heavy pressing, which piles more volume on an already busy anterior deltoid.",A front raise holding one weight plate at the three and nine o'clock positions and lifting it to shoulder height.,"The plate front raise swaps two dumbbells for a single weight plate gripped at the three and nine o'clock positions with the palms facing each other. You stand tall, keep the plate a few inches clear of your thighs, and raise it in front of you to just above parallel with the floor before lowering it slowly. It is a shoulder isolation movement, simple enough for beginners, but it demands strict technique because momentum is the easy way out. The path is plain shoulder flexion with the abs braced throughout.

In a catalog this is the front raise that needs one piece of kit and no matched pair, which makes it useful in busy-gym and minimal-equipment programming. It also shows a plate-holding grip no other shoulder animation in the library carries.",posters/plate-front-raise.webp,plate-front-raise.mp4
plate-pinch,,Plate Pinch,Forearms,,Weight Plate,Isolation,beginner,5.04,plate pinch; grip strength; forearms; isometric; static hold; accessory,"Trains thumb-to-finger pinch strength that crushing-grip work does not reach.; Simple to load and progress by adding plates or thinner plate stacks.; Requires almost no space or setup, so it fits at the end of any session.",Grip strength accessory block in a strength program builder.; Strongman and armwrestling content library entry.; Forearm focused finisher slot at the end of a session.; Timed exercise widget demo where the set ends when grip fails.,"1. Stand one or two plates on end with the smooth sides facing out. ; 2. Set your thumb on one face and your flat fingers on the other, avoiding any hook around the rim. ; 3. Squeeze the plates together and stand up tall with the arm hanging at your side. ; 4. Keep your shoulder packed and your wrist neutral, with no swinging. ; 5. Hold until the grip is about to fail, aiming for twenty to thirty seconds. ; 6. Set the plates down under control and repeat with the other hand.","Hooking the fingers around the plate rim, which turns a pinch into a hold and removes the thumb demand.; Letting the wrist bend under load, which cuts pinch force before the fingers actually fatigue.; Swinging the arm to reduce the felt load, which shortens the useful time under tension.; Programming it before heavy pulling work, which leaves grip fatigued for the main lifts.",Static grip hold in which you pinch a pair of weight plates between the thumb and flat fingers for time.,"The plate pinch trains pinch grip, which is thumb-against-fingers strength rather than the crushing grip a barbell trains. You hold one or two plates smooth side out between the pad of the thumb and the flat of the fingers, stand tall and hold until the grip fails. It is a static isolation movement for the forearms, and stacking several thin plates is harder to hold than one heavy plate of the same weight. The clinical literature on pulp-to-pulp pinch strength shows how sensitive the measurement is to finger position, which is why a hooked finger makes the exercise easier and defeats the point.

For a catalog this fills a gap most exercise libraries skip. Grip programs, strongman content and climbing-adjacent apps all need a pinch-hold clip.",posters/plate-pinch.webp,plate-pinch.mp4
power-clean,,Power Clean - no overhead press,Glutes; Hamstrings; Quadriceps,Trapezius; Core; Shoulders; Back,Barbell,Hinge; Pull,advanced,9.87,power clean; barbell; olympic lift; triple extension; explosive; full body,"Trains triple extension of the hips, knees and ankles against a heavy external load.; The whole-body timing demand makes it a coordination lift as much as a strength lift.; It ends at the shoulders rather than overhead, so the shoulder demand stays low.","Power block in athletic performance program templates.; Barbell filter entry for libraries that carry Olympic lift derivatives.; Phase-by-phase coaching content on the pull, the extension and the catch.; Advanced difficulty filter for programs aimed at trained lifters.","1. Set a loaded barbell on the floor about an inch in front of your shins with your feet hip-width apart. ; 2. Squat down and grip the bar just outside your knees with your hips below your shoulders and your chest up. ; 3. Extend your hips and knees to lift the bar while keeping your torso angle and the bar close to your legs. ; 4. As the bar passes your knees, drive your hips forward and explosively extend hips, knees and ankles. ; 5. Shrug and pull your elbows high, then whip them under the bar to catch it on your front deltoids in a quarter squat. ; 6. Stand tall to finish the rep, then lower the bar back to the floor under control.","Pulling with the arms early, which spends the leg drive that should be moving the bar.; Letting the bar drift away from the body, which throws the catch forward and out of position.; Catching with the elbows low, so the bar rolls onto the wrists instead of resting on the shoulders.; Loading it before the sequence is grooved, which turns an explosive lift into a slow bent-over row.","An explosive barbell pull from the floor to a front rack catch on the shoulders, finishing without any overhead press.","The power clean moves a barbell from the floor to the shoulders in one explosive sequence. It breaks into a first pull that lifts the bar while the torso angle holds, a transition as the bar passes the knees, a second pull that extends hips, knees and ankles before a high shrug, and a catch where the elbows whip under the bar and receive it on the front deltoids. The lower body and hips generate most of the force, and the full sequence can take years to master. Muscle activity starts in the back and the posterior lower limb, then the arms, then the trunk and quadriceps.

For a catalog this is the power entry athletic programs need and most animation libraries lack. It suits barbell filters, advanced difficulty filters, and phase-by-phase coaching content.",posters/power-clean.webp,power-clean.mp4
pull-ups,,Pull Ups,Back,Biceps; Trapezius,Bodyweight,Pull,intermediate,7.47,pull ups; lats; back exercise; bodyweight; vertical pull; calisthenics,"Builds the lats, biceps, and upper back with one of the highest-yield bodyweight lifts.; Develops the relative strength needed for advanced calisthenics and athletic work.; Reinforces shoulder health by training the back muscles that stabilize the joint.",Pull-day programming in any strength training app; Calisthenics and bodyweight strength tracks; Pull-up progression modules in coaching platforms; Hero clips and thumbnails for back and pulling content,"1. Reach up and grip a fixed pull-up bar with palms facing forward, hands slightly wider than shoulders. ; 2. Hang from the bar with arms fully extended, then engage the lats by pulling the shoulder blades down. ; 3. Brace your core, squeeze the glutes, and cross the ankles to keep the body in a tight line. ; 4. Pull yourself up by driving the elbows down toward the ribs until your chin clears the bar. ; 5. Pause briefly at the top with the chin over the bar, squeezing the lats and upper back. ; 6. Lower yourself slowly over 2 to 3 seconds back to a full dead hang before the next rep.","Kipping the legs to swing up instead of pulling cleanly with the back and arms.; Cutting the bottom range short and never reaching a full dead hang, which trains a fraction of the lift.; Leading with the chin instead of the chest, which puts strain on the neck.; Dropping fast at the top and skipping the slow descent, where most pull-up strength is built.","The classic bodyweight vertical pull that builds the lats, biceps, and upper back — the benchmark for upper-body pulling strength.","The pull-up is the benchmark bodyweight upper-body exercise. Hanging from a fixed bar with palms facing forward, the lifter pulls the body up until the chin clears the bar, then lowers under control. It builds the lats, biceps, and the upper back, and it's one of the clearest measures of relative pulling strength.

For app and content use, this clip is essential inventory for any strength library, calisthenics program, and pull-day track. It also anchors any pull-up progression module and serves as a recognizable hero piece for content aimed at lifters chasing their first strict rep.

",posters/pull-ups.webp,pull-ups.mp4
push-jerk,,Push Jerk,Shoulders; Quadriceps,Triceps; Trapezius; Glutes; Core,Barbell,Push,intermediate,8,push jerk; olympic lifting; barbell; overhead; explosive; shoulders,Moves heavier overhead loads than a strict press by adding leg drive.; Trains the dip and drive timing that transfers to the split jerk.; Builds overhead lockout strength and stability under speed.,"Overhead lift entry in a CrossFit or weightlifting exercise library; Overhead power block in a strength and conditioning program builder; Technique explainer contrasting push jerk, power jerk and split jerk; Warm-up or primer clip before jerk-focused training sessions","1. Take the bar in a front rack across the shoulders with the elbows down and in front of the bar. ; 2. Set your feet in your squat stance with your weight balanced over the whole foot. ; 3. Brace your trunk and dip by bending the knees only, keeping the torso vertical. ; 4. Reverse hard and drive the bar off the shoulders with the legs. ; 5. Punch the elbows into lockout overhead and receive the bar in a partial squat with the feet planted. ; 6. Stand up with the bar stable overhead, then lower it back to the rack position.","Dipping too deep, which slows the reversal and turns the lift into a slow press.; Letting the torso pitch forward in the dip, which sends the bar out in front of the body.; Pressing with the arms before the legs finish, which loses the drive and stalls the bar at eye level.; Receiving with soft elbows, which puts the load on the shoulder joint instead of the skeleton.","Barbell overhead lift driven by a short leg dip, received in a partial squat with the feet planted.","The push jerk moves a barbell from the front rack to overhead using the legs, not the arms. You dip about ten percent of your height with a vertical torso, drive the bar up off the shoulders, then punch the elbows into lockout and settle into a partial squat before standing. What separates it from the power jerk is the feet: in a push jerk they stay connected to the floor in the squat stance instead of moving. The quadriceps are the target, with the shoulders, traps and triceps supporting.

In a product library this clip covers the overhead lift that CrossFit and weightlifting programs use most often, and the dip-drive-lockout sequence is exactly the kind of timing detail a static image cannot carry.",posters/push-jerk.webp,push-jerk.mp4
push-up,,Push Up,Chest,Shoulders; Triceps,Bodyweight,Push,beginner,7.47,push up; chest exercise; bodyweight; push day; horizontal press; home workout,"Builds the chest, triceps, and front shoulders without any equipment.; Reinforces a strong full-body plank shape under pressing load.; Scales infinitely from incline beginner versions to advanced weighted variations.",Beginner onboarding programming in fitness apps; Home-and-travel push-day workouts with no equipment; Warm-up flows for upper-body strength sessions; Push pattern education in coaching platforms,"1. Set up in a high-plank position with your hands slightly wider than shoulder width and arms locked. ; 2. Brace your core, squeeze the glutes, and keep your body in a straight line from head to heels. ; 3. Lower your chest slowly toward the floor over 2 to 3 seconds, keeping the elbows at about 45 degrees. ; 4. Stop when your chest hovers just above the floor, holding the bottom briefly with full body tension. ; 5. Press back up by driving the floor away through the palms until the arms reach full extension. ; 6. Reset your breath and repeat for the full set, keeping the body line tight on every rep.","Letting the hips sag toward the floor, which removes the core demand and strains the lower back.; Letting the elbows flare to 90 degrees, which strains the front shoulders and reduces chest engagement.; Cutting the depth short and only pressing the top half of the rep instead of touching the chest down.; Letting the head poke forward instead of keeping the neck in line with the spine.","The most foundational bodyweight push lift — trains the chest, triceps, and front shoulders with a single, scalable pattern.","The push-up is the most foundational bodyweight upper-body exercise. From a high-plank position, the lifter lowers the chest to the floor and presses back up, loading the chest, triceps, and front shoulders through a controlled horizontal press. It scales endlessly: incline for beginners, decline or weighted for advanced lifters.

For app and content use, this clip is non-negotiable inventory for any beginner program, home-and-travel track, or warm-up flow. It also serves as the anchor of any push pattern progression in coaching platforms and as a clean teaching piece for movement-quality content aimed at brand-new lifters.

",posters/push-up.webp,push-up.mp4
reverse-grip-barbell-bench-press,,Reverse-Grip Barbell Bench Press,Chest,Triceps; Shoulders; Biceps,Barbell,Push,intermediate,5.04,chest; barbell; bench press; reverse grip; upper chest; push,"Increases upper chest and biceps involvement compared with a pronated grip on the same flat bench.; Gives a fresh pressing stimulus for lifters with no access to an adjustable incline bench.; Alters the wrist and shoulder position, which some lifters find kinder on a sore shoulder.",Grip-variation blocks in barbell strength programming; Barbell equipment filters in an exercise library; Upper-chest options for flat-bench-only gym setups; Coaching content comparing grip positions on the bench press,"1. Set the rack height on a flat bench and load the bar conservatively for your first sets. ; 2. Lie back with your feet planted and take the bar with an underhand grip a little wider than shoulder width. ; 3. Set your shoulder blades into the bench, then unrack the bar with a spotter's help. ; 4. Lower the bar slowly to your mid-chest, keeping your wrists stacked over your forearms. ; 5. Pause without letting the bar rest on your chest, then press it back up. ; 6. Stop short of locking the elbows and keep your glutes and shoulder blades on the bench throughout.",Unracking a supinated bar without a spotter risks losing it backward before the first rep is under control.; Letting the wrists bend back under load puts the bar behind the forearm and strains the wrist joint.; Loading it like a standard bench press overwhelms an unfamiliar grip and forces the form to break down.; Lifting the feet or hips off the bench to grind a rep removes the stable base the press depends on.,"Flat barbell press taken with an underhand grip, which shifts pressing emphasis toward the upper chest.","The reverse-grip barbell bench press keeps the flat bench setup but supinates the hands so the palms face the head. That rotation changes which fibers work: bench press EMG shows a supinated grip increases activity in the clavicular portion of the pectoralis major and in the biceps brachii compared with a pronated grip. The triceps still extend the elbows.

The grip is the risk. Unracking and re-racking a supinated bar is awkward and the wrists sit in a less familiar position, so a spotter and conservative loading are sensible.

As an asset it is the upper-chest alternative for lifters restricted to a flat bench, useful in barbell filters, grip-variation content and builders that rotate pressing stimulus without changing bench angle.",posters/reverse-grip-barbell-bench-press.webp,reverse-grip-barbell-bench-press.mp4
reverse-grip-barbell-curl,,Reverse Grip Barbell Curl,Forearms,Biceps,Barbell,Isolation,beginner,5.6,reverse grip barbell curl; reverse curl; forearms; barbell; grip strength; arms,Puts the forearm elbow flexors in their strongest pulling position.; Builds the grip and wrist strength that carries into rows and deadlifts.; Adds forearm thickness that palms-up curls alone tend to miss.,Forearm and grip accessory blocks in a strength app.; Pronated curl option in barbell-based arm libraries.; Technique content contrasting supinated and pronated curls.; Arm day templates that need a non-biceps elbow flexion option.,"1. Load a barbell and stand upright with your feet about hip-width apart. ; 2. Grip the bar palms down with your hands roughly shoulder-width apart. ; 3. Let the bar rest at your thighs with your elbows straight and pinned to your sides. ; 4. Curl the bar up by bending only at the elbows, keeping your wrists straight. ; 5. Stop when the bar reaches chest height and hold the top briefly. ; 6. Lower the bar under control to full extension and repeat.","Loading it like a standard curl, which collapses the wrists long before the forearms are trained.; Letting the wrists bend back under the bar, which moves the strain to the wrist joint.; Swinging the elbows forward, which turns the lift into a front raise.; Rocking the torso to start each rep, so momentum replaces the elbow flexors.","A standing barbell curl taken with the palms facing down, shifting the work from the biceps onto the forearms.","The reverse grip barbell curl is a standard curl performed with a pronated grip. Palms face the floor, hands sit about shoulder width, and the elbows stay pinned to the ribs while only the forearms move. Turning the hands over takes the biceps out of its strongest line of pull and hands the job to the forearm elbow flexors, which is why the forearms are the target here and the biceps only support. Expect the working weight to fall sharply against a normal curl, because grip and wrist position, not elbow strength, set the ceiling here.

For a library this clip fills the forearm and grip gap most catalogs leave empty. It suits arm accessory blocks, grip work for climbers and lifters, barbell equipment filters, and technique content that contrasts supinated and pronated curling side by side.",posters/reverse-grip-barbell-curl.webp,reverse-grip-barbell-curl.mp4
reverse-grip-tricep-pushdown,,Reverse-Grip Tricep Pushdown,Triceps,,Cable Machine,Isolation; Push,beginner,5.33,reverse grip tricep pushdown; triceps; cable; pushdown; underhand grip; arms,The tucked elbow lets the arm extend further behind the body than a standard pushdown.; Emphasizes the long head of the triceps without needing an overhead position.; The underhand grip reduces forearm involvement and eases stress on the elbow.,Arm accessory slot in upper body hypertrophy templates.; Elbow friendly triceps option for lifters avoiding overhead extensions.; Comparison media on overhand against underhand pushdown grips.; Cable stack listings in a gym floor exercise browser.,"1. Set a straight bar on the high pulley of a cable stack and select your weight. ; 2. Face the machine and grip the bar palms up with your hands shoulder-width apart. ; 3. Pull your elbows in against your ribs and hinge forward very slightly. ; 4. Press the bar down by straightening your elbows, keeping your upper arms still. ; 5. Stop just short of lockout and hold the bottom for a beat. ; 6. Let the bar rise under control until your elbows are fully bent, then repeat.","Letting the elbows travel forward, which hands the work to the lats and shortens the triceps range.; Locking the elbows hard at the bottom, which drops tension and stresses the joint.; Leaning the whole torso into the bar, so bodyweight rather than the triceps moves the stack.; Gripping too wide, which twists the wrists uncomfortably under a palms-up hold.","A cable pushdown taken with the palms up, keeping the elbows tucked so the triceps extend the arm through a long range.","The reverse-grip tricep pushdown is a straight-bar pushdown performed with a supinated grip. You stand facing a high pulley, take the bar palms up, tuck your elbows against your ribs and press down until the arms are almost straight. Turning the hands over cuts how much the forearms contribute and keeps the elbow tight to the side, which lets the arm travel further behind the body and load the long head of the triceps harder. Elbow position decides it: let them drift forward and the lats take over.

MoveKit collapses long-head bias into a single Triceps group, so that emphasis lives in the copy. For a library the clip covers a grip variation buyers ask for by name and fits arm accessory blocks, cable machine filters, and elbow-friendly programming for lifters who avoid overhead work.",posters/reverse-grip-tricep-pushdown.webp,reverse-grip-tricep-pushdown.mp4
reverse-hack-squat,,Reverse Hack Squat,Glutes; Hamstrings,Quadriceps; Calves; Core,Machine,Squat,intermediate,8.27,reverse hack squat; hack squat machine; machine; glutes; hamstrings; posterior chain,"Loads the glutes and hamstrings on a machine most gyms already own.; The chest pad supports the trunk, so the lower back is not the limiting factor.; Gives a second, posterior chain exercise from a single piece of equipment.",Hack squat machine entry filed under the machine equipment filter.; Posterior chain accessory slot in lower body templates.; Paired content showing both directions on the hack squat machine.; Alternative hamstring asset when no leg curl station is available.,"1. Load the machine and step onto the platform facing the pad. ; 2. Rest your chest on the pad with your shoulders under the shoulder pads. ; 3. Set your feet at shoulder width, slightly higher on the platform. ; 4. Extend the legs, release the safeties and take the load. ; 5. Push the hips back and lower until the knees reach about 90 degrees. ; 6. Drive through the heels to return without locking the knees.","Keeping the torso vertical, which turns it back into a quad-dominant hack squat.; Letting the knees track well past the toes, which loads the joint and drops hip involvement.; Locking out at the top, which unloads the glutes and hamstrings between reps.; Dropping into the bottom, which loads the hamstrings faster than they can control.","A hack squat performed facing the machine, shifting the squat pattern onto the glutes and hamstrings.","The reverse hack squat turns you around on the hack squat machine so your chest rests against the carriage pad instead of your back. From there the torso can lean forward and the hips travel through more flexion, which moves the squat pattern onto the posterior chain. The hamstrings become the target with the glutes, quadriceps and calves assisting, which turns an anterior loaded machine into a posterior chain tool. The quadriceps still work, but they are no longer the point.

This clip fills a gap most catalogs miss, because the machine looks identical to a hack squat and the difference is entirely body orientation. It suits machine equipment filters, posterior chain accessory blocks, and paired content on one machine.",posters/reverse-hack-squat.webp,reverse-hack-squat.mp4
reverse-hyperextension,,Reverse Hyperextension,Glutes,Hamstrings; Core,Bodyweight,Hinge,intermediate,3.73,reverse hyperextension; glutes; hip extension; posterior chain; bodyweight; bench,"Trains hip extension with the torso supported, so the lower back is not the limiter.; Needs only a bench, so it works in home and minimal-equipment settings.; Builds the glute and hamstring strength that carries into hinges and squats.",Glute-focused blocks in a hypertrophy program builder.; Back-friendly accessory work in rehab-adjacent templates.; Bodyweight and bench filters in a home-training app.; Content explaining hip extension versus spinal extension.,1. Lie face down on a flat bench with your hip crease at the front edge. ; 2. Let both legs hang toward the floor with your knees softly bent. ; 3. Reach under the bench and grip the frame so your torso cannot slide forward. ; 4. Squeeze your glutes and lift your legs behind you until your body is level. ; 5. Pause at the top without arching your lower back past flat. ; 6. Lower your legs slowly back to the hang and repeat for the prescribed reps.,"Swinging the legs so momentum carries them up, which unloads the glutes entirely.; Arching past level at the top, which shifts the load onto the lumbar spine.; Sliding forward so the hips are supported by the bench, which kills the range.; Leading with the lower back instead of the glutes, which is what makes it feel like a back exercise.","A prone hip extension off the end of a bench, lifting the legs behind the body to drive the glutes and hamstrings.","The reverse hyperextension is hip extension performed from a fixed torso. You lie face down on a bench with your hips at the edge and your legs hanging free, grip the frame underneath, then lift your legs behind you until the body is level and lower them under control. The glutes drive it, the hamstrings assist and the spinal erectors hold the trunk flat. Despite the name it is not a spinal exercise: the joint that moves is the hip. Reviewed coverage of the machine version credits it with posterior chain loading and less lumbar stress than a back extension.

For a catalog this is the low-equipment posterior chain option. It fits glute-focused program blocks, back-friendly accessory work, bodyweight filters in a home-training app, and content explaining hip extension versus spinal extension.",posters/reverse-hyperextension.webp,reverse-hyperextension.mp4
reverse-pec-deck,,Reverse Pec Deck,Shoulders,Trapezius; Back,Machine,Pull; Isolation,beginner,9.6,shoulders; rear delts; machine; reverse fly; isolation; pull,"Isolates the rear deltoid, a group that most pressing-heavy programs leave underworked.; Chest support removes the trunk stability demand of bent-over reverse fly variations.; Fixed path makes light, high-repetition shoulder work easy to standardize across users.",Rear-delt accessory slots in pull and upper-body app workouts; High rep rear delt sets that stay stable once the weight gets light; Posture and shoulder-balance content for desk-bound users; Warm-up sequences before heavy pressing in program builders,"1. Set the seat height so the handles sit level with your shoulders and select a light load. ; 2. Sit facing the machine with your chest against the pad and your feet flat on the floor. ; 3. Take a handle in each hand with a pronated or neutral grip and hold a fixed bend in the elbows. ; 4. Sweep both arms out and back until they reach roughly shoulder height in line with your torso. ; 5. Hold the end position for a beat without shrugging or pushing your head forward. ; 6. Return the handles slowly to the start under control, then repeat.",Driving the movement by squeezing the shoulder blades turns a rear-delt fly into a rowing pattern.; Letting the head jut forward as the arms open loads the neck and signals a load that is too heavy.; Bending and straightening the elbows through the rep converts the fly into a partial row.; Pulling the chest off the pad to gain range restores the trunk demand the machine was chosen to remove.,"Chest-supported machine fly performed in reverse, opening the arms backward to load the rear deltoids.","The reverse pec deck reverses the pec deck to train the back of the shoulder. You sit facing the pad with the handles at torso height and sweep the arms outward and back with the elbow angle fixed. The posterior deltoid does the horizontal shoulder abduction, with the trapezius and mid-back muscles assisting near end range.

The chest pad is what makes it useful. It removes the trunk stability demand of a bent-over reverse fly, and the cue is to move at the shoulder socket rather than squeeze the shoulder blades together.

In a catalog this clip serves the rear-delt and posture segment: shoulder accessory slots, machine equipment filters and upper-body balance content that must show arm movement rather than scapular retraction.",posters/reverse-pec-deck.webp,reverse-pec-deck.mp4
romanian-deadlift-hamstring-sweeps,,Romanian Deadlift Hamstring Sweeps,Hamstrings,Glutes; Calves; Core; Adductors,Bodyweight,Mobility; Hinge,beginner,8.53,hamstring sweeps; romanian deadlift; bodyweight; hamstrings; dynamic stretch; warm up,Moves the hamstrings through range under active control instead of a static hold.; Rehearses the hip hinge pattern before loaded deadlift or RDL work.; Needs no equipment and only a few meters of floor space.,Bodyweight equipment filter in a mobility or running app.; Dynamic warm-up sequence before running or lifting.; Hip hinge teaching asset ahead of loaded RDL content.; Cooldown and mobility library for coaching platforms.,"1. Stand tall with your feet under your hips and your arms by your sides. ; 2. Step one foot forward and set the heel down with the toes lifted. ; 3. Keep both legs close to straight and brace your trunk lightly. ; 4. Hinge at the hips and sweep both arms down toward the front foot. ; 5. Sweep the arms back up as you drive the hips forward to stand. ; 6. Step through onto the other foot and repeat, alternating sides.","Rounding the back to reach lower, which stretches the spine rather than the hamstrings.; Bending the front knee, which takes the hamstring out of the stretch entirely.; Bouncing at the bottom, which provokes a guarding response instead of range.; Treating it as a strength set, which fatigues the hamstrings before the real work.","A standing bodyweight hinge with an arm sweep, taking the hamstrings through range as a dynamic warm-up.","Hamstring sweeps take the Romanian deadlift shape and turn it into a moving warm-up. You step one foot forward with the heel down and the toes lifted, keep the legs close to straight, hinge at the hips and sweep the arms down past the front foot and back up as you stand. The same drill is used as a walking dynamic hamstring stretch and needs no equipment at all. Because it is a hinge, the hamstrings and glutes control the descent while the trunk holds a long spine exactly as in a loaded RDL, but the load is bodyweight and the goal is range rather than strength.

For a product library this covers the warm-up slot strength catalogs usually leave empty. It fits bodyweight equipment filters, pre-run and pre-lift mobility sequences, and hinge technique content.",posters/romanian-deadlift-hamstring-sweeps.webp,romanian-deadlift-hamstring-sweeps.mp4
rowing-intervals,,Rowing Intervals,Quadriceps; Back,Glutes; Hamstrings; Biceps; Core,Machine,Cardio,intermediate,5.04,rowing intervals; erg; indoor rowing; cardio; hiit; conditioning,"Trains anaerobic work capacity at a power output continuous rowing never reaches.; Loads upper and lower body in the same interval, which running and cycling intervals do not.; Stays non-impact, so repeated hard efforts cost the joints far less than sprint running.","Interval blocks inside a rowing or hybrid conditioning program.; Machine-specific HIIT templates that need an on-screen movement reference.; Onboarding flows that teach stroke sequence before an app prescribes hard efforts.; Comparison content showing interval, steady state and sprint rowing side by side.","1. Strap your feet in and set the damper to a moderate setting so the stroke stays quick rather than heavy. ; 2. Row easy for a few minutes, then settle at the catch with shins vertical, arms straight and shoulders ahead of the hips. ; 3. Start the work bout by driving the legs down hard while the arms stay straight until the legs are almost flat. ; 4. Swing the back open from the hips and pull the handle in to the bottom of the ribs to finish the stroke. ; 5. Send the hands away first, hinge the body forward, then let the knees bend and slide back to the catch. ; 6. Hold that sequence for the full work bout, then drop to light paddling for the recovery and repeat.","Opening the back at the same time as the legs, which strains the lower back and leaks power out of the drive.; Rushing the recovery to match the drive, which shortens the next stroke and burns you out before the bout ends.; Chasing stroke rate instead of split, so the rate climbs while the pace on the monitor gets slower.; Sitting still through the rest, which slows waste clearance and leaves the legs heavy for the next effort.","Repeated hard efforts on the rowing machine separated by easy paddling, with stroke sequence held under fatigue.","Rowing intervals run the same four-phase stroke as continuous rowing at a pace you could not hold for a whole piece. Each drive starts with the legs, adds the back swing, then finishes with the arms, and the recovery reverses that order at half the speed. Rowing is a pushing sport far more than a pulling one, and intervals are where that breaks first, because tired rowers open the back and the legs together.

Interval work means short hard bouts with active recovery between them, and the erg suits that because pieces can be set by distance or by time.

In a product this clip fills the interval slot for rowing programs, pairs with steady state and sprint variants to complete an erg family, and gives interval templates a demonstration loop instead of a text label.",posters/rowing-intervals.webp,rowing-intervals.mp4
rowing-machine-steady-state,,Steady-State Rowing Machine,Quadriceps; Back,Glutes; Hamstrings; Biceps; Core,Machine,Cardio,beginner,5.04,steady state rowing; rowing machine; erg; cardio; aerobic base; indoor rowing,"Builds aerobic base below lactate threshold with no impact loading on the joints.; Recruits legs, trunk and upper body in one continuous pattern, unlike leg-only cardio machines.; Rewards a repeatable rhythm, which makes it easy to hold a target pace for long pieces.",Aerobic base blocks and long easy sessions in an endurance plan.; Stroke order tutorials taught before any interval prescription.; Warm up and cool down segments in erg based workout builders.; Default indoor rowing thumbnail for a cardio equipment browser.,"1. Strap your feet in so the strap crosses the ball of the foot, and set a moderate damper. ; 2. Come to the catch with shins vertical, arms straight, and the shoulders slightly ahead of the hips. ; 3. Push the legs down while the arms stay straight and the back holds its angle. ; 4. Once the legs are nearly flat, swing the back open and draw the handle to the bottom of the ribs. ; 5. Extend the arms away, hinge the torso forward, then bend the knees and slide back to the catch. ; 6. Repeat at a rate you can sustain, taking about twice as long on the recovery as on the drive.","Pushing the legs and leaning back at once, which is inefficient and loads the lower back.; Recovering as fast as you drive, which cuts the next stroke short and raises the rate for no extra pace.; Pulling the handle high to the collarbone, which puts the finish above the strong line of the ribs.; Setting the damper at maximum, which turns a rhythmic aerobic piece into slow heavy pulling.","Continuous rowing at a steady sustainable pace, holding one rhythm and one stroke rate for the whole piece.","Steady-state rowing is the base version of the stroke: catch, drive, finish, recovery, repeated at a rate you can hold for the whole session. A workable starting rate is sixteen to twenty-two strokes per minute, with the recovery taking about twice as long as the drive. The legs push first, the back swings open, the arms finish, and the pattern reverses on the way back to the catch.

Steady-state work is continuous effort held below lactate threshold, and a sensible build runs from about ten minutes toward thirty, which makes the erg an easy entry point.

For a catalog this is the reference rowing clip. It anchors the erg family, works as the default library thumbnail for indoor rowing, and gives beginner programs a technique demo the interval and sprint variants build on.",posters/rowing-machine-steady-state.webp,rowing-machine-steady-state.mp4
rowing-sprint,,Rowing Sprint,Quadriceps; Back,Glutes; Hamstrings; Biceps; Core,Machine,Cardio,intermediate,5.04,rowing sprint; erg sprint; indoor rowing; power; anaerobic; cardio,"Develops peak power output on a non-impact machine that measures every stroke.; Stresses the anaerobic system hard in efforts short enough to fit any session.; Reveals technique breakdown quickly, which makes it useful as a coaching diagnostic.","Maximal-effort segments in erg-based conditioning and testing protocols.; Power and sprint blocks inside a hybrid training app.; Intensity ladders that need visually distinct easy, moderate and all-out rowing clips.; Coaching content on why stroke rate and pace diverge at maximum effort.","1. Strap in, set a moderate to firm damper, and row easy for several minutes before any hard effort. ; 2. Sit at the catch with shins vertical, arms straight and the torso hinged forward from the hips. ; 3. Drive the legs down as hard as you can while keeping the arms straight and the back angle fixed. ; 4. Snap the back open and pull the handle to the ribs, finishing the stroke with the legs already flat. ; 5. Push the hands away fast, rock the torso over, and let the knees rise into the next catch without collapsing. ; 6. Hold maximum effort for the planned distance or time, then paddle very light until breathing settles.","Letting the recovery speed match the drive, which shortens the stroke and drops pace while the rate climbs.; Yanking with the arms before the legs finish, which cuts the strongest part of the drive out of the stroke.; Pushing the legs and opening the back at the same moment, which is inefficient and loads the lower back.; Judging the effort by stroke rate on the monitor rather than split, so the numbers rise but the pace slows.",An all-out short rowing effort where stroke rate and leg drive peak together and technique has to survive it.,"A rowing sprint is the stroke at maximum power output. The leg drive is violent, the back swing sharp, the arms fast, but the sequence is unchanged: legs, back, arms in, then hands away, body over, knees bend. At sprint rates the recovery gets compressed first, and once it matches the drive the stroke shortens and pace falls even as the rate climbs.

The sequence has to be comfortable before it can be raced. Manufacturer guidance is to hold slower rating work until the fundamentals are solid, so a sprint belongs after the stroke is learned rather than during it.

As an asset it covers the top-end effort in an erg family, gives sprint conditioning content a believable maximal-effort loop, and lets a library show visible intensity differences between three rowing modes on one machine.",posters/rowing-sprint.webp,rowing-sprint.mp4
running-cooldown,,Running Cooldown,Quadriceps; Glutes; Calves,Hamstrings; Core,Bodyweight,Cardio,beginner,9.87,running cooldown; easy run; active recovery; cardio; recovery; jogging,Speeds the clearance of lactate from the blood compared with stopping and standing still.; Provides a controlled transition out of hard work without adding meaningful training load.; Gives a low-effort segment that can be repeated daily without interfering with adaptation.,Closing segment of a guided run in a training app.; Recovery-day sessions that need an easy running clip rather than a hard one.; Session builders that require a distinct cool-down asset alongside warm-up and work blocks.; Educational content on what an active cool-down does and does not achieve.,"1. Finish the hard effort and keep moving instead of stopping, dropping straight into an easy jog. ; 2. Shorten your stride and let cadence settle to a rhythm you could hold in conversation. ; 3. Keep the torso tall and the shoulders loose, with the arms swinging low and relaxed. ; 4. Land under the hips with a quiet foot strike rather than reaching out in front. ; 5. Hold the easy pace for several minutes until breathing and heart rate come down. ; 6. Finish by walking for a minute or two before you stop moving entirely.","Running the cool-down too fast, which keeps the session hard and defeats the purpose of the segment.; Stopping abruptly after a hard effort, which leaves you standing still with blood pooled in the legs.; Treating the cool-down as injury prevention, which the evidence does not support and can mask real issues.; Cutting it to under a minute, which is too short for heart rate and breathing to actually settle.","An easy jog after hard running, held at a conversational effort to bring heart rate and breathing back down.","A running cool-down is the same gait pattern at much lower intensity. Stride shortens and ground contact softens, but the working muscles are unchanged: the vastus group at the knee, the gluteal muscles and iliopsoas at the hip, and soleus and gastrocnemius at the ankle.

The evidence is narrower than the habit suggests. A narrative review found that active cool-downs speed the fall of blood lactate but not muscle lactate, do not reliably improve next-day performance, and do not prevent injuries, while also not blunting long-term adaptation. It is a sensible transition, not a recovery intervention.

In a product this clip closes a running block. It gives programs a low-intensity loop that visibly differs from tempo and interval running, and fills session-builder recovery slots.",posters/running-cooldown.webp,running-cooldown.mp4
running-intervals,,Running Intervals,Quadriceps; Glutes; Calves,Hamstrings; Core,Bodyweight,Cardio,intermediate,5.87,running intervals; speed work; vo2max; cardio; hiit; running,"Raises VO2max through repeated bouts near the velocity that elicits it.; Accumulates more time at high intensity than any continuous run of the same duration.; Gives a clear structure to progress, since work time, pace and repetitions can each be adjusted.","Work-bout asset in an interval running session builder.; Speed blocks inside a periodized endurance plan.; Comparison sets showing easy, tempo and interval running at a glance.; Coaching content explaining why interval pace differs from race pace.","1. Warm up with easy running until breathing has lifted and the legs feel loose. ; 2. Set a target work duration and a matching recovery duration before you start the first bout. ; 3. Accelerate into the work bout and settle at a pace you can only hold for the planned interval. ; 4. Run tall with a quick cadence, driving the hips forward and swinging the arms straight back and forward. ; 5. Ease down into the recovery and keep jogging or walking rather than stopping in place. ; 6. Repeat the work and recovery pairs for the planned number of repetitions, then jog easy to finish.","Starting the first repetition far too fast, which makes every later bout slower than the first.; Cutting the recovery short, which turns a set of quality intervals into one long moderate grind.; Running every session as intervals, which stalls progress because easy aerobic volume also has to be built.; Skipping the warm-up, which puts calves and hamstrings under near-maximal load from cold.","Repeated fast running bouts with recovery between them, run well above the pace you could hold continuously.","Running intervals alternate hard bouts with recovery so total time at high intensity exceeds anything a continuous run allows. Common formats run repetitions of two to five minutes near the velocity at VO2max, four by four minutes among them, and one such session per week is enough during base building.

The recovery is part of the prescription, not a pause in it. Beginner prescriptions use short work bouts with active recovery and keep effort inside an aerobic range at first, because the common failure is handing an untrained runner an elite interval structure.

As an asset this clip gives interval programming a visibly hard running loop that reads differently from tempo and easy variants, and it fills the work-bout slot in session builders that already have warm-up and cool-down assets.",posters/running-intervals.webp,running-intervals.mp4
seal-row,,Seal Row,Back; Trapezius,Biceps; Shoulders,Barbell,Pull,intermediate,2.32,seal row; barbell row; chest supported row; back; lats; horizontal pull,"Removes hip drive and lumbar load, so the back muscles do the work.; Enforces a repeatable range because the torso cannot shift between reps.; Trains mid-back thickness alongside the lats in one horizontal pull.",Back day blocks in a hypertrophy plan inside a training app.; A low-back-friendly row option in return-to-lifting programming.; Form explainer content where strict rowing technique is the point.; Pull-day library entries that need a chest supported row demo.,1. Raise a flat bench on blocks or plates until a loaded bar clears the floor at arm's length. ; 2. Lie face down with your chest on the pad and your head past the end of the bench. ; 3. Take an overhand grip a little wider than your shoulders and hang the bar with straight arms. ; 4. Pull your shoulder blades together and drive your elbows up until the bar reaches the bench. ; 5. Hold the top for a beat without lifting your chest away from the pad. ; 6. Lower the bar under control to full arm extension and repeat.,"Peeling your chest off the pad to finish a rep, which puts back the momentum the bench position exists to remove.; Setting the bench too low, so the bar hits the floor and the bottom of every rep is cut short.; Leading with the hands instead of the elbows, which hands the work to the biceps and starves the mid-back.; Dropping the bar quickly on the way down, which loses tension in the lats over most of the range.",Strict barbell row performed face down on a raised bench so the hips and lower back stay out of the lift.,"The seal row is a barbell row done face down on a bench raised high enough for the plates to clear the floor. With the chest pinned to the pad, the hips and lower back are taken out of the movement, so each rep is produced by shoulder extension and scapular retraction. That loads the lats together with the middle trapezius and rhomboids, while the biceps and rear deltoids assist. Free bent-over rowing carries the largest lumbar spine load of the common rowing variations, which is the reason chest supported versions exist.

In an asset library this is the strict rowing clip. The fixed torso and unbroken range read clearly at small player sizes, so it works in form guides, in hypertrophy back blocks, and as the row a program offers when the lower back is already loaded elsewhere in the week.",posters/seal-row.webp,seal-row.mp4
seated-calf-raise,,Seated Calf Raise,Calves,,Dumbbell,Isolation,beginner,9.6,seated calf raise; dumbbell; calves; soleus; plantar flexion; isolation,"The bent knee shifts work onto the soleus, which straight-leg calf work under-trains.; One dumbbell per leg replaces a dedicated seated calf machine.; The seated position removes balance, so the ankle can move through full range.",Home-gym calf option for users with dumbbells and no calf machine.; Calf specialization block in lower body templates.; Content explaining bent knee against straight knee calf training.; Machine-free substitution for the seated calf raise station.,"1. Sit on a bench or box with your feet flat and your knees bent to about 90 degrees. ; 2. Rest a dumbbell vertically on each thigh, close to the knee. ; 3. Hold the dumbbells steady with your hands and sit tall. ; 4. Place the balls of your feet on a low block if you have one. ; 5. Let your heels drop until the calves are fully stretched. ; 6. Push through the balls of your feet, squeeze at the top and lower slowly.","Cutting the bottom short, which skips the stretched range the calves respond to.; Bouncing each rep, which lets the tendon do the work instead of the muscle.; Resting the dumbbells on the knee joint, which is uncomfortable and shifts the load.; Rolling onto the toes at the top, which strains the forefoot without adding range.","A seated calf raise loaded with a dumbbell across the thighs, biasing the soleus with the knee bent.","The seated calf raise works plantar flexion with the knee bent to roughly a right angle. In this version the load is a dumbbell resting across the thigh just behind the knee, with the forefoot on the floor or a low block. Heels drop into a full stretch, then push up as high as the ankle allows. The bent knee shortens the gastrocnemius so the soleus takes the larger share; with the knee straight the gastrocnemius sits at long length and does more. Training data shows far greater gastrocnemius growth from knee-extended calf work, while soleus growth is similar either way.

For a catalog the seated variant is the partner to a standing calf raise, and dumbbell loading keeps it available to home users with no calf station. It fits dumbbell filters and calf specialization blocks.",posters/seated-calf-raise.webp,seated-calf-raise.mp4
seated-dumbbell-curl,,Seated Dumbbell Curl,Biceps,Forearms,Dumbbell,Isolation,beginner,7.73,seated dumbbell curl; biceps; dumbbell; curl; arms; isolation,"The supported back makes cheating obvious, so the biceps take the load.; Each arm works independently, which exposes side-to-side differences.; Needs only a bench and a pair of dumbbells, so it fits minimal home setups.",Beginner arm day entry in a mobile training app.; Hypertrophy accessory slot in upper body templates.; Technique media contrasting strict curling with cheat reps.; Minimal kit option needing only a bench and two dumbbells.,"1. Set an adjustable bench upright and sit with your back flat against the pad. ; 2. Plant your feet on the floor about hip-width apart with your knees bent. ; 3. Hold a dumbbell in each hand with your arms hanging and palms facing forward. ; 4. Curl both dumbbells toward your shoulders, moving only at the elbows. ; 5. Squeeze the biceps at the top without letting your shoulders shrug. ; 6. Lower the dumbbells slowly to full extension and repeat.","Peeling the back off the pad to start the rep, which reintroduces the swing the seat removes.; Letting the elbows drift back behind the torso, which shortens the range at the bottom.; Dropping the weights quickly, which throws away half of every rep.; Shrugging at the top, which passes work to the traps instead of the biceps.","A seated dumbbell curl with the back supported, removing the swing so the biceps work through a strict range.","The seated dumbbell curl is the strict version of the standard curl. Sitting with your back flat against a near-vertical bench pad removes the hip drive and torso lean that creep into standing curls, so the only thing that can move the weight is elbow flexion. Both dumbbells hang at your sides with the palms forward, and the upper arms stay pinned while the weights travel up. Letting the elbows drift forward at the top brings in the front of the shoulder, which is a variation rather than an error; the strict version keeps them fixed.

For a library this is a foundational biceps clip and the natural default in any arm section. It fits beginner arm days, dumbbell-only home programs, hypertrophy accessory slots, and technique content showing where cheating creeps into curls.",posters/seated-dumbbell-curl.webp,seated-dumbbell-curl.mp4
seated-leg-curl,,Seated Leg Curl,Hamstrings,Glutes,Machine,Isolation,beginner,9.07,seated leg curl; hamstrings; machine; knee flexion; legs; isolation,Isolates knee flexion so the hamstrings work without the quads or hips joining in.; The seated position holds the hamstrings at a longer working length.; Machine guidance makes it straightforward to load safely for newer lifters.,Leg day templates in a gym floor training app.; Machine-only circuits for commercial gym programs.; Knee-friendly accessory work where loaded hinges are unsuitable.; Leg curl station entry in a machine equipment filter.,"1. Set the seat and back pad so your knees line up with the machine's pivot. ; 2. Sit back with your thighs flat and the lap pad locked down over them. ; 3. Rest your lower legs on top of the roller, contact just above the ankles. ; 4. Grip the side handles and press your hips into the seat. ; 5. Curl your heels down and back toward the seat as far as the machine allows. ; 6. Return slowly until your knees are almost straight, then repeat.","Letting the hips lift off the seat, which turns the curl into a partial hip movement.; Locking the knees out on the return, which drops tension off the hamstrings.; Setting the roller on the calf instead of just above the ankle, which shortens the lever.; Snapping the weight back, which wastes the eccentric and rattles the stack.","A machine leg curl performed seated with the hips flexed, curling the ankles under the roller to load the hamstrings.","The seated leg curl is knee flexion against a machine. You sit with your thighs pinned under a lap pad, the roller resting just above your ankles and your knees lined up with the machine's pivot, then curl your heels down and back toward the seat. Sitting keeps the hips flexed, which holds the hamstrings at a longer working length than the lying version does. Sloppy technique on the lying version drags the lumbar extensors into the work; the seated setup, with the spine against a backrest, largely removes that risk.

In a catalog this is the standard machine hamstring entry. It fits leg day templates, machine-only circuits for gym floor apps, knee-friendly programming where a loaded hinge is not appropriate, and equipment filters where buyers expect a selectorized option.",posters/seated-leg-curl.webp,seated-leg-curl.mp4
shadow-boxing,,Shadow Boxing,Shoulders; Triceps,Core; Chest; Biceps; Forearms,Bodyweight,Cardio,beginner,7.47,shadow boxing; boxing; cardio; bodyweight; conditioning; combat,Trains a full-body kinetic chain in which the legs start the force and the arm finishes it.; Delivers cardiovascular work in timed rounds with no equipment and very little space.; Builds coordination and balance through combinations rather than single repeated actions.,Equipment-free cardio blocks in a home-workout app.; Boxing-style round timers that need a movement demo per round.; Warm-up sequences for combat sports or conditioning classes.; Content explaining how punch force is generated from the ground up.,"1. Stand with your feet about shoulder-width apart, one foot slightly back, and your weight balanced. ; 2. Raise both fists to chin height with the elbows tucked in to hold your guard. ; 3. Throw a straight lead punch, turning the shoulder over and keeping the other hand up. ; 4. Drive off the rear foot and rotate the waist to deliver the rear-hand punch through the same line. ; 5. Snap each hand straight back to the guard rather than letting it drift down. ; 6. Keep the feet moving and repeat combinations for the length of the round, then rest and go again.","Punching with the arm only, which skips the leg drive and waist rotation that start the force.; Letting the guard drop as the round goes on, so the hands are low exactly when fatigue is already cutting output.; Locking the elbows out hard at full extension, which puts the joint under repeated snap with no target.; Standing flat-footed, which removes the rear-leg drive that produces the peak ground force.","Punching combinations thrown at empty air with footwork and rotation, worked in timed rounds without a bag.","Shadow boxing rehearses the punching kinetic chain with no target to absorb force. A straight punch runs proximal to distal: the rear leg drives into the floor, the waist and shoulder rotate around the vertical axis, and the elbow extends last. Ground reaction force peaks as that drive begins, and the rear leg supplies most of it, while muscle-activity measurement of the straight punch names the front deltoid, triceps and brachioradialis as the biggest contributors.

Without impact the demand shifts to control. You manage balance, guard and breathing across rounds, and fatigue shows up first as weaker ground force and a looser chain.

For a library this clip covers combat-style conditioning with no equipment dependency. It suits boxing-flavored HIIT content, warm-up rounds, and small-space app flows.",posters/shadow-boxing.webp,shadow-boxing.mp4
single-arm-cable-fly,,Single-Arm Cable Fly,Chest,Shoulders; Triceps; Core,Cable Machine,Isolation; Push,intermediate,9.6,chest; cable machine; cable fly; single arm; unilateral; isolation,"Lets the hand reach the midline, giving a longer chest adduction range than a two-arm fly.; Trains one side at a time, which exposes and addresses side-to-side differences.; Recruits the abdominal wall to resist rotation while the chest does the pressing work.",Unilateral chest work in imbalance-correction app programs; Cable machine equipment filters in an exercise library; Core-aware accessory blocks in push-day templates; Coaching content on anti-rotation during single-arm training,"1. Set one pulley to roughly shoulder height and select a light load. ; 2. Take the handle in the hand furthest from the stack and step out until the cable is taut. ; 3. Move into a staggered stance with the outside foot forward and brace your abdominals. ; 4. Keep a soft bend in the working elbow and sweep the hand across your body to the midline. ; 5. Hold the contraction briefly without letting your torso rotate toward the pulley. ; 6. Let the arm travel back out under control until the chest lengthens, then repeat and switch sides.","Letting the torso rotate toward the stack turns the exercise into a twist and takes tension off the chest.; Straightening and bending the elbow makes it a one-arm press, moving the work to the triceps.; Standing square with a narrow stance leaves no base, so the load pulls the hips out of position.; Overloading the working side forces the shoulder to finish the rep and shortens the adduction range.",One-arm standing cable fly that adducts a single working arm while the trunk resists being pulled around.,"The single-arm cable fly keeps the elbow softly bent and sweeps one hand across the body to the midline. The pectoralis major of the working side does the adduction, with the front deltoid and triceps assisting, and the unilateral setup adds an anti-rotation demand: EMG comparison of unilateral against bilateral pressing found substantially higher rectus abdominis and external oblique activity.

Working one side at a time also allows a longer adduction range than a bilateral fly. The cost is trunk control, so the stance stays staggered and the load stays light.

As an asset this clip covers two catalog needs at once, a unilateral chest option for imbalance correction and a core-aware cable movement for anti-rotation content.",posters/single-arm-cable-fly.webp,single-arm-cable-fly.mp4
single-arm-dumbbell-overhead-press,,Single-Arm Dumbbell Overhead Press,Shoulders,Triceps; Core; Trapezius,Dumbbell,Push,beginner,7.47,single arm overhead press; dumbbell; shoulders; overhead press; unilateral; push,"One arm at a time exposes and corrects strength differences between shoulders.; The offset load makes the trunk resist side bending on every rep.; Needs one dumbbell and no rack, so it fits small and home setups.",Unilateral pressing slot in upper body program templates.; Single-dumbbell library entries for users with one adjustable weight.; Beginner overhead progression before barbell pressing.; Content on core involvement during offset loading.,"1. Stand with your feet shoulder-width apart holding one dumbbell. ; 2. Bring the dumbbell to shoulder height with your palm facing forward and your elbow under your wrist. ; 3. Brace your abs and squeeze your glutes so your ribs stay down. ; 4. Press the dumbbell overhead by extending the elbow and flexing the shoulder. ; 5. Finish with your biceps close to your ear and the arm almost straight. ; 6. Lower under control to shoulder height, complete the reps, then switch arms.","Leaning away from the working arm, which turns the press into a side bend.; Letting the elbow drift out from under the wrist, which leaks force before the press starts.; Dipping the knees to start the rep, which makes it a push press and cuts the shoulder work.; Pressing the dumbbell out in front of the head, which shortens the range and stalls the lockout.","A standing overhead press with one dumbbell, so each shoulder works alone while the trunk resists bending sideways.","Pressing one dumbbell at a time turns an ordinary overhead press into an offset-load exercise. You hold the dumbbell at shoulder height with the palm forward and the elbow under the wrist, brace the abs and glutes, then press overhead and lower under control. Working each side separately finds and fixes strength differences a barbell hides, and the standing single-arm version stays approachable enough for beginners. Single-arm pressing also raises core involvement, and the deltoids, triceps and trapezius do the moving.

In a catalog this is the unilateral entry in the overhead press family and needs only one dumbbell, which makes it easy to program for home users. It fits dumbbell filters, upper body templates and content on offset loading.",posters/single-arm-dumbbell-overhead-press.webp,single-arm-dumbbell-overhead-press.mp4
single-arm-landmine-press,,Single-Arm Landmine Press,Shoulders,Core; Trapezius; Triceps,Barbell,Push,intermediate,6.93,single arm landmine press; landmine; barbell; shoulders; unilateral; push,"Presses one shoulder at a time, so left-right differences show up and can be trained out.; The arc keeps the arm in front of the body, which suits lifters short on overhead range.; Resisting rotation toward the loaded side keeps the obliques working every rep.",Unilateral pressing slot in athletic upper body templates.; Press substitution for users reporting restricted overhead range.; Technique media on staggered stance and keeping the ribs down.; Anti rotation content pairing a press with a trunk demand.,"1. Anchor one end of a barbell in a landmine sleeve or a padded corner and load the free end. ; 2. Stand facing the bar with a staggered stance and a neutral spine. ; 3. Rest the loaded end on one shoulder and cup it with the hand on that side. ; 4. Place your free hand on your ribcage so you can feel if your back starts to arch. ; 5. Press the bar up and forward by extending the elbow and flexing the shoulder until the arm is straight. ; 6. Lower the bar back to your shoulder under control, finish the set, then switch sides.","Arching the lower back to finish the press, which trades shoulder range for spinal extension.; Standing square with the feet level, which makes it harder to stop the trunk rotating toward the load.; Pushing the head forward as the bar rises, which shortens the neck and loads the traps.; Fighting the bar straight up instead of along its arc, which stalls the rep against the anchor.","A one-arm press of a landmine-anchored barbell from the shoulder, following the bar's arc up and across the body.","With one end of a barbell pinned in a landmine sleeve, the loaded end travels through an arc rather than straight up. You rest that end on one shoulder, take a staggered stance, and press until the arm is straight while the free hand sits on your ribcage so you can feel your back start to arch. This is a compound unilateral push at an intermediate skill level: the shoulders do the work with the abs, traps and triceps assisting, and the obliques and glutes join in because the trunk has to stop the load twisting you.

For a library this is the unilateral, shoulder-friendly press: the arc keeps the arm in front of the body, so it doubles as a substitution when a strict overhead press is off the table. It fits barbell filters, athletic templates and technique content.",posters/single-arm-landmine-press.webp,single-arm-landmine-press.mp4
single-arm-lat-pulldown,,Single-Arm Lat Pulldown,Back,Biceps; Shoulders; Trapezius; Core,Cable Machine,Pull,beginner,7.73,single arm lat pulldown; cable pulldown; lats; back; unilateral; vertical pull,Trains each side separately so strength differences surface instead of being masked.; Allows more scapular travel at the top than a fixed bar.; Loads a vertical pull in small increments for users without pull-up strength.,Imbalance correction blocks in an app's back training plan.; A scalable vertical pull for beginner program tracks.; Cable machine library entries in an exercise browser.; Comparison content set against the two-arm pulldown clip.,"1. Set a single handle on a high pulley and choose a load you can control through the full range. ; 2. Kneel or sit facing the stack with the working shoulder lined up under the cable. ; 3. Reach up and let the shoulder blade rise, keeping your ribs down and your abs braced. ; 4. Depress the shoulder blade first, then drive the elbow down and back toward your hip. ; 5. Pause where the lat is fully shortened and hold the torso square to the stack. ; 6. Return slowly to a full overhead stretch, finish the reps, then switch sides.","Leaning away from the stack to finish the rep, which turns the pull into a body swing and unloads the lat.; Starting with the arm rather than the shoulder blade, which hands the work to the biceps.; Cutting the return short, so the lat never reaches the stretched position that the single handle allows.; Twisting the trunk toward the cable, which hides the side-to-side difference this variation exists to expose.",One-arm cable pulldown that loads a single lat and lets the shoulder blade travel through its full range.,"The single-arm lat pulldown swaps the fixed bar for one handle on a high pulley, so each side works on its own and the shoulder blade is free to rise, depress and rotate without the other arm covering for it. The latissimus dorsi is the prime mover, with the biceps, posterior deltoid, trapezius and rhomboids assisting and the trunk resisting the pull toward the stack. EMG work across seven pulldown grips found the lats stay the primary target whatever the handle, so the case for the unilateral version is side-to-side control and range, not a different muscle.

For a catalog this clip covers the corrective and accessible end of vertical pulling. It suits imbalance work, gives apps a scalable pull for users who cannot yet do pull-ups, and pairs naturally with a two-arm pulldown clip in comparison content.",posters/single-arm-lat-pulldown.webp,single-arm-lat-pulldown.mp4
single-arm-overhead-cable-extension,,Single-Arm Overhead Cable Extension,Triceps,,Cable Machine,Isolation; Push,beginner,8,single arm overhead cable extension; triceps; cable; overhead extension; unilateral; arms,"Cable tension stays on the triceps through the whole range, including lockout.; The overhead position loads the long head of the triceps under stretch.; Training one arm at a time makes side-to-side differences visible.",Arm accessory blocks in a gym training app.; Elbow friendly triceps option when skull crushers aggravate the joint.; Unilateral triceps work in asymmetry correction programs.; Technique content on constant-tension cable training.,"1. Attach a single handle to the low pulley of a cable stack and select your weight. ; 2. Take the handle in one hand and turn to face away from the machine. ; 3. Raise the working arm overhead so the upper arm sits beside your head. ; 4. Bend the elbow to let the handle travel down behind your head under control. ; 5. Extend the elbow to press the handle back overhead, stopping short of a hard lockout. ; 6. Complete the set, then swap hands and repeat on the other side.","Letting the upper arm swing forward and back, which turns the lift into a shoulder movement.; Snapping into lockout, which unloads the triceps and irritates the elbow.; Standing too close to the stack, so the cable angle pulls the arm out of position.; Leaning far forward to shift the weight, which recruits the torso rather than the arm.","A standing single-arm cable extension with the handle held overhead, straightening the elbow against constant tension.","The single-arm overhead cable extension loads elbow extension from a low pulley. You stand with your back to the stack, take a single handle, raise the working arm overhead so the upper arm sits beside your head, then bend and straighten the elbow while the cable pulls down and behind you. Unlike a dumbbell, the cable keeps tension on the triceps at every joint angle, including lockout, which is why the guide warns against locking out hard.

MoveKit's muscle vocabulary collapses long-head bias into a single Triceps value, so the overhead emphasis is described here rather than in the facet. For a catalog the clip covers cable arm work buyers search for by name, and it fits arm accessory blocks, cable machine equipment filters, unilateral programming, and content on constant-tension training.",posters/single-arm-overhead-cable-extension.webp,single-arm-overhead-cable-extension.mp4
single-arm-tricep-extension,,Single-Arm Tricep Extension,Triceps,,Dumbbell,Isolation; Push,beginner,9.87,single arm tricep extension; triceps; dumbbell; overhead extension; unilateral; arms,"Works one arm at a time so side-to-side differences show up clearly.; The overhead position loads the long head of the triceps under stretch.; Needs only a bench and a single dumbbell, so it fits minimal setups.",Overhead triceps accessory slot in a hypertrophy app.; Single-dumbbell arm work for bench-only home setups.; Unilateral correction work in asymmetry programs.; Content comparing overhead and pushdown triceps training.,"1. Sit upright on a flat bench with your feet flat and about hip-width apart. ; 2. Press one dumbbell overhead until the arm is straight and beside your ear. ; 3. Point the working elbow at the ceiling and rest your free hand on your thigh. ; 4. Bend the working elbow to lower the dumbbell behind your head. ; 5. Press the dumbbell back overhead without letting the upper arm drift. ; 6. Finish the set, then move the weight to the other arm and repeat.","Letting the elbow flare out to the side, which shortens the stretch on the long head.; Leaning the torso away from the working arm, which hides how much the shoulder is helping.; Choosing a weight that drags the arm out of position behind the head, which strains the elbow.; Cutting the descent short, which skips the stretched range the overhead position exists for.","A seated single-arm overhead extension, lowering one dumbbell behind the head and pressing it back to lockout.","The single-arm tricep extension is overhead elbow extension done one side at a time. You sit upright on a flat bench, press a dumbbell to lockout with the working arm beside your ear, then bend at the elbow to lower the weight behind your head and press it straight back up. Holding the upper arm vertical puts the long head of the triceps on stretch, which is the whole reason to work overhead. Keeping the upper arm perpendicular to the floor is what preserves that stretch across the whole rep.

MoveKit's muscle vocabulary has no separate long-head value, so the emphasis lives here in the copy. For a library the clip covers unilateral triceps work with the simplest possible kit: one bench, one dumbbell. It suits arm accessory blocks, dumbbell-only home programs, and asymmetry correction work.",posters/single-arm-tricep-extension.webp,single-arm-tricep-extension.mp4
single-leg-back-extension,,B-stance Back Extension,Lower Back,Glutes; Hamstrings,Bodyweight,Hinge,intermediate,5.87,back extension; b-stance; hip hinge; erector spinae; glutes; bodyweight,"Trains hip extension one side at a time so left and right differences surface and can be corrected.; Builds isometric endurance in the spinal erectors without loading the spine with an external bar.; Needs only a back extension bench, so it programs the same way in small gyms and large facilities.",Staggered stance variants shown next to the bilateral back extension clip on a comparison page.; Unilateral progression ladders between bilateral back extensions and single leg deadlifts.; Low back conditioning sequences in rehab adjacent content libraries.; Side view technique screens where limb position needs to be visible.,"1. Set the hip pad of a 45-degree back extension bench just below your pelvis. ; 2. Place one foot flat on the platform and stagger the other foot behind it so the front leg carries most of the load. ; 3. Cross your arms over your chest, brace your abdominals, and line up your head, spine and hips. ; 4. Hinge at the hips and lower your torso until you feel the hamstrings of the lead leg lengthen. ; 5. Drive the lead hip into the pad and extend until your body forms a straight line. ; 6. Pause at the top, lower with the same tempo, then repeat and switch the lead leg.","Rounding the lower back on the descent, which moves load off the hips and onto passive spinal structures.; Arching well past a straight line at the top, which compresses the lumbar spine and adds no useful range.; Letting the trailing foot take an equal share of the load, which removes the unilateral bias entirely.; Rushing the lowering phase, which cuts time under tension for the glutes and hamstrings.",A staggered-stance 45-degree back extension that loads one hip harder while the spinal erectors hold a neutral line.,"The B-stance back extension is a hip hinge performed on a 45-degree bench with one foot forward on the platform and the other offset behind it, so the lead hip takes most of the load. The hip pad sits just below the pelvis, which lets the hips flex and extend freely while the spinal erectors work isometrically to keep the spine in one line with the head and legs. Glutes and hamstrings drive the torso back up, and the staggered stance makes side to side differences in hip extension strength obvious.

As an asset this clip earns its place wherever a unilateral posterior chain option is needed without a barbell. The side camera angle reads clearly at small sizes, which suits exercise library thumbnails, single leg progression ladders in a mobile app, and low back conditioning modules in coaching platforms.",posters/single-leg-back-extension.webp,single-leg-back-extension.mp4
single-leg-dumbbell-romanian-deadlift,,Single-Leg Dumbbell Romanian Deadlift,Hamstrings; Glutes,Core; Calves,Dumbbell,Hinge,advanced,9.87,single leg romanian deadlift; dumbbell; hamstrings; glutes; hip hinge; unilateral,"Loads one hamstring and glute at a time, exposing side to side differences.; Trains hip and trunk stability alongside the hinge itself.; Needs only one dumbbell, so it works in minimal equipment settings.",Unilateral hinge entry in a dumbbell equipment filter.; Single-leg slot in athletic development templates.; Left-right hinge comparison work in coaching platform programming.; Progression endpoint in hip hinge teaching content.,"1. Hold a dumbbell and stand with your weight on one leg. ; 2. Soften the standing knee and set your shoulders back. ; 3. Push the standing hip back and let the free leg extend behind you. ; 4. Lower the dumbbell along the standing leg to about mid-shin. ; 5. Keep the hips level and the spine long throughout the descent. ; 6. Drive the standing hip forward to stand, then switch sides.","Letting the free hip rotate open, which turns the hinge into a twist.; Rounding the back to reach the floor, which loads the spine instead of the hamstring.; Bending the standing knee as you descend, which converts the hinge into a squat.; Going too heavy too soon, so balance fails before the hamstring is trained.","A single-leg hip hinge with a dumbbell, loading one hamstring and glute while the free leg extends behind.","The single-leg Romanian deadlift stands on one leg with a soft knee and hinges at the hip while the free leg extends straight back as a counterweight. The dumbbell tracks down the standing leg to about mid-shin, then the hip drives forward to stand. All of the hinge is taken by one hamstring and glute, and the lateral hip and trunk work constantly to stop the pelvis rotating open. It grades as an advanced hinge, with the kickstand version serving as the intermediate step toward it, because balance rather than strength is usually the limiting factor.

As an asset it is one of the clearest demonstrations of unilateral hinging, and it is hard to shoot well in photography because pelvis position is the whole point. It fits dumbbell filters, single-leg blocks and imbalance correction programming.",posters/single-leg-dumbbell-romanian-deadlift.webp,single-leg-dumbbell-romanian-deadlift.mp4
single-leg-glute-bridge,,Single Leg Glute Bridge,Glutes,Hamstrings; Core,Bodyweight,Hinge,beginner,4.27,glute bridge; single leg; glutes; bodyweight; hip extension; unilateral,"Trains hip extension one side at a time so left to right differences become visible.; Needs no equipment, so it fits home, travel, and clinic programming.; Loads the glutes with almost no spinal compression.",Glute activation blocks in an in-app warm up flow.; Unilateral corrective work in a rehab or prehab program.; No equipment lower body days in a bodyweight program template.; Exercise card thumbnails and short form glute content.,"1. Lie on your back with both knees bent and your feet flat on the floor about hip width apart. ; 2. Lift one leg clear of the floor and hold it there, keeping both hip bones level. ; 3. Brace your trunk and press the planted heel down into the floor. ; 4. Drive your hips upward until your shoulders, hips, and working knee form one line. ; 5. Pause at the top and squeeze the working glute without arching your lower back. ; 6. Lower under control until your hips touch the floor, then repeat before switching sides.","Letting the raised hip drop, which twists the pelvis and shifts load off the working glute.; Pushing through the toes instead of the heel, which pulls the hamstring in and often cramps it.; Hyperextending the lower back to fake height, which loads the lumbar spine instead of the hip.; Planting the foot too far from the hips, which turns the rep into a hamstring curl.",A floor-based unilateral hip extension that loads one glute at a time while the free leg stays off the ground.,"The single leg glute bridge starts lying on your back with one foot planted under the knee and the other leg held clear of the floor. Driving through the planted heel extends the hip until the torso and working thigh line up, so the gluteus maximus does the work while the hamstrings and trunk resist the pelvis dropping or twisting. EMG work on modified single leg bridges shows gluteal activation stays high across different knee angles while hamstring contribution swings sharply, which is why heel placement is cued so precisely.

In an asset library this clip is the reference visual for glute activation blocks, warm up flows, and early stage lower body rehab. It reads clearly at small sizes in mobile exercise cards, and the muscle highlight variant shows the target group without needing a caption.",posters/single-leg-glute-bridge.webp,single-leg-glute-bridge.mp4
single-leg-hip-thrust,,Single-Leg Hip Thrust,Glutes,Hamstrings; Quadriceps; Core,Bodyweight,Hinge,intermediate,6.04,hip thrust; single leg; glutes; bench; hip extension; unilateral,"Builds hip extension strength that carries into sprinting, jumping, and stair climbing.; Exposes and corrects side to side glute strength differences.; Allows a longer glute range of motion than a floor bridge.",Glute hypertrophy blocks in a strength training app.; Unilateral progressions after a two leg hip thrust in a program builder.; Athletic performance programs targeting hip extension power.; Exercise demo cards where the bench setup must be shown clearly.,"1. Sit on the floor with your upper back resting against the edge of a bench. ; 2. Plant one foot flat with the shin close to vertical and the knee bent about ninety degrees. ; 3. Raise the other leg and hold the hip and knee at roughly ninety degrees. ; 4. Brace your trunk and tuck your chin so the neck stays neutral. ; 5. Drive through the planted foot until your hips reach the height of your torso. ; 6. Lower under control until the hips are just above the floor, then repeat and switch sides.","Hyperextending the lower back or neck at lockout, which hides a shortfall in glute range.; Pushing with the elbows against the bench, which takes work away from the glutes.; Stopping short of full hip extension, so the glute never reaches a hard contraction.; Letting the pelvis rotate toward the free leg, which unloads the working side.",A bench-supported unilateral hip extension that drives one glute through a longer range than a floor bridge.,"The single leg hip thrust sets your upper back on a bench so the hips can travel below the level of the shoulders before extending. One foot stays planted with the shin close to vertical while the other leg is held with the hip and knee near ninety degrees. The gluteus maximus, medius, and minimus drive the lift, with the spinal erectors, hamstrings, quadriceps, and adductors supporting the position rather than leading it.

For a product catalog this clip covers the loaded end of glute programming: hypertrophy blocks, unilateral strength progressions, and posterior chain sections of a training app. The bench-supported setup is visually distinct from a floor bridge, which matters when a library needs both patterns to be told apart at a glance.",posters/single-leg-hip-thrust.webp,single-leg-hip-thrust.mp4
single-leg-kettlebell-romanian-deadlift-deficit,,Single-Leg Dumbbell Romanian Deadlift (Deficit),Hamstrings; Glutes,Core; Calves,Dumbbell,Hinge,advanced,8.8,deficit romanian deadlift; single leg; dumbbell; hamstrings; glutes; hip hinge,Adds hamstring range at the bottom without adding external load.; Trains the hamstring at long muscle length on one leg at a time.; Gives a progression step for users who have outgrown the flat version.,Dumbbell filter entry for single-leg hinge work off a low riser.; Advanced posterior chain slot in lower body templates.; Progression content showing range as an alternative to load.; Single-leg hinge programming for athletic development.,"1. Set a stable platform one to three inches high and stand on it with one foot. ; 2. Hold a dumbbell and shift your weight onto the standing leg. ; 3. Soften the standing knee and set your shoulders back. ; 4. Push the hip back and let the free leg extend behind you. ; 5. Lower the dumbbell past the level of the platform, keeping the hips level. ; 6. Drive the hip forward to stand, then finish the set and switch sides.","Using a platform so tall that the back rounds before the hamstring reaches its limit.; Letting the free hip rotate open, which turns the hinge into a rotation.; Standing on an unstable riser, which makes balance rather than the hamstring the limit.; Keeping the same load as the flat version, which is heavier through the added range.","A single-leg Romanian deadlift from a raised platform, adding range at the bottom of the hinge under load.","The deficit version stands the working foot on a low platform so the dumbbell can travel below the level of the foot. Everything else matches the standard single-leg RDL: soft standing knee, free leg extending behind, hips level, spine long, dumbbell tracking down the standing leg. The extra couple of inches load the hamstring at a longer muscle length, which is where hinge variations do most of their work. The turnaround belongs at the point where hamstring length stops the descent, and a deficit simply moves that point lower.

The clip is the range extension asset for a hinge progression: same movement, one visible change. It fits dumbbell equipment filters, advanced posterior chain blocks, and progression content showing range rather than load as the next step.",posters/single-leg-kettlebell-romanian-deadlift-deficit.webp,single-leg-kettlebell-romanian-deadlift-deficit.mp4
single-leg-press,,Single-Leg Press,Quadriceps,Glutes; Hamstrings; Calves; Core,Machine,Squat,beginner,9.87,leg press; single leg; quadriceps; machine; unilateral; lower body,"Loads the quadriceps heavily while the spine stays supported.; Isolates one leg so strength differences cannot be masked by the stronger side.; Offers a controlled path, which makes it easy to prescribe early in a program.",Machine-only program tracks in a gym training app.; Unilateral leg strength progressions after injury.; Quadriceps accessory blocks in a hypertrophy plan.; Machine collection pages needing a one-leg-at-a-time press.,"1. Set the seat so your working knee starts bent without your hips rolling off the pad. ; 2. Place one foot flat in the center of the sled and let the other leg rest clear of it. ; 3. Grip the handles, press your lower back into the pad, and release the safety catches. ; 4. Lower the sled under control until the working knee reaches roughly a right angle. ; 5. Drive the sled away by extending the knee and hip, stopping just short of lockout. ; 6. Complete the reps on that side, reset the safeties, and switch legs.","Locking the knee out forcefully at the top, which dumps tension into the joint.; Letting the hips roll off the pad at the bottom, which rounds the lower back under load.; Loading the sled too heavily, which is the main cause of knee and back complaints on this machine.; Letting the working knee drift inward instead of tracking over the foot.","A machine leg press driven by one leg at a time, loading the quadriceps with the torso fully supported.","The single leg press puts one foot in the center of the sled and presses it away by extending the knee and hip. Because the back and hips stay pinned to the pad, the quadriceps take the bulk of the load with the glutes, hamstrings, calves, and adductors assisting. Foot position steers the emphasis: pressing through the heel brings more glute in, pressing through the ball of the foot keeps the quadriceps dominant. Stopping just short of a hard lockout keeps tension on the muscle and keeps the knee joint out of an end-range jam.

This clip earns its place as the unilateral machine entry in a lower body library. It suits gym-based app plans, rehab progressions that need one side loaded at a time, and equipment filtered program builders where a machine option has to exist alongside barbell and bodyweight work.",posters/single-leg-press.webp,single-leg-press.mp4
single-leg-standing-calf-raise,,Single-Leg Standing Calf Raise,Calves,,Bodyweight,Isolation,beginner,8.8,calf raise; single leg; calves; bodyweight; plantar flexion; unilateral,Doubles the load on each calf compared with a two-legged raise.; Exposes ankle strength and balance differences between sides.; Trains the gastrocnemius at long muscle length with the knee straight.,Calf specialization blocks in a hypertrophy app.; Ankle and Achilles rehab progressions in a clinic program.; Balance and single leg sections of a bodyweight plan.; Lower body pack merchandising alongside machine calf variants.,"1. Stand with the ball of one foot on the edge of a step or block, heel hanging free. ; 2. Hook the free foot behind the standing ankle and rest a hand on a wall for balance. ; 3. Straighten the standing knee and hold it straight for the whole set. ; 4. Let the heel drop until you feel a firm stretch through the calf. ; 5. Press up through the ball of the foot until the ankle is fully extended. ; 6. Pause at the top, lower under control, and repeat before switching sides.","Bouncing out of the bottom, which uses the Achilles tendon rather than the calf muscle.; Bending the standing knee, which shortens the gastrocnemius and reduces its contribution.; Cutting the range short at the top or bottom, which is the usual reason calves stop responding.; Hanging on the support hand and taking real load off the standing leg.",A one-legged plantar flexion drill that loads the calf of the standing leg through its full ankle range.,"The single leg standing calf raise puts your whole bodyweight on one ankle. Standing on the ball of the foot with the heel free to drop, you press up as high as the ankle allows and lower until you feel a full stretch. Because the knee stays straight, the gastrocnemius is held long across the knee and takes the larger share of the work, while the soleus contributes throughout. Training research comparing knee-extended and knee-flexed calf work found far greater gastrocnemius growth from the standing pattern. MoveKit records both heads under the single Calves group, so knee angle rather than muscle naming separates this clip from a seated raise.

In a catalog this is the unilateral calf entry a lower body pack needs, covering balance work, ankle rehab, and calf specialization blocks.",posters/single-leg-standing-calf-raise.webp,single-leg-standing-calf-raise.mp4
single-leg-step-down,,Single-Leg Step-Down,Quadriceps; Glutes,Core; Hamstrings,Bodyweight,Squat,intermediate,9.87,step down; single leg; quads; glutes; knee stability; bodyweight,Builds eccentric quadriceps strength and knee control for landing and deceleration.; Trains the glutes to keep the pelvis level in single-leg stance.; Reveals left-to-right asymmetries that bilateral squats mask.,Knee rehab or prehab flow in a physio-adjacent app; Unilateral progression step before lunges and split squats; Movement screen in an onboarding assessment; Bodyweight library entry for box and step based lower body work,"1. Stand on a box or step about eight inches high with one foot along its edge. ; 2. Set the free foot just off the edge, level your hips and rest your hands at your waist. ; 3. Bend the standing knee slowly and lower the free foot toward the floor. ; 4. Tap the floor lightly with your heel or toe without shifting any weight onto it. ; 5. Drive back up through the standing leg until that knee is straight. ; 6. Complete your reps, then step off and repeat on the other leg.","Letting the standing knee cave inward, which is the exact fault the drill is meant to correct.; Hiking the hip on the free-leg side, which offloads the glutes and hides the control problem.; Dropping fast instead of lowering, which skips the eccentric work the exercise exists for.; Taking weight on the tapping foot, which turns it into a two-legged squat.","Single-leg lowering off a box, tapping the floor with the free foot before driving back up to the top.","The single-leg step-down is an eccentric knee-control drill. You stand on a box on one leg, lower the free foot toward the floor by bending the standing knee, tap lightly and drive back up without transferring weight. The stance quadriceps do the braking, the glutes keep the pelvis level, and the trunk holds its line. Clinicians score the same movement as a screen, marking down trunk lean, a pelvis that drops, a knee tracking inside the second toe, and any shift onto the other foot. Muscle-activity work on single-leg exercises puts the vasti highest, followed by the glutes.

As a licensed clip this is one of the most reusable lower-body assets you can hold. Rehab and prehab flows, unilateral progressions and knee-pain content all need it, and the slow tempo keeps the loop readable at thumbnail size.",posters/single-leg-step-down.webp,single-leg-step-down.mp4
single-legged-romanian-deadlifts,,Single Legged Romanian Deadlifts,Glutes; Hamstrings,Core,Bodyweight,Hinge,beginner,7.47,single leg romanian deadlift; hinge; glutes; hamstrings; single leg; bodyweight,Builds glute and hamstring strength while exposing side-to-side imbalances.; Trains the single-leg hinge pattern that carries over to running and jumping.; Improves balance and ankle stability under load.,Athletic-prep single-leg blocks in performance tracks; Glute-focused hypertrophy programming in fitness apps; Rehab-adjacent unilateral hinge content for return-to-training; Balance and stability education in coaching platforms,"1. Stand tall on one leg with a slight bend in the standing knee and arms hanging at your sides. ; 2. Brace your core and pull your shoulder blades down to set a tall, stable torso position. ; 3. Hinge at the hip by pushing the standing-leg hip back, letting the back leg float up behind you. ; 4. Keep the back leg, torso, and head in one straight line as you lower toward the floor. ; 5. Stop when you feel a deep stretch in the standing leg's hamstring, with the torso roughly parallel to the floor. ; 6. Drive the standing-leg hip forward to return to the start position, squeezing the glute at the top.","Rounding the lower back as the torso lowers, which puts the spine at risk under load.; Twisting the hips open as the back leg lifts, which loses the hinge alignment and balance.; Bending too much at the standing knee so the lift becomes a single-leg squat instead of a hinge.; Bouncing back up at the bottom instead of controlling the descent and the reversal.",A bodyweight single-leg hinge that loads the glutes and hamstrings while training balance — the single-leg answer to the RDL.,"The single-leg Romanian deadlift is the single-leg version of one of the most-used hinges in strength training. Standing on one leg, the lifter hinges at the hip and lowers the torso while the back leg extends behind for balance, loading the glutes and hamstrings of the standing leg through a long, controlled stretch. It also exposes side-to-side balance differences that bilateral lifts hide.

For app and content use, this clip is a strong fit for athletic-prep programs, glute-focused hypertrophy tracks, and rehab-adjacent content where unilateral hinge work is part of return-to-training. It's a smart pairing with bilateral RDL and hip-thrust content in any complete rear-chain library.

",posters/single-legged-romanian-deadlifts.webp,single-legged-romanian-deadlifts.mp4
sissy-squat,,Sissy Squat,Quadriceps,Core; Calves,Bench,Squat,intermediate,9.87,sissy squat; quadriceps; bodyweight; knee extension; legs; squat,"Loads the quadriceps hard without a barbell or a machine.; Trains knee flexion and extension through a long range with the hips held extended.; Scales by depth alone, so progression needs no extra load.",Advanced bodyweight leg days in a home training app.; Quadriceps accessory work in a hypertrophy program.; Knee-over-toe and tendon conditioning content.; Bodyweight pack merchandising alongside squats and lunges.,"1. Stand with your feet about shoulder width apart and hold a support with one hand. ; 2. Rise onto the balls of your feet, or place your heels on a two to four inch block. ; 3. Brace your trunk and squeeze your glutes so the hips stay extended. ; 4. Lean back from the knees, letting them travel forward while your torso stays in line with your thighs. ; 5. Descend as far as you can control, keeping the hips from folding backward. ; 6. Press through the balls of your feet to return to standing, then repeat.","Letting the hips fold backward, which turns the rep into a shallow ordinary squat.; Arching the lower back to reach depth, which loads the lumbar spine instead of the quadriceps.; Dropping fast and bouncing at the bottom, which spikes load on the knee with no control.; Pulling hard on the support hand, which removes the resistance the exercise depends on.",A knee-dominant squat where the hips stay extended and the knees travel forward over the toes.,"The sissy squat removes the hip hinge from a squat. You rise onto the balls of the feet, keep a straight line from head to knees, and lean back as the knees travel forward, so almost all of the movement happens at the knee joint. That makes the quadriceps the prime mover, with the trunk and calves working to hold the line and the balance. EMG work on knee extension across hip angles shows the four quadriceps heads work together rather than in isolation, so treat this as a quadriceps emphasis exercise rather than a way to single out one head.

For a library this clip fills the bodyweight quadriceps slot that squats and lunges do not cover, and it is a useful visual for knee-over-toe programming and for advanced bodyweight plans that need progression without added load.",posters/sissy-squat.webp,sissy-squat.mp4
ski-erg,,Ski Erg,Back; Core; Triceps,Shoulders; Chest; Quadriceps; Glutes,Machine,Cardio,intermediate,9.87,ski erg; double poling; cardio machine; upper body; conditioning; erg,"One of very few cardio machines driven mainly by the upper body and trunk rather than the legs.; Trains the same proximal to distal chain used in double poling, from trunk flexion to elbow extension.; Non-impact and upright, so it loads the posterior chain without any landing forces.",Machine-collection listings that need an upper-body cardio option.; Hybrid conditioning circuits pairing ski erg with rowing and cycling clips.; Technique tutorials contrasting a hip hinge with a squat on the erg.; Upper-body endurance blocks for athletes who cannot load the legs.,"1. Stand about eighteen to twenty-four inches from the flywheel with your feet shoulder-width apart. ; 2. Take a handle in each hand and raise them slightly above eye level with the elbows bent to about ninety degrees. ; 3. Brace the core and start the drive by dropping the head, chest and shoulders so the arms follow. ; 4. Push the hips back into a hinge and drive both handles down alongside your thighs. ; 5. Finish with the knees bent and the arms extended by the hips, thumbs pointing toward the thighs. ; 6. Stand back up and lift the arms into the next stroke, taking about twice as long as the drive.","Squatting instead of hinging, which takes the trunk out of the drive and leaves the arms to do the work.; Pulling with the arms from the top, which starts the stroke with the weakest link in the chain.; Bending the wrists or fully locking the arms at the finish, which stresses the joints with no added power.; Rushing the recovery back to the top, which shortens the next stroke and drops power output.","Standing double-pole pulls on a ski ergometer, hinging at the hips to drive both handles down past the thighs.","The ski erg reproduces the double-pole action of cross-country skiing. You start tall with the handles above eye level and elbows bent, then initiate by engaging the core and dropping the head, chest and shoulders so the arms follow rather than lead. The drive is a hip hinge and not a squat, and the core and lats generate the power.

Double poling runs a proximal to distal chain: trunk flexion first, then shoulder extension via latissimus dorsi and pectoralis major, then elbow extension via triceps, with rectus femoris and gluteus maximus contributing more as speed rises.

For a catalog the ski erg fills a real gap: it is one of very few cardio machines that is upper-body led, so it belongs in machine collections and hybrid conditioning programs.",posters/ski-erg.webp,ski-erg.mp4
sled-pull,,Sled Pull,Quadriceps; Glutes,Hamstrings; Back; Core; Calves,Sled,Pull,beginner,5.04,sled pull; sled drag; glutes; quadriceps; conditioning; rope,"Trains hip and knee extension with no lowering phase, so soreness stays low.; Reintroduces controlled load after injury at a speed and range you choose.; Combines lower body drive with an upper body pull in one conditioning piece.",Conditioning finishers in a gym or class programming app.; Return to training blocks in a rehab focused plan.; Athletic development content on horizontal force production.; Machine and functional equipment collection pages.,"1. Attach a rope to the sled and load the sled with the weight you can move smoothly. ; 2. Stand facing the sled with the rope taut and your feet in a wide, stable stance. ; 3. Sit back into a partial squat and hold the rope with straight arms and a braced trunk. ; 4. Extend your hips and knees sharply to start the sled moving. ; 5. Pull the rope in hand over hand as the hip drive carries the load toward you. ; 6. Reset your stance and repeat for the prescribed distance, time, or rounds.","Pulling with the arms only, which stalls the sled and turns a leg drill into a grip test.; Rounding the lower back to reach the rope, which loads the spine at the worst angle.; Standing too upright, so there is no hip drive left to start the sled moving.; Loading the sled so heavily that it moves in jerks and the stance breaks down.",A rope-driven sled drag where the hips extend hard to start the pull and the arms finish it.,"The sled pull loads the body concentrically only. In the hip drive version shown here you sit into a partial squat holding the rope, extend the hips sharply, and let that drive carry the arm pull that brings the sled toward you. Quadriceps and gluteus maximus supply the drive, the spinal erectors hold the torso angle, and the lats, rhomboids, and biceps finish the pull. Because there is no lowering phase, sled work produces very little muscle damage, which is why it is used to reintroduce load after injury and to add conditioning volume between heavy sessions.

For a catalog this clip covers the conditioning and rehab end of a lower body library, where most assets show barbell or machine strength work. It suits circuit builders, athletic development plans, and return-to-training content.",posters/sled-pull.webp,sled-pull.mp4
sled-push,,Sled Push/Pull,Quadriceps,Glutes; Hamstrings; Calves; Core,Sled,Push,beginner,1.97,sled push; prowler; quadriceps; conditioning; sled; lower body,"Builds leg drive and conditioning at the same time with no eccentric loading.; Scales from an empty sled to heavy work, so it suits every training level.; Transfers directly to acceleration and any real world pushing task.",Conditioning intervals in a class or bootcamp programming app.; Speed and acceleration blocks in a team sport plan.; Low soreness leg work on days between heavy sessions.; Functional equipment collection pages and gym marketing content.,"1. Load the sled with a weight you can keep moving continuously. ; 2. Grip the uprights and set your arms at the height that suits the load. ; 3. Lean into the sled so your body forms roughly a forty five degree line to the ground. ; 4. Brace your trunk and keep your spine neutral from head to hips. ; 5. Drive the sled forward by extending one hip and knee at a time in a running stride. ; 6. Keep the sled moving for the prescribed distance or time, then reset.","Rounding the back instead of holding a neutral spine, which shifts load onto the lumbar spine.; Standing too upright, which kills the forward lean the drive depends on.; Taking short choppy steps with no knee drive, so the sled stalls between strides.; Loading the sled so heavily that it barely moves and the stance collapses.","A loaded sled driven forward from an angled athletic stance, powered by repeated hip and knee extension.","The sled push is a locomotor strength effort. You lean into the sled at roughly forty five degrees, brace the trunk, and drive it forward one leg at a time by extending the hip and knee against the load. Quadriceps lead, with glutes, hamstrings, calves, and the whole trunk holding the angle and transmitting force. Arm position changes the feel: bent elbows put more load on the hips, straight arms demand more thoracic extension. There is no lowering phase, so the sled builds conditioning with very little soreness.

In a catalog this clip is the conditioning workhorse of a lower body library, useful for circuit and interval builders, team sport plans, and any app that needs a gym-floor cardio option that is not a machine ergometer.",posters/sled-push.webp,sled-push.mp4
smith-machine-bench-press,,Smith Machine Bench Press,Chest,Triceps; Shoulders,Machine,Push,beginner,7.2,chest; smith machine; bench press; machine; push; compound,"Fixed bar path lets a lifter train chest pressing close to failure without a spotter.; Built-in hooks give a bail-out point at almost any height in the range.; Removes most of the balance demand, so attention goes to bar position and tempo.",Chest pressing slots in solo or spotter-free training plans.; Guided-bar alternative on chest day in gym machine libraries.; Beginner alternatives shown beside the free-weight bench press.; Hotel and apartment gym program templates in a fitness app.,"1. Position a flat bench under the Smith machine bar and load the desired weight. ; 2. Lie back so the bar tracks over your mid-chest and plant your feet on the floor. ; 3. Grip the bar wider than shoulder width and set your shoulder blades into the bench. ; 4. Rotate and lift the bar to disengage it from the safety hooks. ; 5. Lower the bar under control until it sits about an inch above your chest, then pause. ; 6. Press it back up without locking the elbows hard, and repeat for the prescribed reps.",Using a narrow grip on the fixed track shifts the load onto the front deltoids instead of the chest.; Lying too far up or down the bench forces the fixed bar path to a point your shoulders cannot press safely.; Bouncing the bar off the chest replaces controlled work with momentum and jars the shoulder joint.; Forgetting to rotate the bar back into the hooks before sitting up leaves the load unsupported.,"Flat bench press performed inside a Smith machine, where the bar runs on a fixed vertical track.","The Smith machine bench press keeps the bar on guided rails, so the lifter presses a fixed path instead of stabilizing a free bar. The pectoralis major remains the prime mover with the triceps and front deltoid assisting. Direct comparison shows the trade-off: pectoral and anterior deltoid activation were comparable to a free weight bench press, but the medial deltoid worked harder on free weights.

A grip wider than shoulder width keeps emphasis on the chest instead of the front of the shoulder, and the bar should stop just above the chest rather than resting on it.

For a catalog this clip covers the guided-bar chest press: machine equipment filters, spotter-free program templates and substitutions for users training alone in a hotel or apartment gym.",posters/smith-machine-bench-press.webp,smith-machine-bench-press.mp4
smith-machine-bent-over-row,,Smith Machine Bent-Over Row,Back; Trapezius,Biceps; Shoulders; Core,Machine,Pull,intermediate,6.67,smith machine row; bent over row; back; lats; upper back; horizontal pull,Fixed bar path removes the balance task and keeps rowing lines consistent.; Trains upper back and lats together in one loaded horizontal pull.; Easy to load in small steps for progression on machine-only floors.,Machine-based back sessions in a gym floor app.; Back volume on days when grip and low back fatigue cap free bar rowing.; Technique explainers about holding a hip hinge under load.; Equipment filtered library entries for machine collections.,"1. Set the Smith machine bar to the lowest catch height and load it. ; 2. Face the bar and take an overhand grip a little wider than your shoulders. ; 3. Unlock the bar, push your hips back with soft knees, and set a flat back. ; 4. Let the bar hang just below your knees, then pull it up to your lower ribs. ; 5. Squeeze your shoulder blades together at the top and keep the torso still. ; 6. Lower the bar along the rails to straight arms and repeat.","Standing up as you row, which shortens the range and moves the lift to the hips.; Letting the lower back round under load, which concentrates stress on the lumbar spine.; Bouncing the bar at the bottom, which replaces back tension with momentum.; Pulling high to the chest with flared elbows, which drops the lats out of the movement.","Bent-over row on a Smith machine, where the fixed bar path holds the line while you row to the torso.","The Smith machine bent-over row keeps the barbell on rails, so the bar path is decided for you and the work goes into pulling rather than balancing. You hold a hip hinge with a flat back and row the bar to the lower ribs, which loads the upper back and lats with the biceps and rear deltoids assisting. The hinge itself is not free: the lumbar erectors and abs hold the trunk against the load, and free bent-over rowing was measured as the highest lumbar spine load among common rowing variations, so back position stays the limiting factor even on a machine.

As an asset this clip fills the machine row slot in a library. It reads well in gym-floor app content where a Smith machine is available, in pull-day templates, and in technique explainers about holding a hinge under load.",posters/smith-machine-bent-over-row.webp,smith-machine-bent-over-row.mp4
smith-machine-calf-raise,,Smith Machine Calf Raise,Calves,,Machine,Isolation,beginner,8,calf raise; smith machine; calves; machine; plantar flexion; lower body,"Loads the calves heavily without any balance demand from the bar.; Substitutes for a standing calf machine in gyms that do not have one.; Keeps the knee straight, which is the position associated with the most gastrocnemius growth.",Loaded calf option in Smith machine and machine only tracks.; Heavy phase for a calf program that has outgrown bodyweight raises.; Substitution logic for gyms with no standing calf machine.; Machine collection merchandising for lower body bundles.,"1. Set the Smith bar just below shoulder height and place a block under it. ; 2. Step under the bar so it rests across your upper back, not on your neck. ; 3. Put the balls of your feet on the block with your heels hanging free. ; 4. Unrack the bar and straighten your knees, keeping them straight for the set. ; 5. Let your heels drop until you feel a full calf stretch. ; 6. Press up onto the balls of your feet, pause, and lower under control.","Bending the knees to help the press, which turns it into a partial quarter squat.; Resting the bar on the neck instead of the upper back, which is uncomfortable and unstable.; Cutting the bottom range short, so the calf never reaches a loaded stretch.; Rushing the reps and bouncing the heels, which shifts work onto the tendon.",A loaded standing calf raise performed under a Smith machine bar with the heels free to drop.,"The Smith machine calf raise puts a fixed-path bar across your upper back so you can load plantar flexion heavily without balancing a free barbell. Standing on a block with the balls of the feet at the edge, you let the heels drop to a full stretch and press up as high as the ankles allow, keeping the knees straight throughout. Because the knee stays extended, the gastrocnemius is held at long length across the knee joint and takes the larger share of the work, with the soleus contributing at every angle. MoveKit records both heads under one Calves group, so knee angle separates this clip from a seated raise.

For a library this is the substitute asset for gyms with no standing calf machine, and it belongs in machine collections and calf specialization blocks.",posters/smith-machine-calf-raise.webp,smith-machine-calf-raise.mp4
smith-machine-close-grip-bench-press,,Smith Machine Close Grip Bench Press,Triceps,Chest,Machine,Push,beginner,9.6,smith machine bench press; triceps; close grip bench; smith machine; push day; horizontal press,Builds triceps mass with the safety of a guided bar path.; Allows lifters to push to failure without a spotter present.; Reinforces a strong elbows-tucked pressing pattern that transfers to free-weight benching.,Push-day programming in solo-lifter fitness apps; Triceps-focused arm-day content for coaching platforms; Hypertrophy push blocks in bodybuilding tracks; Beginner press education with reduced balance demand,"1. Set the bench on the Smith machine so the bar lines up directly over your lower chest when you lie down. ; 2. Lie on the bench, plant your feet flat on the floor, and grip the bar with hands shoulder-width apart. ; 3. Pull your shoulder blades back and down into the bench to create a stable pressing platform. ; 4. Unrack the bar by rotating the wrists, then lower it slowly to your lower chest with elbows tucked close. ; 5. Pause briefly at the bottom with the bar touching the chest and the elbows still tight to the sides. ; 6. Press the bar back up to full lockout by driving through the triceps and chest in one smooth motion.","Setting the grip too narrow so the wrists collapse inward under load, which strains the joint.; Letting the elbows flare wide, which removes the triceps bias and stresses the front shoulders.; Bouncing the bar off the chest to use momentum instead of a controlled touch and press.; Forgetting to rotate the wrists to rack the bar at the end of the set, dropping it onto the safeties.",A close-grip bench press on the Smith machine that bias-loads the triceps — the guided take on the classic triceps mass-builder.,"The Smith machine close-grip bench press takes one of the best triceps mass-builders and locks it onto a guided bar path. The narrower grip biases the triceps over the chest, while the Smith bar path removes balance demand and lets the lifter chase failure safely without a spotter.

For app and content use, this clip is a strong accessory for push-day programming, arm-day content, and strength tracks aimed at lifters training alone. It pairs naturally with regular bench press and skullcrusher content as part of a complete triceps inventory in any strength training app.

",posters/smith-machine-close-grip-bench-press.webp,smith-machine-close-grip-bench-press.mp4
smith-machine-front-squat,,Smith Machine Front Squat,Quadriceps,Glutes; Hamstrings; Core; Calves,Machine,Squat,beginner,9.87,front squat; smith machine; quadriceps; machine; squat; lower body,"Emphasizes the quadriceps through an upright torso position.; Produces lower knee compressive force than an equivalent back squat.; Removes most of the balance demand, which shortens the learning curve.",Machine-only or beginner tracks in a gym training app.; Quadriceps emphasis blocks in a hypertrophy program.; Knee friendly squat substitutions in a rehab progression.; Machine collection pack merchandising alongside Smith machine variants.,"1. Set the Smith bar at shoulder height and step under it so it rests across your front deltoids. ; 2. Place your hands on top of the bar or use a front rack grip with two or three fingers. ; 3. Set your feet slightly ahead of the bar, about shoulder width, with the toes turned out a little. ; 4. Rotate your wrists to unrack the bar and brace your trunk. ; 5. Bend the knees and push the hips back together until your thighs reach parallel. ; 6. Drive the elbows up and press through the whole foot to return to standing.","Letting the elbows drop, which rolls the bar forward off the shoulders.; Placing the feet directly under the bar, which forces the torso to lean into the fixed path.; Rising hips first, which turns an anterior-loaded squat into a stiff-legged shove.; Letting the knees collapse inward instead of tracking over the second toe.","A front-racked squat run on Smith machine rails, holding the torso upright so the quadriceps take the work.","The Smith machine front squat holds the bar across the front of the shoulders, so the torso has to stay upright and the knees travel further forward than in a back squat. That shifts emphasis onto the quadriceps, with the glutes, hamstrings, trunk, and calves supporting the position. Biomechanical work comparing front and back squats found the front-loaded version produced lower knee compressive forces and lower knee extensor moments while recruiting the same musculature, which is part of why it is prescribed for lifters managing knee complaints. The fixed bar path removes some of the stabilizing demand.

In a catalog this clip covers the machine-based squat slot for gym programs, and it gives a program builder an anterior-loaded squat option that does not need free weight coaching.",posters/smith-machine-front-squat.webp,smith-machine-front-squat.mp4
smith-machine-incline-bench-press,,Smith Machine Incline Bench Press,Chest,Shoulders; Triceps,Machine,Push,beginner,9.33,smith machine incline bench; upper chest; chest exercise; smith machine; push day; incline press,Builds the upper chest with a fixed bar path that's easy to load progressively.; Allows safe failure-training for lifters working out alone.; Reinforces a strong upper-body pressing pattern with reduced balance demand.,Push-day programming in fitness apps; Upper-chest hypertrophy blocks in coaching platforms; Solo-lifter strength tracks for home-gym audiences; Beginner incline press education in onboarding modules,"1. Set the incline bench under the Smith bar at about 30 to 45 degrees, with the bar over your upper chest. ; 2. Lie back on the bench, plant your feet flat on the floor, and grip the bar slightly wider than shoulders. ; 3. Pull your shoulder blades back and down into the bench to set a stable pressing position. ; 4. Unrack the bar by rotating the wrists, then lower it slowly to your upper chest with elbows at about 60 degrees. ; 5. Pause briefly at the bottom with the bar touching the chest and tension held through the upper body. ; 6. Drive the bar back up to full lockout by pressing through the upper chest and triceps.","Setting the incline too high, which turns the lift into an overhead press and removes the chest focus.; Letting the elbows flare to 90 degrees, which strains the front shoulders and reduces chest engagement.; Lifting the hips off the bench to use leverage, which destabilizes the lift.; Bouncing the bar off the chest to use momentum instead of a controlled press.",An incline bench press on the Smith machine that bias-loads the upper chest — the guided take on the classic incline press.,"The Smith machine incline bench press takes the upper-chest staple and locks it onto a fixed bar path. The incline angle shifts the load toward the upper chest and front shoulders, while the Smith machine removes the balance demand of a free barbell. The result is a lift that lets the chest work harder without dialing in barbell technique.

For app and content use, this clip suits push-day programming, upper-chest hypertrophy blocks, and strength tracks aimed at solo lifters who want to push close to failure without a spotter. It complements flat bench and dumbbell incline content for complete chest development.

",posters/smith-machine-incline-bench-press.webp,smith-machine-incline-bench-press.mp4
smith-machine-seated-overhead-press,,Smith Machine Seated Overhead Press,Shoulders,Triceps; Core,Machine,Push,beginner,9.33,smith machine shoulder press; smith machine; machine; shoulders; overhead press; seated,"The fixed bar path lowers the balance demand, so a beginner can press without a spotter.; Seated with back support, leg drive and trunk sway are taken out of the lift.; Easy to load in small increments, which makes progression simple to program.",Smith machine entry in a commercial gym equipment filter.; Beginner shoulder press progression before barbell work.; Hypertrophy blocks where controlled overload matters more than stability.; Substitution option when no rack or spotter is available.,"1. Set an adjustable bench upright inside the Smith machine and center it under the bar. ; 2. Adjust the bar to about eye level when you are seated, and load it. ; 3. Sit with your back flat on the pad and grip the bar just outside shoulder width with an overhand grip. ; 4. Unrack the bar by rotating the hooks free, then brace your abs. ; 5. Press the bar overhead until your elbows are almost straight. ; 6. Lower it under control until your elbows are bent to about ninety degrees, then repeat.","Sitting too far forward or back, which forces the shoulders along a path that is not their own.; Bouncing the bar out of the bottom, which skips the hardest part of the press.; Arching away from the bench to move a heavier load, which shifts work to the chest and spine.; Assuming the fixed-path load carries straight over to free-weight pressing, which it only partly does.","A seated overhead press inside a Smith machine, driven from eye level to lockout with the back on a bench.","Set an upright bench inside a Smith machine, put the bar at about eye level, and you have an overhead press on rails. You sit with your back flat on the pad, grip the bar just outside shoulder width, unrack it and press to lockout before lowering to about ninety degrees at the elbow. The fixed trajectory cuts the stabilization demand, which lets you load the press without a spotter and keeps it a beginner-level lift. The seated setup carries straight over from dumbbell pressing: back on the bench, feet on the floor, shoulder blades down and back.

For a catalog this is the machine tier of the overhead press, the one to serve to beginners and to anyone training without a spotter. It fits machine equipment filters, commercial-gym templates and progression content.",posters/smith-machine-seated-overhead-press.webp,smith-machine-seated-overhead-press.mp4
smith-machine-squat,,Smith Machine Squat,Quadriceps,Glutes; Hamstrings; Core; Calves,Machine,Squat,beginner,8.4,smith machine; squat; quadriceps; machine; lower body; legs,"Loads a squat pattern heavily with a much lower balance requirement.; Lets a lifter train to failure safely using the rotating safety catches.; Gives a clear, teachable squat pattern for beginners and machine-only programs.",Beginner and machine-only tracks in a gym training app.; Quadriceps volume blocks in a hypertrophy plan.; Squat substitutions for lifters training alone without a spotter.; Merchandising the machine collection with a guided-bar squat.,1. Set the Smith bar just below shoulder height with the safety stops above knee level. ; 2. Step under the bar so it rests at the base of your traps and grip the bar evenly. ; 3. Place your feet slightly ahead of the bar at about shoulder width. ; 4. Rotate your wrists to unrack the bar and brace your trunk. ; 5. Push your hips back and bend your knees together until your thighs reach parallel. ; 6. Drive through the whole foot and extend your hips and knees to return to standing.,"Setting the bar low on the back, which fights the vertical rail and strains the shoulders.; Placing the feet directly under the bar, which forces the knees forward and the torso down.; Letting the knees track inside the second toe as you drive out of the bottom.; Leaning on the fixed bar path and losing trunk bracing, which rounds the lower back.","A back-racked squat on a Smith machine, where the guided bar path removes most of the stabilizing work.","The Smith machine squat runs the bar on a fixed vertical rail, so the lifter can concentrate on the descent and drive rather than on balancing a loaded bar. The bar sits at the base of the traps, the feet are set slightly ahead of it, and the hips and knees bend together until the thighs reach parallel. Quadriceps take the primary load with glutes, hamstrings, trunk, and calves supporting. A low bar position does not work well here because the rail is vertical while a low bar squat needs the bar to travel back over the midfoot.

In a catalog this clip is the machine squat that a gym-based program builder needs: it fills the beginner and machine-only tracks, gives equipment filters a squat option that is not a free barbell, and pairs naturally with the Smith front squat and Smith calf raise assets.",posters/smith-machine-squat.webp,smith-machine-squat.mp4
smith-machine-standing-shrugs,,Smith Machine Standing Shrugs,Trapezius,,Machine,Isolation,beginner,8.27,smith machine shrugs; traps; shoulder exercise; smith machine; isolation; upper body,"Builds upper-trap mass with heavy, easily progressed loading.; Removes grip and balance as limiters thanks to the guided bar path.; Allows safe failure work without needing a spotter.",Trap-focused accessory work in strength training apps; Back-and-trap day programming in classic-bodybuilding tracks; Heavy-load shrug education in coaching platforms; Solo-lifter strength content for home-gym audiences,"1. Set the Smith bar to about mid-thigh height and stand facing the bar with feet shoulder-width apart. ; 2. Grip the bar slightly wider than shoulder width with palms facing the body. ; 3. Unrack the bar by rotating the wrists and stand tall with arms hanging fully extended. ; 4. Brace your core and shrug your shoulders straight up toward your ears as high as you can. ; 5. Pause briefly at the top, squeezing the upper traps for a full beat without rolling the shoulders. ; 6. Lower the bar slowly over 2 to 3 seconds back to the start position before the next rep.","Rolling the shoulders forward or backward at the top, which strains the joint without adding trap work.; Bending the arms during the lift, which turns the shrug into a partial upright row.; Bouncing the bar at the bottom and using momentum instead of a controlled trap contraction.; Cutting the range short and never reaching a full shoulder elevation at the top of the rep.",A standing barbell shrug on the Smith machine that isolates the upper traps — the guided way to load shrugs heavy and safe.,"Smith machine standing shrugs take the classic barbell shrug and put it on a guided bar path. Standing in front of the bar with a shoulder-width grip, the lifter lifts the shoulders straight up to load the upper traps. The Smith bar path removes the need to balance the bar and lets the lifter chase serious overload without grip or stability becoming the limiter.

For app and content use, this clip is a clean fit for trap-focused accessory work, classic-bodybuilding back-and-trap days, and strength tracks for lifters who want to load shrugs heavy without grip strength holding them back. Pair it with deadlift and row content for complete rear-chain coverage.

",posters/smith-machine-standing-shrugs.webp,smith-machine-standing-shrugs.mp4
smith-machine-sumo-romanian-deadlift,,Smith Machine Sumo Romanian Deadlift,Glutes,Hamstrings,Machine,Hinge,intermediate,9.07,smith machine sumo rdl; romanian deadlift; glutes; hamstrings; smith machine; hinge,Bias-loads the glutes and inner hamstrings with a wide sumo stance.; Allows safe heavy hinging on a guided bar path.; Reinforces strong hip-hinge mechanics for lifters newer to the deadlift family.,Glute-focused hypertrophy programming in fitness apps; Hinge pattern education in coaching platforms; Lower-body strength tracks for solo lifters; Rear-chain accessory inventory for bodybuilding programs,"1. Set the Smith bar to about mid-shin height and stand with feet wider than shoulders, toes turned out. ; 2. Grip the bar with hands inside your knees and palms facing the body, then unrack by rotating the wrists. ; 3. Stand tall with the bar against your thighs, brace your core, and pull your shoulder blades down. ; 4. Hinge at the hips by pushing them back, letting the bar travel down the front of the legs. ; 5. Stop when you feel a deep stretch in the glutes and hamstrings, with the bar at about mid-shin height. ; 6. Drive the hips forward to stand back up to full lockout, squeezing the glutes hard at the top.","Rounding the lower back as the bar lowers, which puts serious risk on the spine.; Squatting the bar down instead of hinging back, which removes the glute-and-hamstring stretch.; Letting the bar drift away from the body, which loads the lower back instead of the rear chain.; Letting the knees cave inward, which strains the joint and loses the wide-stance bias.",A wide-stance Romanian deadlift on the Smith machine that bias-loads the glutes and inner hamstrings — guided hip-hinge work.,"The Smith machine sumo Romanian deadlift combines a wide sumo stance with the hip-hinge mechanics of an RDL on a guided bar path. The wide stance turns the toes out and bias-loads the glutes and inner hamstrings, while the Smith bar removes the balance demand of a free barbell and locks the bar into a vertical line.

For app and content use, this clip is a strong fit for glute-focused hypertrophy programs, lower-body hinge education, and strength tracks aimed at lifters who want a glute-heavy alternative to the conventional deadlift. It pairs naturally with hip thrust and bilateral RDL content in any complete rear-chain library.

",posters/smith-machine-sumo-romanian-deadlift.webp,smith-machine-sumo-romanian-deadlift.mp4
snatch-grip-deadlift,,Snatch-Grip Deadlift,Hamstrings; Glutes; Back,Trapezius; Core; Forearms; Quadriceps,Barbell,Hinge; Pull,advanced,6.93,snatch grip deadlift; deadlift; hamstrings; barbell; hip hinge; upper back,"Loads the upper back and traps far more than a conventional deadlift.; Lengthens the pulling range, so the hamstrings work from a deeper start position.; Builds grip strength directly, since the wide hands make holding the bar harder.",Advanced barbell strength tracks in a training app.; Olympic lifting preparation and pulling technique content.; Posterior chain and upper back blocks in a hypertrophy plan.; Barbell collection pack merchandising alongside deadlift variants.,"1. Set the bar over your midfoot and take a hip width stance. ; 2. Push your hips back and hinge until your torso is close to parallel with the floor. ; 3. Take a double overhand grip wide enough that your arms hang almost vertical from the shoulders. ; 4. Pull the slack out of the bar and let your hips settle so the armpits sit over the bar. ; 5. Drive through the whole foot and extend the knees and hips, keeping the bar against your legs. ; 6. Stand tall at lockout, then reverse the hinge to return the bar to the floor.","Squatting the weight up instead of hinging, which puts the shoulders behind the bar.; Retracting the shoulder blades hard, which shortens the arms and adds range for no benefit.; Taking a grip so wide that the shoulders cannot hold position under load.; Letting the bar drift forward off the legs, which turns the lift into a lower back pull.","A deadlift pulled from a very wide snatch grip, which lowers the start position and loads the upper back hard.","The snatch-grip deadlift keeps the mechanics of a conventional pull but widens the grip until the hands sit near the collars. That drops the shoulders and hips lower at the start, lengthens the range of motion, and puts a much longer moment arm on the upper back, so the trapezius and the rest of the upper back work far harder to hold position. Hamstrings and glutes still drive hip extension, the lats keep the bar close, and the grip is usually the first thing to fail. The wide grip also makes bar path discipline unforgiving, which is why it is classed as an advanced lift.

For a library this clip covers the strength and Olympic-adjacent end of a hinge collection, supporting barbell program tracks, pulling technique content, and posterior chain blocks that already contain the conventional deadlift.",posters/snatch-grip-deadlift.webp,snatch-grip-deadlift.mp4
snatch-grip-high-pull,,Snatch-Grip High Pull,Trapezius; Shoulders,Glutes; Hamstrings; Quadriceps; Back,Barbell,Pull; Hinge,intermediate,9.87,snatch grip high pull; olympic lifting; barbell; traps; pull; explosive,Trains the transition from leg and hip extension into the arm pull.; Builds trap and upper back strength with heavy pulling loads.; Reinforces a close bar path without needing to catch the lift.,Pull accessory slot in a weightlifting program builder.; Teaching sequence for the third pull of the snatch.; Barbell club and CrossFit exercise library entry.; Coaching content on bar path and finishing elbow height.,"1. Take a wide snatch grip on the bar and set your feet at shoulder width with the toes turned out slightly. ; 2. Stand tall, brace your trunk and pull your shoulders back so the lats hold the bar close. ; 3. Dip into the power position by pushing the hips back and letting the bar slide down the thighs. ; 4. Drive through the whole foot and extend the knees and hips explosively. ; 5. Shrug the traps hard, then keep pulling so the elbows rise high and outside the bar. ; 6. Let the bar settle back down the thighs under control and reset for the next rep.","Using a clean-width grip, which changes the bar path and the muscle emphasis the lift is named for.; Bending the elbows before full extension, which cuts the hip drive and lowers the pull height.; Letting the bar swing away from the body, which turns the pull into an upright row.; Loading past the point where the elbows can finish high, which defeats the purpose of the variant.",Wide-grip barbell pull that finishes with an aggressive shrug and the elbows driven high and outside.,"The snatch-grip high pull is a snatch pull with a continued arm pull on the end. You set a wide snatch grip, extend the hips and knees explosively from the power position, shrug hard, then keep pulling so the elbows travel high and outside while the bar stays against the body. It exists to train the timing between the lower-body extension and the arm pull, and it is loaded at roughly seventy to ninety percent of the best snatch so elbow height is not compromised. The traps take the target load, with the glutes, hamstrings, quadriceps, shoulders and upper back supporting.

Shipped as an asset, this covers a request that keeps coming up from weightlifting and CrossFit program builders: a pull variant that shows the third-pull arm action rather than stopping at extension.",posters/snatch-grip-high-pull.webp,snatch-grip-high-pull.mp4
snatch-pull,,Snatch Pull,Trapezius; Glutes; Hamstrings,Quadriceps; Back; Core; Forearms,Barbell,Hinge; Pull,intermediate,6.13,snatch pull; olympic lifting; barbell; posterior chain; traps; explosive,"Overloads the extension of the snatch with weights above the full lift.; Reinforces a close, vertical bar path under heavy load.; Builds posterior chain and trap strength without a technical catch.",Heavy pull accessory in a weightlifting program builder; Strength block for athletes who cannot yet snatch full range; Exercise-library entry for a barbell-club or CrossFit app; Coaching content on bar path and extension mechanics,"1. Set a snatch-width grip with your heels about hip width and the bar over the balls of your feet. ; 2. Push your knees out inside your arms, put your shoulders over the bar and brace your trunk. ; 3. Push through the whole foot and hold your back angle until the bar passes the knees. ; 4. At mid-thigh open the hips violently and drive the legs vertically into the bar. ; 5. Finish with a hard shrug and a slight elbow bend, keeping the bar against the body. ; 6. Lower the bar back down the same path under control and reset your position.","Pulling with the arms too early, which shortens the extension and pulls the bar away from the legs.; Letting the bar drift forward off the thighs, which throws the balance onto the toes.; Cutting the hip extension short, which trains the wrong finish position for the snatch.; Hyperextending the back at the top instead of finishing tall, which loads the lumbar spine.",Wide-grip barbell pull trained heavy to build the extension and bar path of the snatch without a catch.,"The snatch pull is a primary strength exercise for the snatch. With a snatch-width grip you push through the whole foot, hold the back angle until the bar clears the knees, then open the hips violently at mid-thigh and finish with a shrug and a slight elbow bend that keeps the bar tight to the body. Because there is no catch, it is normally loaded at eighty to one hundred and ten percent of the best snatch, and the legs, glutes, spinal erectors and traps do the work.

For a catalog this is the pulling asset weightlifting and strength apps ask for by name. It also pairs with the hang snatch and snatch-grip high pull clips so a library can show the whole family with one consistent mannequin and one consistent camera.",posters/snatch-pull.webp,snatch-pull.mp4
spider-curl,,Spider Curl,Biceps,Forearms,Dumbbell,Isolation,beginner,4.8,spider curl; biceps; dumbbell; incline bench; arms; isolation,"Chest support removes body English, so the biceps do the work.; Keeps tension on the biceps at the bottom of the range.; Makes uneven left and right effort obvious because nothing can compensate.",Arm accessory blocks in a hypertrophy program builder.; Dumbbell and bench equipment filters in an exercise library.; Stretched-position curl slots in advanced arm templates.; Technique content on how bench support changes a curl.,"1. Set an incline bench to roughly fifty degrees and stand behind the high end. ; 2. Lie chest-down on the pad so your torso is supported from sternum to hips. ; 3. Plant your feet on the floor behind the bench for a stable base. ; 4. Let your arms hang straight down with a dumbbell in each hand, palms forward. ; 5. Curl both dumbbells up while keeping your upper arms vertical and still. ; 6. Lower under control until the elbows are straight, then repeat.","Letting the chest lift off the pad, which brings back the swing the bench removes.; Resting the weights at the bottom, which drops the tension the position is built for.; Swinging the upper arms forward, which turns the curl into a partial row.; Setting the bench too flat, so the arms cannot hang clear of the pad.","A chest-supported curl performed face down on an incline bench, with the arms hanging free below the shoulders.","The spider curl is a biceps curl done lying chest-down over an incline bench. Your torso rests on the pad from sternum to hips, your arms hang straight down in front of the bench and the dumbbells sit directly below your shoulders. With the body pinned to the pad there is nowhere to lean and nothing to swing, so the elbow flexors move the weight on their own. The hanging start also keeps tension on the biceps at the bottom, where a standing curl usually rests.

For a library this covers strict chest-supported curling and pairs naturally with standing and preacher variants. It fits arm accessory blocks, dumbbell and bench equipment filters, hypertrophy templates that call for a stretched-position curl, and content on how bench support changes what a curl trains.",posters/spider-curl.webp,spider-curl.mp4
split-jerk,,Split Jerk,Quadriceps; Shoulders,Triceps; Glutes; Trapezius; Core,Barbell,Push,intermediate,5.87,split jerk; olympic lifting; barbell; overhead; power; quadriceps,Develops full body power through fast triple extension against a heavy bar.; Trains overhead stability in a split stance under real load.; Lets an athlete put more weight overhead than a strict press allows.,"Olympic weightlifting and CrossFit style programming in a training app.; Power development blocks in an athletic performance plan.; Technique breakdown content for the dip, drive, and catch.; Barbell collection pack merchandising.","1. Rack the bar across the front of your shoulders with a pronated grip just outside shoulder width. ; 2. Stand tall with your feet hip to shoulder width and your elbows under or slightly ahead of the bar. ; 3. Dip by bending the hips and knees no deeper than a quarter squat, keeping the torso vertical. ; 4. Reverse instantly and extend the hips, knees, and ankles to drive the bar off your shoulders. ; 5. Split one foot forward and one back as you punch under the bar and lock the elbows out. ; 6. Recover by stepping the front foot back, then the rear foot forward, and stabilize the bar overhead.","Dipping too deep, which turns the jerk into a slow press and kills the bar speed.; Pushing the hips backward in the dip, so the bar rolls forward off the shoulders.; Pressing the bar out with the arms instead of receiving it with locked elbows.; Catching with the head behind the bar, which leaves the load in front of the shoulders.",An explosive overhead lift where a shallow dip and leg drive send the bar up and the feet split to catch it.,"The split jerk starts with the bar racked on the front of the shoulders and the torso upright. You dip no deeper than a quarter squat with the hips staying under the shoulders, then reverse fast, extending hips, knees, and ankles to drive the bar upward. As the bar leaves the shoulders you drop under it, splitting one foot forward and one back, and catch it with the elbows locked and the head through. Recovery is front foot back, then rear foot forward. Quadriceps and shoulders lead, with triceps, glutes, traps, and trunk holding the overhead position.

For a catalog this clip covers Olympic weightlifting and power development, a section most exercise libraries handle badly. It suits weightlifting and CrossFit style programming, coaching cue content, and barbell collection pages.",posters/split-jerk.webp,split-jerk.mp4
split-squat-isometric-hold,,Split Squat Isometric Hold,Quadriceps,Glutes; Hamstrings; Core; Calves,Bodyweight,Lunge,beginner,6.67,split squat; isometric hold; quadriceps; bodyweight; lunge; single leg,Builds strength at a specific joint angle with no equipment and no movement.; Suits people who cannot yet load a full split squat through range.; Improves single leg control and trunk stability under sustained tension.,Isometric and tempo blocks in a bodyweight training app.; Rehab and prehab progressions before loaded split squats.; Warm up flows that prime single leg control.; Bodyweight pack merchandising alongside lunges and split squats.,"1. Step one foot forward into a split stance with your hands at your sides. ; 2. Keep your gaze forward and your trunk braced with a slight forward lean. ; 3. Lower under control until your rear knee lightly touches the floor. ; 4. Drive through the front foot so the rear knee lifts one to two inches off the ground. ; 5. Hold that position for the prescribed time without letting the front knee drift inward. ; 6. Lower the rear knee back to the floor, stand up, and repeat on the other side.","Shifting weight onto the rear foot, which takes load off the front quadriceps.; Letting the front knee collapse inward during a long hold.; Standing too upright and locking the trunk, which usually ends the hold early.; Holding the breath instead of breathing through the position, which shortens the set.","A static split stance hold near the bottom of a lunge, with the rear knee hovering just off the floor.","The split squat isometric hold builds tension without movement. You take a split stance, lower until the rear knee touches the floor, then drive through the front foot just enough to lift that knee an inch or two and hold the position. Muscle tension is produced with no change in muscle length, which is what makes the action isometric, and it develops joint control and postural stability at the exact angle being held. The front quadriceps carries most of the load, with glutes, hamstrings, trunk, and calves stabilizing. A narrow stance and pressure through the ball of the foot favors the quadriceps; a wider stance and heel pressure brings the glutes in.

In a catalog this clip is the isometric entry in a lower body library, useful for warm ups, tempo work, and rehab progressions.",posters/split-squat-isometric-hold.webp,split-squat-isometric-hold.mp4
stability-ball-leg-curl,,Stability Ball Leg Curl,Hamstrings,Glutes; Calves; Core,Stability Ball,Isolation,intermediate,8.53,stability ball leg curl; hamstrings; stability ball; bridge; bodyweight; posterior chain,Trains knee flexion and hip extension inside the same repetition.; The unstable ball adds a pelvic control demand a machine curl cannot.; Scales easily by narrowing the feet or lifting one leg off the ball.,Home and hotel program blocks in a training app.; Posterior chain accessory work in general fitness templates.; Stability and pelvic control content for coaches.; Bodyweight filters that need a non-hinge hamstring option.,"1. Lie on your back with your lower legs and heels resting on a stability ball. ; 2. Place your arms out to your sides, palms down, and brace your midsection. ; 3. Press your hips up until your body forms a line from shoulders to heels. ; 4. Bend your knees and pull the ball toward your hips, keeping the hips high. ; 5. Pause when your heels are near your glutes and your shins are close to vertical. ; 6. Roll the ball back out under control without letting the hips drop, then repeat.","Letting the hips sag as the ball rolls in, which hands the work to the hip flexors.; Rushing the return, which is where the hamstrings take most of their eccentric load.; Pushing through the toes instead of the heels, which turns the ball into calf work.; Letting the ball wander side to side, so balance rather than the hamstrings ends the set.","A supine bridge with the heels on a stability ball, curling the ball toward the hips while the pelvis stays lifted.","The stability ball leg curl combines a bridge with knee flexion. You lie on your back with your lower legs and heels on the ball, press your hips up until the body forms a line from shoulders to heels, then pull the ball toward your hips by bending your knees, letting the hips rise further as the heels arrive. The hamstrings work at both ends, flexing the knee while helping the glutes hold the hips extended, and the ball adds a balance demand a floor version does not have.

For a catalog this is the equipment-light hamstring option that needs no machine. It suits home and hotel program blocks, posterior chain accessory work, stability and pelvic control content, and any bodyweight filter that needs a hamstring entry beyond the hinge.",posters/stability-ball-leg-curl.webp,stability-ball-leg-curl.mp4
stair-climber,,Stair Climber,Glutes; Quadriceps,Calves; Hamstrings; Core,Machine,Cardio,intermediate,6.4,stair climber; stepmill; cardio machine; glutes; low impact; conditioning,"Loads hip and knee extensors repeatedly against bodyweight without any landing impact.; Produces energy expenditure at the top of the range measured across common indoor cardio machines.; Scales purely by step rate, so intensity can be adjusted without changing technique.",Machine-collection listings and equipment filters in a cardio library.; Glute-focused conditioning blocks that need a non-impact option.; Steady-state cardio slots in body-composition programs.; Comparison content on energy cost across indoor cardio machines.,"1. Step onto the machine while the steps are stationary and select a low starting speed. ; 2. Stand tall with your chest up and your gaze forward rather than down at the steps. ; 3. Rest your hands lightly on the rails for balance instead of leaning your weight into them. ; 4. Step onto the middle of each step and drive through the whole foot, not just the toes. ; 5. Let the trailing leg extend fully at the hip before you lift it into the next step. ; 6. Hold that rhythm for the planned duration, then lower the speed and step off while it is slow.","Hanging on the handrails, which unloads the legs and makes the displayed workload meaningless.; Taking short toe-only steps, which cuts out the hip extension that makes the machine effective.; Hunching forward over the console, which shortens the stride and loads the lower back.; Starting at a fast step rate, which becomes unsustainable quickly given how demanding the stepmill is.","Continuous stepping on a revolving staircase, driving through each step with the hip and knee extensors.","A stair climber turns walking upstairs into a flight that never ends. Each step is hip extension plus knee extension against bodyweight, with plantar flexion completing the push. Laboratory work on stair ascent recorded gluteus maximus and medius, the vasti, rectus femoris, the hamstrings and the plantar flexors, and found peak activation rising in the hamstrings and plantar flexors as step speed increases.

Effort is deceptive here. In a controlled comparison of ten indoor cardio machines at matched perceived exertion, the stepmill and the treadmill burned significantly more energy than every other modality on test.

As an asset this clip covers the vertical-work slot most catalogs miss. It suits glute-focused cardio programming, machine-collection listings and low-impact conditioning blocks.",posters/stair-climber.webp,stair-climber.mp4
standing-cable-hip-abduction,,Standing Cable Hip Abduction,Glutes,Core,Cable Machine,Hip Abduction,beginner,6.13,hip abduction; cable machine; glutes; gluteus medius; isolation; hip stability,Loads the gluteus medius and minimus directly with constant cable tension.; Trains the stance hip isometrically at the same time as the moving hip.; Improves lateral hip stability that carries into running and cutting.,Hip stability circuits that load the stance leg as well as the moving leg.; Injury prevention plans for field sport athletes who cut and pivot.; Cable stack tracks in an equipment filtered program builder.; Cable machine pack merchandising for glute focused bundles.,"1. Attach an ankle strap to the low pulley of a cable machine. ; 2. Fasten the strap around the ankle of the leg furthest from the machine. ; 3. Stand side on with the cable across the front of your standing leg and hold the frame for balance. ; 4. Brace your trunk and keep both hips level and facing forward. ; 5. Lift the cuffed leg out to the side with the knee straight, leading with the heel. ; 6. Return under control without letting the weight stack touch down, then repeat and switch sides.","Swinging the leg with the trunk, which replaces abductor work with momentum.; Forcing the leg higher than the hip allows, which tilts the pelvis and shortens the working range.; Letting the working leg drift forward, which turns abduction into hip flexion.; Hanging off the machine frame so the standing hip stops stabilizing.",A standing cable isolation that lifts one leg out to the side against a low pulley to load the hip abductors.,"The standing cable hip abduction cuffs the ankle of the leg furthest from the machine and draws it out to the side against a low pulley. The gluteus medius and minimus produce the abduction while the stance leg works just as hard isometrically to keep the pelvis level. EMG work on hip abduction in a one leg stance shows abductor activity on the support side rises sharply as load increases, so both hips are training even though only one leg moves. Leading with the heel and keeping the movement slow stops the trunk from swinging the leg out.

For a library this clip is the cable machine entry in a glute collection. It supports hip stability blocks, running and cutting injury prevention content, and equipment filtered plans that need a cable option beyond band work.",posters/standing-cable-hip-abduction.webp,standing-cable-hip-abduction.mp4
standing-calf-raise-machine,,Standing Calf Raise (Machine),Calves,,Machine,Isolation,beginner,4.67,calf raise; standing calf machine; calves; machine; plantar flexion; isolation,"Loads the calves heavily with no balance or grip limitation.; Keeps the knee extended, the position linked to the most gastrocnemius growth.; Offers a long, controlled ankle range because the heels hang clear of the platform.",Machine tracks and gym program builders in a training app.; Calf specialization blocks that need a straight knee loading option.; Standing calf machine entry on an equipment filtered library page.; Paired content contrasting standing and seated calf training.,"1. Adjust the shoulder pad so you can step under it with your knees slightly bent. ; 2. Set the forefoot on the platform edge with the toes pointing forward and the heels unsupported. ; 3. Straighten the hips and knees to take the shoulder pad off its rest. ; 4. Let the heels travel down under control until the calves reach a full stretch. ; 5. Press up through the balls of your feet until the ankles are fully extended. ; 6. Pause at the top, lower under control, and repeat for the prescribed reps.","Bouncing out of the stretch, which loads the Achilles tendon rather than the calf.; Bending and straightening the knees to help the press, which turns it into a quarter squat.; Working through the base of the toes instead of the ball of the foot.; Cutting the top of the range short, so the calf never reaches a full contraction.",A shoulder-loaded calf machine raise with the knees straight and the heels free to drop below the platform.,"The standing calf raise machine loads plantar flexion through a shoulder pad, so the calves work against a weight stack rather than against balance. You set the pad to your height, stand with the forefoot on the edge of the platform so the heels hang unsupported, straighten the hips and knees to take the load, and then move only at the ankle. With the knee extended the gastrocnemius sits at long length across the knee joint and does more of the work; training research found much larger gastrocnemius growth from the standing pattern while soleus growth was similar. MoveKit files both heads under one Calves group, so knee angle is what separates this clip from a seated raise.

In a catalog this is the primary machine calf asset for gym program tracks and calf specialization blocks.",posters/standing-calf-raise-machine.webp,standing-calf-raise-machine.mp4
steady-state-ride,,Steady State Ride,Quadriceps; Glutes,Hamstrings; Calves; Core,Bicycle,Cardio,beginner,9.87,steady state ride; indoor cycling; stationary bike; cardio; aerobic base; low impact,"Builds aerobic base below lactate threshold with no impact on the joints.; Loads the hip and knee extensors repeatedly at a controlled, repeatable output.; Easy to hold and easy to measure, so progression can be tracked by duration or resistance.",Default indoor cycling entry in a cardio library or machine filter.; Aerobic base and recovery rides inside an endurance training plan.; Low-impact cardio options for programs that avoid running.; Bike-fit and pedal-technique tutorials that need a neutral riding loop.,"1. Set the saddle so your knee keeps a slight bend at the bottom of the pedal stroke. ; 2. Sit with your sit bones on the widest part of the saddle and hold the bars with relaxed arms. ; 3. Add enough resistance that the flywheel feels loaded rather than spinning freely. ; 4. Drive through the top of the stroke with the hips and push the pedal down through the whole foot. ; 5. Pull through the bottom and lift on the upstroke so both legs contribute to a complete circle. ; 6. Hold that cadence and resistance for the planned duration, keeping the torso quiet in the saddle.","Mashing straight down on the pedals, which wastes the upstroke and makes the ride choppy.; Spinning fast with almost no resistance, which raises cadence without raising real workload.; Sitting too far forward on the saddle, which causes discomfort and shifts load off the glutes.; Riding a steady session too hard, which pushes it above threshold and stops it being a base ride.","Continuous seated pedalling at one sustainable resistance and cadence, held below the lactate threshold.","A steady state ride holds one output for the whole session. Each revolution starts with hip extension from gluteus maximus over the top of the stroke, then knee extension from vastus lateralis and vastus medialis through the downstroke, with the calves transferring force to the pedal and the hamstrings working antagonistically. The target is a complete pedal circle on every revolution rather than mashing down on the downstroke.

The intensity target is what makes it steady state. Steady state means continuous work below lactate threshold, built from about ten minutes toward thirty before harder work is added.

In a catalog this is the default indoor cycling asset. It anchors the bike entry in a machine collection, carries aerobic base and recovery blocks, and gives a stable reference clip.",posters/steady-state-ride.webp,steady-state-ride.mp4
straight-arm-lat-pulldown,,Straight-Arm Lat Pulldown,Back,Shoulders; Trapezius; Core,Cable Machine,Isolation,beginner,9.87,straight arm pulldown; cable pullover; lats; back; isolation; shoulder extension,"Isolates the lats without elbow flexion, so the biceps do not limit the set.; Keeps constant cable tension across a long shoulder extension arc.; Low load and low skill, so it fits early in a program or as a finisher.",Pre-exhaust or finisher slots in app-delivered back workouts.; Teaching content for lat engagement and scapular depression cues.; Cable-only program tracks for machine equipped facilities.; Isolation filtered library entries in an exercise browser.,1. Attach a straight bar or rope to a high pulley and stand a step back from the stack. ; 2. Take an overhand grip at shoulder width and hinge forward slightly at the hips. ; 3. Set a small bend in your elbows and hold that angle for the whole set. ; 4. Depress your shoulder blades and sweep the handle down toward your thighs. ; 5. Squeeze the lats at the bottom without folding the trunk forward. ; 6. Let the handle rise back overhead under control and repeat.,"Bending and straightening the elbows, which turns the lift into a triceps pressdown.; Arching the lower back as the handle rises, which leaks range and loads the spine.; Loading so heavy that the hips finish the rep, which takes the lats off tension.; Locking the shoulder blades in place, which blocks the scapular travel this exercise trains.",Standing cable pulldown with near straight arms that isolates shoulder extension and keeps the lats loaded.,"The straight-arm lat pulldown holds a small fixed bend in the elbow so the only joint action left is shoulder extension. Standing a step back from a high pulley with a slight forward hinge, you depress the shoulder blades and sweep the bar or rope down to your thighs, which keeps the lats under tension through a long arc without the biceps taking over. The abs brace to stop the lower back arching as the handle travels overhead, and the posterior deltoid, trapezius and rhomboids assist the scapular part of the motion.

In a library this is the lat isolation clip that complements the compound pulls. It works as a pre-exhaust or finisher in app programming, as a cue-heavy demo for teaching lat engagement, and as a cable-only option when a program has no bar.",posters/straight-arm-lat-pulldown.webp,straight-arm-lat-pulldown.mp4
supermans,,Supermans,Core,,Bodyweight,Core,beginner,7.73,supermans; lower back; core exercise; bodyweight; posture; home workout,Strengthens the lower back and rear chain with no equipment needed.; Counteracts the weak-back posture that builds up from prolonged sitting.; Provides a beginner-friendly entry point to spinal extension work.,Low-back-strengthening tracks in fitness apps; Rehab-adjacent content for return-to-training programs; Office-worker and posture-focused program content; Warm-up flows for hinge and deadlift sessions,"1. Lie face-down on a mat with your arms extended overhead and your legs straight behind you. ; 2. Brace your core and squeeze your glutes to set tension before lifting anything off the floor. ; 3. Lift your arms, chest, and legs off the floor at the same time, leading with the upper back. ; 4. Hold the top position for a full 1 to 2 seconds, squeezing the lower back and glutes tight. ; 5. Lower everything back to the floor slowly over 2 to 3 seconds, keeping the neck in line with the spine. ; 6. Repeat for 10 to 15 reps, prioritizing a smooth lift and squeeze over how high you go.","Cranking the head up to the ceiling, which strains the neck instead of working the back.; Using momentum to bounce the chest and legs up instead of lifting with control.; Holding the breath through the rep, which spikes blood pressure unnecessarily.; Trying to lift extremely high, which compresses the lower back instead of strengthening it.","A prone bodyweight extension that strengthens the lower back, glutes, and rear chain — the floor-friendly low-back exercise.","The superman is the simplest bodyweight exercise for the lower back. Lying face-down with arms extended overhead, the lifter lifts the arms, chest, and legs off the floor at the same time, holding briefly before lowering back down. The movement loads the lower back and rear chain through a small but high-tension extension.

For app and content use, this clip is foundational inventory for low-back-strengthening tracks, rehab-adjacent content, beginner core programs, and warm-up flows. It's also a smart inclusion in office-worker and posture-focused programming where the lower back tends to get weak from prolonged sitting.

",posters/supermans.webp,supermans.mp4
swim-kick-drill,,Swim Kick Drill,Quadriceps; Glutes,Hamstrings; Core; Calves,Bodyweight,Cardio,intermediate,5.04,swim kick drill; flutter kick; freestyle; swimming; cardio; technique drill,Isolates the legs so kick timing and amplitude can be corrected without the arms compensating.; Trains the body position that keeps the hips high and reduces drag during full stroke swimming.; Loads the hip extensors and flexors continuously with no impact through the joints.,"Drill modules inside a swim or triathlon training app.; Technique libraries that separate kick, pull and full stroke assets.; Coaching content on body position and drag in freestyle.; Warm-up and activation segments in pool session builders.","1. Push off into a streamlined position on your front with the body long and the head neutral. ; 2. Hold your hands extended ahead of you, or on a board, so the arms take no part in propulsion. ; 3. Point the toes and keep the ankles loose so the feet can whip through the water. ; 4. Start each down-kick from the hip, letting the knee bend follow and the ankle finish the movement. ; 5. Bring the leg back up with almost no knee bend, keeping the feet just under the surface. ; 6. Kick at a quick rate over a small range for the length of the drill, then reset and repeat.","Starting the kick from the knee, which turns it into a bicycle motion and kills the whip action.; Kicking too big, which creates far more drag than the extra propulsion is worth.; Bringing the feet above the surface, where they move air instead of water and produce nothing.; Kicking with rigid ankles, which stops the foot acting as a surface and wastes the down-kick.",An isolated freestyle flutter kick drill that builds propulsion and body position without using the arms.,"A kick drill strips freestyle back to the legs. The flutter kick is an alternating action with relatively straight legs that starts at the hip and travels outward: the hip moves first, then the knee, then the ankle, so the leg whips rather than pedals. The downbeat is driven by the quadriceps and hip flexors, the upbeat by the hamstrings and glutes.

Amplitude matters as much as effort. The kick works at a high rate over a small range, because a big kick creates more drag than propulsion. Front crawl EMG reviews confirm the legs play a supporting role, holding body position and reducing drag.

For a library this clip covers the drill layer swim programs need and general catalogs skip. It supports technique modules, triathlon plans, and apps showing a kick isolated from the full stroke.",posters/swim-kick-drill.webp,swim-kick-drill.mp4
swim-pull-drill,,Swim Pull Drill,Back; Chest,Shoulders; Triceps; Core,Bodyweight,Cardio; Pull,intermediate,5.04,swim pull drill; freestyle pull; catch; swimming; technique drill; cardio,"Isolates the catch and pull so hand path and elbow position can be corrected without leg compensation.; Loads the main propulsive muscles of freestyle, which contribute the majority of forward force.; Builds upper-body endurance in a non-impact environment with no external load.","Drill modules in swim and triathlon technique programs.; Stroke libraries that split kick, pull and full stroke into separate assets.; Shoulder-health content explaining high elbow catch versus a dropped elbow.; Upper-body endurance blocks for athletes training around lower-body injury.","1. Push off in a streamlined position with the legs quiet and the body long. ; 2. Enter one hand about shoulder-width apart, moving forward and slightly down, with the palm flat. ; 3. Set the catch by dropping the hand down and in while the elbow bends and points out to the side. ; 4. Press the hand and forearm straight backward as one surface, accelerating as the hand passes under you. ; 5. Finish the stroke just past the hip, thinking back and up rather than pulling straight through. ; 6. Recover the arm forward while the other side repeats the same sequence, keeping the legs still.","Entering the hand too wide or too narrow, which compromises every phase that follows.; Rushing the catch and overpowering it, so the arm never gets oriented backward for the pull.; Sculling side to side instead of pressing straight back, which moves water sideways rather than behind you.; Dropping the elbow below the hand, a position linked to painful shoulders in competitive swimmers.",An arms-only freestyle drill that isolates the catch and pull so the underwater stroke can be rebuilt.,"A pull drill removes the legs so the underwater arm stroke can be worked on its own. The hand enters about shoulder-width and slightly downward, then the catch drops the hand down and in while the elbow bends and points out to the side. From there the pull presses a large surface straight backward with increasing hand speed, and the hand exits just past the hip.

The muscles follow that sequence. Early pull-through is driven by pectoralis major, and late pull-through brings latissimus dorsi in to extend the shoulder. Pectoralis major, latissimus dorsi and teres major are the main force producers across this phase.

For a product this clip is the pull half of a swim technique set. It pairs with a kick drill and a full stroke asset, and gives shoulder content a reference for a high elbow catch.",posters/swim-pull-drill.webp,swim-pull-drill.mp4
swim-sprint-intervals,,Swim Sprint Intervals,Back; Chest,Shoulders; Triceps; Core; Quadriceps,Bodyweight,Cardio,advanced,5.04,swim sprint intervals; freestyle sprint; swimming; anaerobic; cardio; intervals,Drives the anaerobic contribution that short freestyle events depend on.; Produces higher blood lactate than a continuous swim of comparable distance.; Trains speed and turnover under fatigue while remaining a non-impact activity.,"Sprint sets inside a swim or triathlon interval builder.; Intensity ladders that need drill, steady and sprint swimming clips side by side.; Performance content on stroke rate and stroke length trade-offs.; Testing protocols that use short maximal repeats as a benchmark.","1. Warm up with easy swimming and a few build efforts before the first sprint repeat. ; 2. Start each repeat from the wall and accelerate to full speed within the first few strokes. ; 3. Hold a high stroke rate while still pressing the hand and forearm straight backward on every stroke. ; 4. Keep the head steady and breathe as little as the distance allows without losing form. ; 5. Finish the repeat at full effort into the wall rather than easing off over the last meters. ; 6. Take the full prescribed rest, then repeat for the planned number of sprints.","Letting stroke length collapse as rate climbs, which raises effort without raising speed.; Cutting the rest short, which turns a sprint set into a moderate threshold swim.; Breathing every stroke through a short sprint, which disrupts body position and slows the swim.; Sprinting before the shoulders are warm, which loads the pull muscles hard from cold.","Short maximal freestyle repeats with fixed rest, swum at a stroke rate no continuous swim can sustain.","Swim sprint intervals are full stroke freestyle at maximum effort over short repeats. A studied set of four by fifty meters with two minutes rest produced blood lactate around fourteen to fifteen millimoles per liter, well above the ten to twelve seen in a single hundred meter swim.

That is what makes the format hard to hold together. The propulsive muscles of the pull, latissimus dorsi, pectoralis major and triceps brachii, are the ones that fatigue first, and underwater EMG reviews find upper body fatigue during repeated hard efforts while leg activity stays comparatively stable.

As an asset this clip carries the high intensity end of a swimming set. It gives triathlon and masters programs a sprint reference distinct from drill clips, and gives interval builders a pool sprint loop.",posters/swim-sprint-intervals.webp,swim-sprint-intervals.mp4
tate-press,,Tate Press,Triceps,Shoulders; Chest,Dumbbell,Isolation,beginner,4.87,tate press; triceps; dumbbell; isolation; arms; accessory,"Isolates the triceps at an elbow angle standard extensions do not cover.; Adds triceps volume without loading the shoulder joint overhead.; Light loads produce high tension, so it suits high-rep accessory work.",Triceps accessory slot in a hypertrophy program builder.; Bench press support work in a powerlifting app.; Arm day entry for libraries filtered to dumbbells only.; Technique content contrasting it with skull crushers and kickbacks.,"1. Sit on a flat bench with a dumbbell in each hand and lie back, keeping the weights close to your chest. ; 2. Press the dumbbells to lockout with a pronated grip and the inner ends touching. ; 3. Brace your abdominals and keep your ribcage down against the bench. ; 4. Bend the elbows and let them flare out to the sides, lowering the dumbbell ends toward your chest. ; 5. Stop when the dumbbells touch the chest, then extend the elbows to press back to lockout. ; 6. Squeeze the triceps at the top and repeat for your target reps.","Letting the dumbbells separate, which removes the inward pressure the movement depends on.; Arching the lower back to help the press, which loads the spine and shortens the working range.; Going too heavy, which turns the flared elbow path into a shoulder-stressing partial press.; Dropping the weights fast, which skips the eccentric where most of the triceps tension sits.","Supine dumbbell press with the elbows flared out, lowering the dumbbell ends toward the chest.","The Tate press loads the triceps through elbow extension at an unusual angle. Lying on a flat bench with a pronated grip, you keep the dumbbells touching and lower their inner ends toward the chest by letting the elbows flare out to the sides, then press back to lockout. It is an isolation movement for the triceps, and keeping the ribcage down is what stops the lumbar spine overextending, with the front delts and chest offering secondary support.

As a catalog asset this is the kind of specific accessory that makes an exercise library feel complete rather than generic. Powerlifting and arm-specialization programs call for it by name, and the flared elbow path is easy to get wrong from a static image, so the animation carries real instructional weight.",posters/tate-press.webp,tate-press.mp4
tempo-run,,Tempo Run,Quadriceps; Glutes; Calves,Hamstrings; Core,Machine,Cardio,intermediate,9.87,tempo run; threshold run; lactate threshold; running; cardio; endurance,"Improves the ability to clear lactate, which raises the pace that can be sustained.; Delivers a large aerobic stimulus without the recovery cost of maximal interval work.; Recruits faster motor units at a moderate metabolic intensity, avoiding excessive fatigue.",Threshold session assets in a running plan builder.; Middle-intensity slot in a library that also carries easy and interval running clips.; Coaching content on pacing and perceived effort at threshold.; Race-preparation blocks for half marathon and longer distances.,"1. Warm up with easy running for several minutes until breathing has lifted. ; 2. Lift the pace gradually into an effort you could hold for around twenty to thirty minutes. ; 3. Settle into a rhythm where speech is limited to short phrases rather than sentences. ; 4. Run tall with the hips forward and a relaxed upper body, keeping cadence even. ; 5. Hold that single effort for the full block instead of surging and backing off. ; 6. Ease down into an easy jog once the tempo block is finished.","Running the tempo at interval pace, which turns a sustainable effort into a session you cannot finish.; Surging and easing repeatedly, which breaks the steady lactate balance that makes the session work.; Extending the block too quickly week to week, which outpaces the gradual progression the adaptation depends on.; Skipping the warm-up, so the first minutes are spent finding the pace rather than holding it.","A sustained run at threshold effort, fast enough to be uncomfortable but slow enough to hold for a while.","A tempo run sits at the pace where lactate production and clearance balance. The lactate threshold is the fastest steady state a runner can hold without fatiguing, and continuous threshold work is normally built from about ten minutes toward thirty. Reviews of distance running training put that zone at roughly two to four and a half millimoles per liter of blood lactate.

The mechanics are ordinary running held at an unusually disciplined effort. The vastus group, gluteal muscles and plantar flexors do the same work they do at every pace, and the adaptation targeted is improved lactate clearance rather than top-end speed.

In a catalog this clip is the middle rung of a running family, giving threshold sessions a distinct asset between easy and interval running.",posters/tempo-run.webp,tempo-run.mp4
tibialis-raise,,Tibialis Raise,Tibialis,,Bodyweight,Isolation,beginner,8.04,tibialis raise; tibialis anterior; shins; dorsiflexion; bodyweight; lower leg,"Strengthens dorsiflexion, which controls foot landing during walking and running.; Commonly used to reduce shin splint risk in runners.; Needs nothing but a wall, so it fits any home or travel program.",Lower-leg accessory block in a running or endurance app; Shin and knee prehab flow in a physio-adjacent program; Warm-up screen for ankle range of motion; Bodyweight exercise-library entry for home training content,1. Stand with your back and heels flat against a wall. ; 2. Walk your feet a step forward so your body leans back slightly against the wall. ; 3. Brace lightly and keep your knees straight and your heels pinned to the floor. ; 4. Lift your toes and forefeet toward your shins as far as they will travel. ; 5. Pause at the top where the front of the shin is fully contracted. ; 6. Lower the toes back to the floor slowly under control and repeat.,"Letting the heels lift, which turns the movement into a rock rather than a dorsiflexion rep.; Bending the knees to gain range, which takes the work off the shin.; Dropping the toes fast, which skips the eccentric phase that gives the exercise its point.; Standing too close to the wall, which removes the lean and most of the resistance.",Wall-supported shin raise that lifts the toes toward the shin to load the tibialis anterior.,"The tibialis raise trains dorsiflexion, the action that lifts the foot and controls it back to the ground on every step. Standing with your back and heels against a wall and your feet a step forward, you lift the toes and forefoot as high as they will go and lower them slowly. The wall-supported version is an effective builder for the muscle and responds to two to three sets of fifteen to twenty-five reps. It is beginner-level isolation work, and runners prone to shin splints are a group that commonly benefits from it.

For a catalog this is a small clip with outsized demand. Running apps, knee and shin rehab content and lower-leg accessory blocks all need it, and it is missing from most stock exercise libraries.",posters/tibialis-raise.webp,tibialis-raise.mp4
toes-to-bar,,Toes-to-Bar,Core,Back; Forearms; Shoulders; Quadriceps,Bodyweight,Core,advanced,6.67,toes to bar; core; abs; hanging; bodyweight; crossfit,Trains trunk flexion and midline control through a very long range.; Builds grip and forearm endurance as a by-product of the hang.; Develops scapular control and shoulder stability under load.,Advanced core entry in a CrossFit or calisthenics exercise library.; Top step in a hanging leg-raise progression ladder.; Skill-work block in a gymnastics-influenced program.; Technique content on strict versus kipping variations.,"1. Grip a pull-up bar slightly wider than shoulder width and hang with the arms straight. ; 2. Pull your shoulder blades down and back into an active hang and point your toes. ; 3. Push your palms into the bar so your head travels slightly behind your arms. ; 4. Brace hard and raise straight legs in front of you, keeping the ribs down. ; 5. Finish by driving the toes up to touch the bar between your hands. ; 6. Lower the legs under control to the hang without letting the body swing.","Swinging into each rep, which replaces core work with momentum and destroys the hang position.; Failing to set the shoulder blades before lifting, which leaves the scapulae unsupported under load.; Bending the knees to reach the bar, which quietly turns the movement into a knee raise.; Attempting it before straight-leg hanging raises are solid, which is where lower back strain comes from.","Hanging from a bar, you raise straight legs overhead until the toes touch the bar, then lower them.","Toes-to-bar is the top of the hanging leg-raise progression. From an active hang you pull back slightly on the bar, flex everything and drive straight legs up until the toes touch, then lower under control. The rectus abdominis and hip flexors are the prime movers with the lats, forearms and scapular stabilizers supporting, which puts the movement in intermediate to advanced territory. It sits above the bent-knee and straight-leg hanging raises on the progression ladder.

In a product library this clip is what CrossFit and calisthenics apps come looking for, and it also anchors a progression ladder: pair it with hanging knee and leg raises so a program can route a user to the right step instead of prescribing a movement they cannot complete.",posters/toes-to-bar.webp,toes-to-bar.mp4
towel-slide-leg-curl,,Towel Slide Leg Curl,Hamstrings,Glutes; Calves; Core,Bodyweight,Isolation,beginner,5.04,towel slide leg curl; hamstrings; slider; bodyweight; bridge; home workout,"Loads the hamstrings eccentrically with nothing but a towel and a floor.; Holds the glutes in hip extension for the whole working set.; Self-limiting, so form breaks down before the load becomes risky.",Travel and hotel workout blocks in a mobile app.; Activation sequence run before lower body sessions.; Beginner posterior chain entry in a program builder.; Eccentric hamstring demo for catalogs with no machine assets.,1. Lie on your back with a folded towel under each heel on a smooth floor. ; 2. Bend your knees slightly and rest your arms on the floor beside you. ; 3. Press through your heels and lift your hips until your body forms a line. ; 4. Slide both heels in toward your glutes while keeping the hips high. ; 5. Push the heels back out slowly until the legs are almost straight. ; 6. Hold the hips up throughout and repeat for the prescribed reps.,"Dropping the hips on the way out, which removes the hamstring load entirely.; Sliding out fast, which skips the eccentric that makes the exercise worth doing.; Trying it on carpet, where the towels grip and the slide stalls halfway.; Pushing through the toes, which lets the calves take over the slide.","A supine bridge with the heels on towels, sliding them toward the hips and back out under hamstring control.","The towel slide leg curl is the floor version of the ball curl. You lie on your back with a folded towel under each heel, bridge your hips up, then slide the heels toward your glutes and push them back out while the hips stay lifted. Any slick surface works, which is why the same movement shows up under slider, valslide and paper-plate names. The same pattern is usually taught with sliding discs, and it is self-limiting: the hips drop long before the hamstrings are dangerously overloaded.

For a library this is the zero-equipment hamstring clip. It fits travel and home program blocks, warm-up and activation sequences, beginner posterior chain templates, and content that needs to show eccentric hamstring work without a machine or a partner.",posters/towel-slide-leg-curl.webp,towel-slide-leg-curl.mp4
trail-run,,Trail Run,Quadriceps; Glutes; Calves,Hamstrings; Core,Bodyweight,Cardio,advanced,9.33,trail run; off road running; hill running; running; cardio; endurance,"Alternates concentric climbing work with eccentric braking, which flat running never does.; Loads ankle and hip stabilizers continuously because the terrain never repeats.; Raises cardiovascular cost on climbs while lowering oxygen demand on descents, varying the stimulus.","Trail and ultra running programs that need an off-road specific asset.; Content on eccentric strength and downhill running preparation.; Running libraries that distinguish surface and terrain, not just intensity.; Adventure and outdoor fitness apps building varied-terrain sessions.","1. Scan the ground a few steps ahead rather than looking directly down at your feet. ; 2. Shorten your stride and lift cadence as the gradient steepens so each step stays controlled. ; 3. Lean forward from the ankles on the climbs and drive the hips through on each push-off. ; 4. Use the arms wider than usual for balance across roots, rocks and uneven footing. ; 5. On descents, keep the feet quick and light and let the knees absorb the landing under you. ; 6. Ease back onto an even rhythm whenever the terrain flattens out, then repeat as the trail changes.","Overstriding on descents, which increases braking force and loads the knee extensors eccentrically.; Running downhill sections at race effort in training, which produces muscle damage that lasts for days.; Holding flat-ground stride length uphill, which raises effort without producing more forward speed.; Watching your feet instead of the trail ahead, which leaves no time to choose a line on uneven ground.","Running over uneven off-road terrain with constant gradient changes, alternating climbing and braking.","Trail running is defined by slope, not surface alone. Uphill sections raise activity in gastrocnemius, vastus lateralis, rectus femoris, gluteus maximus and the hamstrings, and runners raise cadence about four to five per cent while shortening stride. Downhill sections invert the demand: knee extensors work eccentrically to absorb energy and impact forces rise sharply, which is why descending carries most of the injury risk.

Posture shifts with the gradient too. Slope running studies record forward trunk lean and reduced erector spinae activity going up, and backward lean with increased lumbar lordosis coming down.

For a catalog this is the off-road running asset. It gives trail and ultra programming a clip that is visibly not treadmill running.",posters/trail-run.webp,trail-run.mp4
trap-bar-deadlift,,Trap Bar Deadlift,Hamstrings; Glutes; Quadriceps,Back; Trapezius; Core; Forearms,Barbell,Hinge,beginner,5.6,trap bar deadlift; hex bar; deadlift; hip hinge; hamstrings; barbell,"Produces greater peak force, velocity, and power than a straight bar at the same load.; Lowers the demand on the lumbar spine and hip compared with a conventional deadlift.; Teaches a hinge quickly because the neutral handles need less mobility.",Beginner strength tracks and first deadlift progressions in a training app.; Athletic power development blocks for team sport athletes.; Hinge pattern teaching content and form comparison articles.; Barbell collection pack merchandising alongside conventional deadlifts.,"1. Step inside the trap bar so the handles sit beside your hips, feet about hip width apart. ; 2. Send the hips backward and fold at the waist until the handles are within reach. ; 3. Take a neutral grip with your armpits directly over the handles and your shins near vertical. ; 4. Pull the slack out of the bar, brace your trunk, and squeeze your lats. ; 5. Drive through the whole foot and extend your knees and hips together until you stand tall. ; 6. Reverse the hinge and return the bar to the floor under control.","Starting with the hips too low, which turns the lift into a squat and stalls it at the knees.; Letting the shoulders drift behind the handles, which drags the bar into the shins.; Rounding the upper back to reach the handles instead of hinging to them.; Yanking the bar off the floor before the slack is out, which spikes load on the lower back.","A loaded hip hinge pulled from inside a hexagonal bar, with neutral handles sitting level with the hips.","The trap bar deadlift lets you stand inside the bar and grip neutral handles at your sides, so the load sits closer to your center of mass than a straight bar allows. Biomechanical comparison of the two bars found the hexagonal version cut the peak resistance moments recorded at the lumbar spine, hip and ankle while raising the one at the knee, and it delivered more peak force, velocity and power across matched submaximal loads. In practice that makes it a hinge with more quadriceps involvement and less lower back demand, which is why it is so often the first deadlift taught.

For a library this clip is the accessible deadlift asset. It suits beginner strength tracks, athletic power testing content, and any program builder that needs a hinge option for people who are not ready to pull from a straight bar.",posters/trap-bar-deadlift.webp,trap-bar-deadlift.mp4
trap-bar-shrug,,Trap Bar Shrug,Trapezius,Shoulders,Barbell,Isolation,beginner,9.87,trap bar shrug; shrug; trapezius; traps; upper back; isolation,Loads the upper traps directly with the shortest possible movement.; Neutral grip keeps the load beside the body and off the thighs.; Simple to coach and easy to progress with small load jumps.,Trap and neck accessory blocks in strength app programming.; Equipment filtered library entries covering trap bar work.; Posture and upper back content for coaching platforms.; Pull-day finisher slots in program builder templates.,1. Set the trap bar on rack safeties just below waist height and load it. ; 2. Step inside the frame and take the handles with a neutral grip. ; 3. Stand tall with a neutral spine and let the bar hang at arm's length. ; 4. Lift your shoulders straight up toward your ears with the elbows kept straight. ; 5. Hold the top for a beat and keep your head from pushing forward. ; 6. Lower the shoulders under control to a full hang and repeat.,"Bending the elbows to help the bar up, which turns the shrug into a partial row.; Rolling the shoulders around the top, which stresses the joint without adding trap work.; Jerking the load with the hips and neck, which risks the neck for no extra tension.; Stopping short of a full hang, which cuts out the range where the traps lengthen.","Neutral grip shrug with a trap bar, loading the upper trapezius through straight scapular elevation.","The trap bar shrug puts you inside the frame with a neutral grip, so the load hangs beside the body instead of in front of it and the shoulders can elevate without the bar dragging across the thighs. The single joint action is scapular elevation, driven by the upper trapezius with the deltoids holding the arms in place; surface EMG work on trapezius exercises found the shoulder shrug produced the highest upper trapezius activity. Because the range is short, the useful cues are a neutral neck, a controlled top hold and no ballistic jerking.

As an asset this clip covers a trap slot that plain barbell shrugs do not show well: the neutral grip and the frame around the lifter are visually distinct, which matters in an equipment filtered library and in pull-day or strongman flavoured program content.",posters/trap-bar-shrug.webp,trap-bar-shrug.mp4
treadmill-run,,Treadmill Run,Quadriceps; Glutes; Calves,Hamstrings; Core,Machine,Cardio,beginner,3.47,treadmill run; indoor running; cardio machine; running; cardio; gym,"Sets pace and gradient exactly, which makes interval and tempo prescriptions repeatable.; Produces energy expenditure at the top of the range measured across ten indoor cardio machines.; Reproduces overground running mechanics closely enough for most training and coaching purposes.",Default indoor running asset in a machine collection or equipment filter.; Guided-run content where speed and incline are prescribed numerically.; Gym-based program blocks that cannot assume outdoor access.; Comparison content on treadmill versus overground running mechanics.,"1. Stand on the side rails, start the belt at a walking speed, and step on once it is moving steadily. ; 2. Build to your running speed in stages rather than jumping straight to the target pace. ; 3. Run in the middle of the belt with the torso tall and the gaze forward, not down at the console. ; 4. Let the arms swing freely instead of holding the rails, so the stride stays natural. ; 5. Land under the hips with a quick cadence rather than reaching for the front of the belt. ; 6. Slow the belt gradually at the end and walk for a minute before stepping off.","Holding the handrails while running, which alters posture and unloads the stride.; Looking down at the belt, which rotates the body forward and weakens running posture.; Drifting to the back of the belt, which forces a rushed stride and risks stepping off the edge.; Stepping straight onto a fast-moving belt, which is where most treadmill falls happen.","Running on a motorized treadmill at a set speed and incline, with pace controlled by the machine.","Treadmill running reproduces overground gait closely. A meta-analysis of cross-over studies found spatiotemporal, kinematic, kinetic and muscle activity measures largely comparable between motorized treadmill and overground running, with small differences: foot-ground angle at footstrike about ten degrees lower and vertical displacement roughly one and a half centimeters less.

The working muscles are the same ones that carry any run: the vastus group at the knee, gluteal muscles at the hip, and soleus and gastrocnemius through push-off. What differs is control, since speed and gradient are set by the machine rather than by feel.

As an asset this clip is the indoor running default, belonging in machine collections and giving an indoor counterpart to the outdoor running clips in the same library.",posters/treadmill-run.webp,treadmill-run.mp4
underhand-barbell-row,,Underhand Barbell Row,Back,Trapezius; Biceps; Core,Barbell,Pull,intermediate,8.27,underhand barbell row; reverse grip row; back; lats; barbell; horizontal pull,Underhand grip keeps the elbows in and biases the lats.; Trains a full hinged row pattern with heavy loadable equipment.; Builds the trunk and hip position control that free rowing demands.,Pull day barbell blocks in strength app programming.; Grip comparison content set against an overhand row clip.; Barbell only tracks for home gym users.; Lat biased row option in a back category browser.,1. Load a barbell and stand with your feet about shoulder width behind it. ; 2. Push your hips back with soft knees and hinge until your torso is near 45 degrees. ; 3. Take an underhand grip slightly wider than your shoulders and set a flat back. ; 4. Pull the bar to your lower ribs with the elbows tracking close to your sides. ; 5. Squeeze your shoulder blades together at the top without standing up. ; 6. Lower the bar to straight arms under control and repeat.,"Rounding the lower back to reach the bar, which concentrates load on the lumbar spine.; Rising out of the hinge on each rep, which turns the row into a partial deadlift.; Curling the bar up with the arms, which leaves the lats and mid-back underloaded.; Jerking the weight with hip drive, which replaces back tension with momentum.","Bent-over barbell row taken with an underhand grip, which tucks the elbows and favors the lats.","The underhand barbell row is a hinged row with the palms turned up. The supinated grip keeps the elbows close to the ribs, so the shoulders extend rather than pulling out wide, and the lats take more of the load than they do in a flared overhand row. The middle and lower trapezius and rhomboids still work through scapular retraction, the biceps assist more than in a pronated row, and the trunk holds the hinge: free bent-over rowing was measured as the highest lumbar spine load of the common rowing variations.

For an asset library this is the grip variation clip. Paired with a pronated row it makes grip differences visible in explainer content, and it gives program builders a lat-biased barbell row for pull days without adding another piece of equipment.",posters/underhand-barbell-row.webp,underhand-barbell-row.mp4
v-up,,V-Up,Core,Quadriceps,Bodyweight,Core,intermediate,8.27,v up; core; abs; bodyweight; obliques; home workout,Works the upper and lower abdominals in one coordinated rep.; Improves trunk control and balance without any equipment.; Scales easily by bending the knees or shortening the range.,Core finisher in a bodyweight or HIIT circuit; Rep-counted screen in an interval timer app; Ab-focused block in a home workout program; Bodyweight exercise-library entry for beginner-to-intermediate users,"1. Lie flat on your back with your arms extended overhead and your legs straight. ; 2. Point your toes, brace your abdominals and lift your feet a few inches off the floor. ; 3. Exhale and raise your torso and legs at the same time, keeping both straight. ; 4. Reach your hands toward your shins at the top so the body forms a V. ; 5. Inhale and lower your torso and legs together under control. ; 6. Stop with the feet just above the floor to keep tension, then start the next rep.","Rounding the back and shoulders at the top, which loads the lumbar spine instead of the abdominals.; Swinging the arms to generate lift, which replaces core work with momentum.; Resting the feet on the floor between reps, which drops tension and makes each rep a fresh start.; Bending the knees to reach the top position, which shortens the lever and reduces the demand.",Supine core rep that lifts the torso and straight legs at once until the body folds into a V shape.,"The V-up folds the body at the hips in one movement. From flat on your back with the arms overhead, you exhale and raise the torso and straight legs together so the hands meet the shins and the body forms a V, then lower without letting the feet touch down. The rectus abdominis and both sets of obliques are the working muscles, with the hip flexors, adductors and quadriceps assisting the leg lift. Rounding the back or swinging the arms shifts load off the abdominals and onto the lumbar spine.

As a catalog asset the V-up is high-volume inventory: bodyweight circuits, HIIT timers, ab-focused programs and home workout content all use it, and it needs no equipment in frame, so the clip drops into any visual context without looking out of place.",posters/v-up.webp,v-up.mp4
versaclimber,,VersaClimber,Quadriceps; Glutes; Back,Shoulders; Core; Calves; Biceps,Machine,Cardio,intermediate,5.87,versaclimber; vertical climber; cardio machine; low impact; climbing; conditioning,"Trains upper and lower body at once in a contralateral pattern, which few cardio machines do.; Delivers high intensity work with no landing impact through the joints.; Scales through stride length and resistance, so the same machine covers steady and interval work.",Machine-collection listings that want a vertical climbing option.; Low-impact high intensity blocks in a conditioning program.; Boutique studio content built around climbing machines.; Cross-training assets for programs that avoid running impact.,"1. Step onto the pedals and place one foot in each, keeping your body close to the column. ; 2. Take a handle in each hand at a comfortable height with a slight bend in the elbows. ; 3. Set a short stride length to start, so the pattern stays smooth before you lengthen it. ; 4. Drive the right foot down as the left hand pulls down, keeping the movement contralateral. ; 5. Reverse the pattern immediately so the left foot and right hand drive on the next stride. ; 6. Hold the rhythm for the planned duration, then shorten the stride and slow down before stepping off.","Leaning away from the column, which pulls the body out of line and shortens the leg drive.; Starting with a long stride, which breaks rhythm before the pattern is learned.; Pulling only with the arms, which wastes the leg drive that makes vertical climbing efficient.; Setting resistance so high that the stride slows, which turns a cardio piece into slow grinding.","Vertical climbing on a fixed track, driving alternating arms and legs through a continuous upward stride.","The VersaClimber moves you through a vertical climbing pattern rather than a horizontal one. Feet sit in pedals and hands hold sliding grips, and the machine is driven by alternating limbs so one arm pulls down as the opposite leg pushes down. The demand is shared between the lower body and the upper body working together, with the core holding position between them.

Stride length and resistance set the intensity. Short fast strides push the session toward cardiovascular work, longer loaded strides toward muscular endurance, and both can be programmed as intervals or a longer continuous climb.

For a catalog the VersaClimber is a differentiator. Very few libraries carry vertical climbing at all, so this clip fills a genuine gap in machine collections and low-impact conditioning content.",posters/versaclimber.webp,versaclimber.mp4
wall-ball,,Wall Ball,Quadriceps; Glutes; Shoulders,Hamstrings; Core; Triceps; Calves,Bodyweight,Squat; Plyometric,intermediate,6.93,wall ball; medicine ball; squat throw; power; conditioning; full body,"Combines a full squat with an explosive overhead throw, training power through the whole chain.; Raises heart rate quickly, so it doubles as conditioning as well as strength work.; Improves coordination and throwing accuracy because every repetition has a target to hit.","Functional fitness and circuit content where wall balls are a standard station.; Power blocks in a strength program that need a full-body throw.; Conditioning finishers measured by repetitions in a fixed time.; Class builders that need one asset covering squat, press and cardio demand.","1. Stand about two feet from the wall with your feet shoulder-width apart and toes slightly turned out. ; 2. Hold the ball at chest height with the elbows tucked under it and your chest tall. ; 3. Squat down until your thighs are at least parallel, keeping the heels flat and the torso upright. ; 4. Drive up hard through the legs and use that momentum to launch the ball at the wall target. ; 5. Extend the arms fully at the top of the throw so the release comes from the whole body. ; 6. Catch the ball on the rebound and absorb it by dropping straight into the next squat.","Pressing the ball with the arms alone, which drops the target height and wastes the leg drive.; Cutting the squat short, which removes most of the power the movement is supposed to generate.; Catching the ball with straight arms, which sends the impact into the elbows and shoulders.; Starting with a heavy ball, which breaks the squat pattern before the throw is consistent.","A front squat into an explosive overhead throw against a wall target, caught on the rebound and repeated.","The wall ball links a squat to a throw. You hold a weighted ball at chest height about two feet from the wall, squat until the thighs are at least parallel, then drive up and release the ball toward a target roughly eight to twelve feet high. The catch loads the next repetition. Quadriceps and glutes generate the drive, shoulders and triceps finish the throw, and the trunk holds the torso upright.

Intent changes the prescription. Use a light ball for three to five repetitions for power, a heavier ball for six to eight for strength, and maximum repetitions in thirty seconds for conditioning.

For a library this clip earns its place as a hybrid asset, sitting in strength, power and conditioning collections at once and working as a full-body demo in circuit builders.",posters/wall-ball.webp,wall-ball.mp4
wall-sit,,Wall Sit,Quadriceps,,Bodyweight,Isolation,beginner,5.33,wall sit; quad exercise; isometric; bodyweight; home workout; leg day,Builds quad endurance and isometric strength with no equipment.; Reinforces a strong knee-over-ankle position under sustained load.; Trains mental grit and breath control under physical fatigue.,Leg-day finishers in bodyweight fitness apps; Home-and-travel workout programming with no equipment; Athletic-prep isometric blocks in performance tracks; Quad-endurance benchmark tests in coaching platforms,"1. Stand with your back flat against a smooth wall and your feet about two feet out from the wall. ; 2. Slide down the wall by bending the knees until your thighs are parallel to the floor. ; 3. Set your feet roughly shoulder-width apart with your knees stacked over your ankles. ; 4. Press your lower back firmly into the wall and rest your arms relaxed at your sides or out in front. ; 5. Hold the position with steady breathing as the quads burn, keeping the knees in line with the toes. ; 6. Stay in the hold for 30 to 60 seconds, then slowly slide back up the wall to stand.","Setting the feet too close to the wall so the knees travel far past the toes, which overloads the joint.; Letting the lower back peel off the wall as fatigue sets in, which removes the quad isolation.; Letting the knees cave inward as the hold gets hard, which strains the joint.; Holding the breath to push through the burn, which spikes blood pressure unnecessarily.",An isometric squat hold against a wall that builds quad endurance and mental grit — the classic equipment-free leg burner.,"The wall sit is a pure isometric hold that builds quad endurance with zero equipment. Standing with the back flat against a wall, the lifter slides down until the thighs are parallel to the floor, then holds the position for time. There's no movement, no equipment, no excuses — just the quads burning under sustained tension.

For app and content use, this clip is a staple finisher for leg-day workouts, an easy bodyweight inclusion for home-and-travel programming, and a strong piece for athletic-prep tracks where isometric strength matters. It also works as a benchmark test for quad endurance in coaching platforms.

",posters/wall-sit.webp,wall-sit.mp4
weighted-pull-ups,,Weighted Pull Ups,Back,Biceps; Shoulders; Trapezius; Core,Bodyweight,Pull,advanced,7.73,weighted pull up; pull up; lats; back; vertical pull; dip belt,Extends vertical pull progression once bodyweight reps are no longer challenging.; Keeps the lats as prime mover while raising the absolute load.; Trains bracing under load because the extra weight punishes swinging.,Advanced tiers of a vertical pull progression in a training app.; Strength program templates that prescribe added load on pull-ups.; Calisthenics and hybrid content that shows loading options.; Bodyweight library entries needing a loaded progression clip.,"1. Load a dip belt with the prescribed weight and fasten it around your waist. ; 2. Take an overhand grip on the bar slightly wider than your shoulders and hang with straight arms. ; 3. Brace your abs and squeeze your glutes so the load stops swinging. ; 4. Depress your shoulder blades, then drive your elbows down until your chin clears the bar. ; 5. Pause at the top with the lats fully shortened and the neck neutral. ; 6. Lower under control to near full arm extension and repeat.","Kipping the load up with the hips, which converts a strength rep into a swing.; Overextending the lower back to shorten the range, which loads the spine instead of the lats.; Adding weight before strict bodyweight reps are solid, which forces partial range reps.; Dropping into the bottom position, which puts the loaded stretch on the shoulders without control.","Pull-up loaded with extra weight on a dip belt, adding resistance once bodyweight reps are easy.","The weighted pull-up is the standard overhand pull-up with external load hung from a dip belt, so progression continues after bodyweight reps stop being hard. Mechanics do not change: you depress the shoulder blades, drive the elbows down and pull the chin past the bar. Surface EMG of pull-ups recorded the latissimus dorsi far above every other muscle measured, with the biceps brachii and infraspinatus next, then the lower trapezius, pectoralis major, erector spinae and external oblique, which is why the trunk has to stay braced rather than swinging.

For a library this clip is the loaded end of the vertical pull progression. It closes the gap between an assisted pull-up and a bar-only rep in a strength app, and it gives program builders a demo for prescribed added load in pull-day templates.",posters/weighted-pull-ups.webp,weighted-pull-ups.mp4
wide-grip-barbell-bench-press,,Wide-Grip Barbell Bench Press,Chest,Triceps; Shoulders,Barbell,Push,intermediate,6.13,chest; barbell; bench press; wide grip; push; compound,"Shortens the bar path, which some lifters use to keep pressing when a long range aggravates the shoulder.; Biases work toward the sternal chest rather than the triceps compared with a narrow grip.; Makes grip width a trainable variable, which is useful inside bench specialization blocks.",Chest specialization blocks in barbell strength programming.; Grip width comparison content for coaches and program builders.; Bench setup and scapular position technique libraries.; Barbell pressing entry in a browsable exercise catalog.,"1. Load a flat bench barbell and set the rack height so you can reach the bar with straight arms. ; 2. Lie back and take the bar well outside shoulder width, keeping it low in your palms. ; 3. Pinch your shoulder blades together and drive them into the bench, feet flat on the floor. ; 4. Unrack the bar with a spotter's help and let it settle over your chest. ; 5. Bring the bar down on a straight path toward the lower edge of your breastbone until it makes contact. ; 6. Press back up by driving your feet into the floor and extending your elbows, stopping short of lockout.",Going wider than your shoulders tolerate raises collarbone and shoulder joint loading for very little extra chest work.; Losing shoulder blade retraction increases rotator cuff demand and shoulder instability during the press.; Bouncing the bar off the chest hides how much range you actually control and shocks the shoulder joint.; Letting the wrists roll back puts the bar behind the forearm and turns a chest exercise into a wrist problem.,"Flat barbell bench press taken well outside shoulder width, shortening the range and loading the chest hard.","The wide-grip barbell bench press sets the hands well outside shoulder width, which shortens the bar path and increases the share of work done by shoulder adduction. Bench press EMG found that moving from wide to narrower grips increased triceps activity and decreased sternal pectoralis activity, so the wide grip favors the chest over the elbow extensors.

The trade-off is joint load. Musculoskeletal modeling shows wider grips raise acromioclavicular compression and glenohumeral reaction force, and that scapular retraction reduces rotator cuff demand.

As an asset this clip lets a catalog treat grip width as a real programming variable, supporting barbell filters, chest specialization blocks and technique content on bench setup.",posters/wide-grip-barbell-bench-press.webp,wide-grip-barbell-bench-press.mp4
wide-grip-barbell-curl,,Wide-Grip Barbell Curl,Biceps,Forearms,Barbell,Isolation,beginner,8,wide grip barbell curl; biceps; barbell; curl; arms; isolation,Trains the inner part of the biceps that a shoulder-width grip works less.; Adds a low-cost variation to arm blocks that already use standard curls.; The fixed bar keeps both arms moving on exactly the same path.,"Arm specialization blocks that rotate curl grip width.; Wide grip curl variation in a barbell filtered library.; Grip-width rotations across a training mesocycle.; Comparison content on narrow, standard and wide curls.",1. Load a barbell and stand upright with your feet about hip-width apart. ; 2. Grip the bar palms up with your hands set wider than your shoulders. ; 3. Let the bar rest across your thighs with your elbows straight. ; 4. Pin your elbows to your sides and curl the bar toward your chest. ; 5. Squeeze the biceps at the top without letting your elbows travel forward. ; 6. Lower the bar under control to full extension and repeat.,"Arching the back to swing the bar up, which trades biceps work for lumbar strain.; Letting the elbows flare out with the wide grip, which drags the shoulders into the lift.; Keeping the same load as a shoulder-width curl, which breaks form at the wrists.; Stopping short at the bottom, which cuts out the stretched half of the range.","A standing barbell curl with the hands set wider than the shoulders, shifting emphasis toward the inner biceps.","The wide-grip barbell curl is a standard curl with the hands placed outside shoulder width. The wider grip rotates the shoulders slightly outward and biases the inner portion of the biceps. Everything else stays strict: feet planted, torso rigid, elbows against the ribs and movement only at the forearms. Because the bar sits wider than usual the wrists take an unfamiliar angle, so most lifters work lighter here than on a shoulder-width curl.

For a library this is a grip variation buyers filter for by name once they already own the standard curl. It fits arm specialization blocks, barbell equipment filters, hypertrophy templates that rotate grip width across a mesocycle, and comparison content on narrow, standard and wide curling.",posters/wide-grip-barbell-curl.webp,wide-grip-barbell-curl.mp4
wide-grip-lat-pulldown,,Wide-Grip Lat Pulldown,Back,Biceps; Shoulders; Trapezius; Core,Cable Machine,Pull,beginner,9.07,wide grip lat pulldown; lat pulldown; lats; back; cable machine; vertical pull,"Loads a vertical pull in small steps for users without pull-up strength.; Keeps the lats as prime mover through a long overhead range.; Low skill and easy to coach, so it fits early program tiers.",Beginner back workouts in an app's machine based track.; Vertical pulling volume for users who cannot yet complete a bodyweight pull-up.; Physique focused blocks that chase lat width and pair pulldowns with rows.; Grip width explainer content built on sourced EMG findings.,"1. Attach a wide bar to the pulldown station and set the thigh pads snug. ; 2. Sit down and take an overhand grip clearly outside shoulder width. ; 3. Sit tall with braced abs and only a slight backward lean of the torso. ; 4. Depress your shoulder blades, then pull the bar toward your upper chest. ; 5. Stop when your elbows reach your torso and hold for a beat. ; 6. Let the bar rise under control to a full overhead stretch and repeat.","Swinging the torso back to move the bar, which shifts the work off the lats.; Arching the lower back at the top, which trades range for spinal extension.; Starting the pull with the arms, which lets the biceps limit the set.; Pulling the bar behind the neck, which forces the shoulders into an exposed position.","Seated cable pulldown taken wider than shoulder width, pulling the bar to the chest with the lats.","The wide-grip lat pulldown is a seated vertical pull with the hands set outside shoulder width on a cable stack. You depress the shoulder blades first, then flex the elbows and extend the shoulders to bring the bar toward the upper chest. The lats are the prime mover in every studied version; the biceps, posterior deltoid and middle and lower trapezius assist, and the abs stop the torso arching back. EMG across seven pulldown variants found no significant difference in lat activation between wide and narrow grips, so grip width is a comfort choice rather than a different target.

As an asset this is the default machine back clip most libraries need. It anchors beginner pull-day templates, sits in cable equipment filters, and gives explainer content a clean reference for scapular depression.",posters/wide-grip-lat-pulldown.webp,wide-grip-lat-pulldown.mp4
wide-grip-pull-up,,Wide-Grip Pull-Up,Back,Biceps; Shoulders; Trapezius; Core,Bodyweight,Pull,intermediate,7.47,wide grip pull up; pull up; lats; back; bodyweight; vertical pull,"Needs only a bar, so it fits home and outdoor program tracks.; Puts the lats in charge of a full overhead pulling range.; Scales in both directions with band assistance or added load.",Bodyweight and calisthenics tracks in a training app.; Middle rungs of a vertical pull progression ladder.; No-equipment program templates for home workout products.; Back category entries in an exercise library browser.,"1. Set an overhand grip on the bar noticeably wider than your shoulders. ; 2. Hang with straight arms so your arms and torso form a Y shape. ; 3. Brace your abs and squeeze your glutes to stop the legs swinging. ; 4. Depress your shoulder blades, then drive your elbows down toward the floor. ; 5. Pull until your chin clears the bar and the lats are fully shortened. ; 6. Lower under control to near full arm extension and repeat.","Kipping with the hips to clear the bar, which removes the lats from the work.; Arching the lower back instead of pulling higher, which shortens the range.; Stopping halfway down each rep, which skips the stretched position where strength is built.; Adding reps with a partial range rather than regressing to band or machine assistance.","Bodyweight pull-up with the hands set well outside shoulder width, pulling the chin over the bar.","The wide-grip pull-up is an overhand hang with the hands set clearly outside the shoulders, arms and torso forming a Y at the bottom. You depress the shoulder blades, drive the elbows toward the floor and pull until the chin clears the bar. The lats are the prime mover, supported by the trapezius, rhomboids, infraspinatus and teres minor, with the biceps and trunk muscles assisting; EMG of pull-ups put the latissimus dorsi well above every other measured muscle. A closer grip recruits the biceps and chest more, which is why the wide version tends to allow fewer reps.

In a library this is the strict bodyweight back clip. It carries no equipment dependency beyond a bar, so it fits home and outdoor program tracks, calisthenics content, and any progression ladder that ends in a loaded pull-up.",posters/wide-grip-pull-up.webp,wide-grip-pull-up.mp4
wide-grip-seated-cable-row,,Wide-Grip Seated Cable Row,Back; Trapezius,Shoulders; Biceps; Core,Cable Machine,Pull,beginner,7.2,wide grip seated row; cable row; upper back; rhomboids; trapezius; horizontal pull,Biases the mid-back and rear shoulder more than a close grip row.; Supported seated position keeps the lower back out of the lift.; Constant cable tension across the whole pulling range.,Upper back blocks in app delivered pull sessions.; Posture focused program tracks for desk-bound users.; Grip comparison content set against a close grip row clip.; Horizontal pulling that offsets weekly pressing volume in upper and lower splits.,"1. Attach a wide bar to a seated row station and set the load. ; 2. Sit with your feet on the plate, knees slightly bent, and take an overhand grip outside shoulder width. ; 3. Sit tall, brace your abs and pull your shoulder blades down away from your ears. ; 4. Row the bar to your upper abdomen with the elbows traveling out and back. ; 5. Squeeze the shoulder blades together for a beat with the torso still. ; 6. Extend the arms slowly to a full stretch without rounding your back and repeat.","Rocking the torso back and forth, which turns a back exercise into a hip movement.; Shrugging the shoulders toward the ears, which loads the upper traps instead of the mid-back.; Rounding the lower back on the return, which puts the lumbar spine under a stretched load.; Letting the weight stack pull the arms out fast, which loses tension at the end of the range.","Seated cable row taken on a wide bar, pulling to the upper abdomen with the elbows away from the ribs.","The wide-grip seated cable row is a horizontal pull from a low pulley with the hands set outside shoulder width. Because the elbows travel away from the ribs instead of tucking, the pull becomes transverse shoulder extension and the middle trapezius, rhomboids and rear deltoids take a larger share of the work than in a close neutral grip row, where the lats and rhomboids lead. The lats still contribute, the biceps assist, and the trunk stays upright with the shoulder blades depressed rather than shrugged toward the ears.

For a library this is the mid-back clip that pairs with a close-grip row. It gives program builders an upper back option on cable equipment, supports posture and pulling volume content, and shows a grip difference that is easy to see in a short loop.",posters/wide-grip-seated-cable-row.webp,wide-grip-seated-cable-row.mp4
wrist-roller,,Wrist Roller,Forearms,,Wrist Roller; Weight Plate,Isolation,beginner,4.68,wrist roller; forearms; grip strength; isolation; accessory; wrist flexion,Trains wrist flexion and extension continuously through a full winding range.; Builds grip endurance that transfers to heavy pulling work.; One set loads both the flexor and extensor sides of the forearm.,Forearm and grip accessory block in a strength program builder; Finisher slot in an arm-specialization app; Exercise-library entry for armwrestling or climbing-adjacent content; Deadlift and pulling support work in a powerlifting program,"1. Load a plate on the roller rope and let the rope hang fully unwound. ; 2. Stand with your feet about shoulder width and grip the roller with your palms facing down. ; 3. Extend both arms straight out in front of you at about shoulder height. ; 4. Wind the rope up by rotating one wrist at a time, keeping the arms and body still. ; 5. Continue until the plate reaches the bar, then reverse the rotation. ; 6. Unwind the rope under control until the plate returns to the floor.","Rocking the body or swinging the arms to help the wind, which takes the work off the wrists.; Letting the plate drop on the way down, which skips half the available work.; Dropping the arms toward the hips, which shortens the lever and makes the set easier than intended.; Loading heavy enough that the shoulders fail before the forearms do.",Hold a loaded roller at arms length and wind the rope up and down using only wrist rotation.,"The wrist roller is a handle with a rope and a hanging plate. You hold it out in front of you at shoulder height with the arms extended, then wind the rope up one wrist at a time until the weight reaches the bar, and unwind it the same way. It is beginner-level isolation for the forearms and nothing should move but the wrists. The wrist flexors and brachioradialis are the prime movers with the extensors and pronators supporting, which is why one set covers both sides of the forearm.

As a licensed clip this fills a gap most libraries leave open. Grip and forearm accessory blocks, armwrestling content and deadlift support programs all want it, and the winding action cannot be communicated with a still image.",posters/wrist-roller.webp,wrist-roller.mp4
yates-row,,Yates Row,Back,Trapezius; Biceps; Core,Barbell,Pull,intermediate,7.73,yates row; underhand row; barbell row; back; lats; horizontal pull,Shorter range and upright torso allow heavier loading than a full bent-over row.; Underhand grip keeps the elbows in and biases the lats.; Less time spent at full hip flexion than a horizontal torso row.,Bodybuilding style back blocks in an app's program library.; Named variation entries that broaden catalog coverage.; Torso angle comparison content against a bent-over row clip.; Barbell-only pull-day templates for home gym products.,"1. Load a barbell and stand with feet about shoulder width behind it. ; 2. Take an underhand grip a little wider than your shoulders. ; 3. Push your hips back and hinge only until your torso passes 45 degrees. ; 4. Keep your chest up, a slight arch in the lower back, and the knees soft. ; 5. Pull the bar to your lower abdomen with the elbows tracking past your ribs. ; 6. Lower the bar to straight arms under control and repeat without standing up.","Standing more upright each rep, which shrinks the range until the pull becomes a shrug.; Rounding the lower back to reach the bar, which loads the lumbar spine at its weakest position.; Curling the bar with the arms, which leaves the lats and mid-back underworked.; Loading for the shorter range and then jerking the bar with hip drive on every rep.","Underhand barbell row with the torso held just past 45 degrees, popularized by Dorian Yates.","The Yates row is a barbell row taken with an underhand grip and a more upright torso than a classic bent-over row, bent forward a little past 45 degrees with the chest up and a slight arch held in the lower back. The shallower angle shortens the range and lets you handle more load, while the supinated grip keeps the elbows close and drives shoulder extension, which is why lifters describe it as a lat focused row. The trapezius, rhomboids and biceps assist, and the hinge is still held by the trunk and hip extensors throughout the set.

As an asset this clip covers a named bodybuilding variation that programs and content still reference. It differentiates a catalog from generic row entries, works in pull-day templates, and pairs with a full bent-over row clip to show what the torso angle changes.",posters/yates-row.webp,yates-row.mp4
z-press,,Z Press,Shoulders,Triceps; Trapezius; Core; Chest,Dumbbell,Push,intermediate,7.47,z press; shoulders; overhead press; seated; core; strongman,Trains overhead pressing with no leg drive or bench support available.; Forces the trunk and hips to hold a tall seated position under load.; Exposes limited overhead range that a standing press can hide with a lean.,Overhead press variant in a strongman or strength program builder.; Shoulder block for athletes who overuse leg drive on standing presses.; Exercise-library entry filtered by seated or core-intensive pressing.; Assessment clip for overhead range of motion in coaching content.,"1. Sit on the floor with your legs straight out in front and your torso upright. ; 2. Take the weight at shoulder height with an overhand grip and your elbows in front. ; 3. Brace your abdominals, squeeze the glutes and tuck the chin slightly. ; 4. Press overhead until the elbows lock and the ears line up with your biceps. ; 5. Pause at lockout with the trunk still vertical. ; 6. Lower back to shoulder height under control without letting the torso lean back.","Leaning back to start the press, which turns it into an incline press and removes the core demand.; Letting the lower back round so the pelvis tips under, which blocks the overhead range.; Finishing with the weight in front of the head instead of over it, which loads the front of the shoulder.; Loading it like a standing press, which breaks the seated position immediately.","Overhead press performed seated on the floor with the legs straight, so the trunk gets no support.","The Z press removes every source of leg drive. You sit on the floor with the legs extended and the torso upright, then press overhead to full lockout and lower under control. Because there is no bench and no knee bend, the trunk and hips have to hold the position while the shoulders do the pressing, which makes it a shoulder lift with a large core demand. The shoulders are the target with the traps and triceps supporting, and the front deltoid is the prime mover.

For a catalog this is a differentiated overhead press asset: strongman and strength apps ask for it specifically, and the floor-seated position is instantly recognizable, so it reads as a distinct exercise rather than another shoulder press thumbnail.",posters/z-press.webp,z-press.mp4
zercher-squat,,Zercher Squat,Quadriceps; Glutes,Hamstrings; Core; Back; Biceps,Barbell,Squat,intermediate,9.87,zercher squat; barbell; quadriceps; squat; front loaded; strongman,"Removes direct axial spinal loading while still training a heavy squat pattern.; Forces an upright torso, which suits lifters who tend to pitch forward in a back squat.; Produces lower knee compressive force than an equivalent posterior loaded squat.",Advanced barbell and strongman tracks in a training app.; Squat option for lifters with shoulder or wrist restrictions.; Core under load and bracing technique content.; Barbell collection merchandising alongside front and back squats.,"1. Set the barbell in a rack at about waist height and step close to it. ; 2. Cradle the bar in the crooks of your elbows with your elbows around shoulder width. ; 3. Interlace your fingers with the knuckles facing up and stand tall with the bar close to your body. ; 4. Step back and take a stance slightly wider than your usual squat. ; 5. Break at the hips and descend with your chest up until your elbows reach the inside of your thighs. ; 6. Drive through the whole foot and stand back up, keeping the bar centered and tight to your torso.","Setting the bar off center, which makes it slide sideways in the elbows under load.; Holding the bar away from the body, which loads the lower back instead of the legs.; Placing the elbows too narrow or too wide, which loses the shelf that holds the bar.; Training the lift while fatigued, since a failed rep with the bar in the elbows is hard to dump safely.","A squat with the barbell cradled in the crooks of the elbows, which forces an upright torso under load.","The Zercher squat carries the bar in the crease of the elbows in front of the body. That front loading forces the torso upright and lets the lifter reach a deep knee bend, so the quadriceps and glutes take the drive while the trunk, upper back, and biceps work continuously to keep the bar from sliding forward. Biomechanical comparison of anterior and posterior loaded squats found the front loaded version produced lower knee compressive force while recruiting the same musculature, and the Zercher position removes direct axial load from the spine.

For a catalog this clip covers the strongman end of a barbell library. It suits advanced barbell tracks, core-under-load content, and program builders that need a squat for lifters who cannot rack a bar on the back or shoulders.",posters/zercher-squat.webp,zercher-squat.mp4
zottman-curl,,Zottman Curl,Biceps,Forearms,Dumbbell,Isolation,intermediate,5.33,zottman curl; biceps; forearms; dumbbell; grip strength; arms,"Trains the biceps and the forearm elbow flexors inside a single repetition.; The slow palms-down lowering builds grip and wrist strength.; Needs only a pair of dumbbells, so it fits home and travel setups.",Arm and grip blocks in a strength training app.; Dumbbell-only filter entry covering both elbow flexor groups.; Forearm development content for coaches and creators.; Time-efficient arm templates that pair biceps and forearm work.,"1. Stand upright with a dumbbell in each hand and your feet shoulder-width apart. ; 2. Let your arms hang at your sides with your palms facing forward. ; 3. Curl both dumbbells to your shoulders with your elbows pinned to your ribs. ; 4. Rotate your wrists at the top until your palms face the floor. ; 5. Lower the dumbbells slowly with the palms-down grip, taking three or four seconds. ; 6. Rotate back to palms up at the bottom and repeat.","Rotating halfway down instead of at the top, which loads the wrist rather than the forearm.; Racing the descent, which skips the pronated eccentric that defines the exercise.; Letting the elbows slide behind the body on the way down, which shortens the range.; Using standard curl weights, which makes the palms-down lowering impossible to control.","A dumbbell curl that lifts with the palms up and lowers with the palms down, training biceps and forearms in one rep.","The Zottman curl fuses two curls into a single rep. You lift with a supinated grip so the biceps handle the way up, rotate the hands to palms down at the top, then lower slowly with the pronated grip, which puts the forearm elbow flexors in charge of the descent. It is an intermediate level curl with the forearms as the secondary target. The rotation has to happen deliberately at the top rather than partway down, or the wrist rather than the forearm takes the load.

For a catalog this clip earns its place because the rotation is the whole exercise and a still image cannot show it. It suits arm and grip blocks, dumbbell-only home programs, forearm development content, and any library that wants a single movement covering both elbow flexor groups.",posters/zottman-curl.webp,zottman-curl.mp4
